OrderID;Land;Versender;Jahr;Durchlaufzeit_Tage;Verspaetet
10248;France;Federal Shipping;2016;12;0
10249;Germany;Speedy Express;2016;5;0
10250;Brazil;United Package;2016;4;0
10251;France;Speedy Express;2016;7;0
10252;Belgium;United Package;2016;2;0
10253;Brazil;United Package;2016;6;0
10254;Switzerland;United Package;2016;12;0
10255;Switzerland;Federal Shipping;2016;3;0
10256;Brazil;United Package;2016;2;0
10257;Venezuela;Federal Shipping;2016;6;0
10258;Austria;Speedy Express;2016;6;0
10259;Mexico;Federal Shipping;2016;7;0
10260;Germany;Speedy Express;2016;10;0
10261;Brazil;United Package;2016;11;0
10262;USA;Federal Shipping;2016;3;0
10263;Austria;Federal Shipping;2016;8;0
10264;Sweden;Federal Shipping;2016;30;1
10265;France;Speedy Express;2016;18;0
10266;Finland;Federal Shipping;2016;5;0
10267;Germany;Speedy Express;2016;8;0
10268;Venezuela;Federal Shipping;2016;3;0
10269;USA;Speedy Express;2016;9;0
10270;Finland;Speedy Express;2016;1;0
10271;USA;United Package;2016;29;1
10272;USA;United Package;2016;4;0
10273;Germany;Federal Shipping;2016;7;0
10274;France;Speedy Express;2016;10;0
10275;Italy;Speedy Express;2016;2;0
10276;Mexico;Federal Shipping;2016;6;0
10277;Germany;Federal Shipping;2016;4;0
10278;Sweden;United Package;2016;4;0
10279;Germany;United Package;2016;3;0
10280;Sweden;Speedy Express;2016;29;1
10281;Spain;Speedy Express;2016;7;0
10282;Spain;Speedy Express;2016;6;0
10283;Venezuela;Federal Shipping;2016;7;0
10284;Germany;Speedy Express;2016;8;0
10285;Germany;United Package;2016;6;0
10286;Germany;Federal Shipping;2016;9;0
10287;Brazil;Federal Shipping;2016;6;0
10288;Italy;Speedy Express;2016;11;0
10289;UK;Federal Shipping;2016;2;0
10290;Brazil;Speedy Express;2016;7;0
10291;Brazil;United Package;2016;8;0
10292;Brazil;United Package;2016;5;0
10293;Mexico;Federal Shipping;2016;13;0
10294;USA;United Package;2016;6;0
10295;France;United Package;2016;8;0
10296;Venezuela;Speedy Express;2016;8;0
10297;France;United Package;2016;6;0
10298;Ireland;United Package;2016;6;0
10299;Brazil;United Package;2016;7;0
10300;Italy;United Package;2016;9;0
10301;Germany;United Package;2016;8;0
10302;Belgium;United Package;2016;29;1
10303;Spain;United Package;2016;7;0
10304;Mexico;United Package;2016;5;0
10305;USA;Federal Shipping;2016;26;0
10306;Spain;Federal Shipping;2016;7;0
10307;USA;United Package;2016;8;0
10308;Mexico;Federal Shipping;2016;6;0
10309;Ireland;Speedy Express;2016;34;1
10310;USA;United Package;2016;7;0
10311;France;Federal Shipping;2016;6;0
10312;Germany;United Package;2016;10;0
10313;Germany;United Package;2016;10;0
10314;USA;United Package;2016;9;0
10315;UK;United Package;2016;7;0
10316;USA;Federal Shipping;2016;11;0
10317;USA;Speedy Express;2016;10;0
10318;UK;United Package;2016;3;0
10319;Mexico;Federal Shipping;2016;9;0
10320;Finland;Federal Shipping;2016;15;1
10321;UK;United Package;2016;8;0
10322;Mexico;Federal Shipping;2016;19;0
10323;Germany;Speedy Express;2016;7;0
10324;USA;Speedy Express;2016;2;0
10325;Germany;Federal Shipping;2016;5;0
10326;Spain;United Package;2016;4;0
10327;Sweden;Speedy Express;2016;3;0
10328;Portugal;Federal Shipping;2016;3;0
10329;USA;United Package;2016;8;0
10330;Venezuela;Speedy Express;2016;12;0
10331;France;Speedy Express;2016;5;0
10332;Canada;United Package;2016;4;0
10333;Finland;Federal Shipping;2016;7;0
10334;France;United Package;2016;7;0
10335;Ireland;United Package;2016;2;0
10336;Portugal;United Package;2016;2;0
10337;Germany;Federal Shipping;2016;5;0
10338;USA;Federal Shipping;2016;4;0
10339;Canada;United Package;2016;7;0
10340;France;Federal Shipping;2016;10;0
10341;Denmark;Federal Shipping;2016;7;0
10342;Germany;United Package;2016;5;0
10343;Germany;Speedy Express;2016;6;0
10344;USA;United Package;2016;4;0
10345;Germany;United Package;2016;7;0
10346;USA;Federal Shipping;2016;3;0
10347;Brazil;Federal Shipping;2016;2;0
10348;Germany;United Package;2016;8;0
10349;USA;Speedy Express;2016;7;0
10350;France;United Package;2016;22;0
10351;Austria;Speedy Express;2016;9;0
10352;Portugal;Federal Shipping;2016;6;0
10353;Austria;Federal Shipping;2016;12;0
10354;Mexico;Federal Shipping;2016;6;0
10355;UK;Speedy Express;2016;5;0
10356;Germany;United Package;2016;9;0
10357;Venezuela;Federal Shipping;2016;13;0
10358;France;Speedy Express;2016;7;0
10359;UK;Federal Shipping;2016;5;0
10360;France;Federal Shipping;2016;10;0
10361;Germany;United Package;2016;11;0
10362;France;Speedy Express;2016;3;0
10363;Germany;Federal Shipping;2016;8;0
10364;UK;Speedy Express;2016;8;0
10365;Mexico;United Package;2016;5;0
10366;Spain;United Package;2016;32;0
10367;Denmark;Federal Shipping;2016;4;0
10368;Austria;United Package;2016;3;0
10369;USA;United Package;2016;7;0
10370;Switzerland;United Package;2016;24;0
10371;France;Speedy Express;2016;21;0
10372;Brazil;United Package;2016;5;0
10373;Ireland;Federal Shipping;2016;6;0
10374;Poland;Federal Shipping;2016;4;0
10375;USA;United Package;2016;3;0
10376;Canada;United Package;2016;4;0
10377;UK;Federal Shipping;2016;4;0
10378;Sweden;Federal Shipping;2016;9;0
10379;Brazil;Speedy Express;2016;2;0
10380;Ireland;Federal Shipping;2016;35;1
10381;Venezuela;Federal Shipping;2016;1;0
10382;Austria;Speedy Express;2016;3;0
10383;UK;Federal Shipping;2016;2;0
10384;Sweden;Federal Shipping;2016;4;0
10385;USA;United Package;2016;6;0
10386;Brazil;Federal Shipping;2016;7;0
10387;Norway;United Package;2016;2;0
10388;UK;Speedy Express;2016;1;0
10389;Canada;United Package;2016;4;0
10390;Austria;Speedy Express;2016;3;0
10391;Germany;Federal Shipping;2016;8;0
10392;Austria;Federal Shipping;2016;8;0
10393;USA;Federal Shipping;2016;9;0
10394;USA;Federal Shipping;2016;9;0
10395;Venezuela;Speedy Express;2016;8;0
10396;Germany;Federal Shipping;2016;10;0
10397;Portugal;Speedy Express;2016;6;0
10398;USA;Federal Shipping;2016;10;0
10399;Denmark;Federal Shipping;2016;8;0
10400;UK;Federal Shipping;2017;15;0
10401;USA;Speedy Express;2017;9;0
10402;Austria;United Package;2017;8;0
10403;Austria;Federal Shipping;2017;6;0
10404;Italy;Speedy Express;2017;5;0
10405;Venezuela;Speedy Express;2017;16;0
10406;Brazil;Speedy Express;2017;6;0
10407;Germany;United Package;2017;23;0
10408;France;Speedy Express;2017;6;0
10409;Argentina;Speedy Express;2017;5;0
10410;Canada;Federal Shipping;2017;5;0
10411;Canada;Federal Shipping;2017;11;0
10412;Finland;United Package;2017;2;0
10413;France;United Package;2017;2;0
10414;Brazil;Federal Shipping;2017;3;0
10415;USA;Speedy Express;2017;9;0
10416;Finland;Federal Shipping;2017;11;0
10417;Denmark;Federal Shipping;2017;12;0
10418;Germany;Speedy Express;2017;7;0
10419;Switzerland;United Package;2017;10;0
10420;Brazil;Speedy Express;2017;6;0
10421;Brazil;Speedy Express;2017;6;0
10422;Italy;Speedy Express;2017;9;0
10423;Brazil;Federal Shipping;2017;32;1
10424;Canada;United Package;2017;4;0
10425;France;United Package;2017;21;0
10426;Spain;Speedy Express;2017;10;0
10427;Austria;United Package;2017;35;1
10428;Italy;Speedy Express;2017;7;0
10429;Ireland;United Package;2017;9;0
10430;Austria;Speedy Express;2017;4;0
10431;Canada;United Package;2017;8;0
10432;USA;United Package;2017;7;0
10433;Portugal;Federal Shipping;2017;29;1
10434;Sweden;United Package;2017;10;0
10435;UK;United Package;2017;3;0
10436;France;United Package;2017;6;0
10437;Finland;Speedy Express;2017;7;0
10438;Germany;United Package;2017;8;0
10439;Canada;Federal Shipping;2017;3;0
10440;USA;United Package;2017;18;0
10441;USA;United Package;2017;32;0
10442;Austria;United Package;2017;7;0
10443;Italy;Speedy Express;2017;2;0
10444;Sweden;Federal Shipping;2017;9;0
10445;Sweden;Speedy Express;2017;7;0
10446;Germany;Speedy Express;2017;5;0
10447;Brazil;United Package;2017;21;0
10448;Argentina;United Package;2017;7;0
10449;France;United Package;2017;9;0
10450;France;United Package;2017;20;0
10451;Germany;Federal Shipping;2017;21;1
10452;USA;Speedy Express;2017;6;0
10453;UK;United Package;2017;5;0
10454;France;Federal Shipping;2017;4;0
10455;Finland;United Package;2017;7;0
10456;Germany;United Package;2017;3;0
10457;Germany;Speedy Express;2017;6;0
10458;Belgium;Federal Shipping;2017;6;0
10459;France;United Package;2017;1;0
10460;Sweden;Speedy Express;2017;3;0
10461;Venezuela;Federal Shipping;2017;5;0
10462;UK;Speedy Express;2017;15;0
10463;Belgium;Federal Shipping;2017;2;0
10464;Portugal;United Package;2017;10;0
10465;Denmark;Federal Shipping;2017;9;0
10466;Brazil;Speedy Express;2017;7;0
10467;Italy;United Package;2017;5;0
10468;Germany;Federal Shipping;2017;5;0
10469;USA;Speedy Express;2017;4;0
10470;France;United Package;2017;3;0
10471;UK;Federal Shipping;2017;7;0
10472;UK;Speedy Express;2017;7;0
10473;UK;Federal Shipping;2017;8;0
10474;Mexico;United Package;2017;8;0
10475;Belgium;Speedy Express;2017;21;0
10476;Venezuela;Federal Shipping;2017;7;0
10477;Portugal;United Package;2017;8;0
10478;France;Federal Shipping;2017;8;0
10479;USA;Federal Shipping;2017;2;0
10480;France;United Package;2017;4;0
10481;Brazil;United Package;2017;5;0
10482;USA;Federal Shipping;2017;20;0
10483;USA;United Package;2017;32;1
10484;UK;Federal Shipping;2017;8;0
10485;Venezuela;United Package;2017;6;0
10486;Venezuela;United Package;2017;7;0
10487;Brazil;United Package;2017;2;0
10488;Germany;United Package;2017;6;0
10489;Austria;United Package;2017;12;0
10490;Venezuela;United Package;2017;3;0
10491;Portugal;Federal Shipping;2017;8;0
10492;Canada;Speedy Express;2017;10;0
10493;France;Federal Shipping;2017;8;0
10494;Brazil;United Package;2017;7;0
10495;Canada;Federal Shipping;2017;8;0
10496;Brazil;United Package;2017;3;0
10497;Germany;Speedy Express;2017;3;0
10498;Venezuela;United Package;2017;4;0
10499;Venezuela;United Package;2017;8;0
10500;France;Speedy Express;2017;8;0
10501;Germany;Federal Shipping;2017;7;0
10502;Mexico;Speedy Express;2017;19;0
10503;Ireland;United Package;2017;5;0
10504;USA;Federal Shipping;2017;7;0
10505;Canada;Federal Shipping;2017;7;0
10506;Germany;United Package;2017;17;0
10507;Mexico;Speedy Express;2017;7;0
10508;Germany;United Package;2017;27;0
10509;Germany;Speedy Express;2017;12;0
10510;USA;Federal Shipping;2017;10;0
10511;France;Federal Shipping;2017;3;0
10512;Brazil;United Package;2017;3;0
10513;Germany;Speedy Express;2017;6;0
10514;Austria;United Package;2017;24;0
10515;Germany;Speedy Express;2017;30;1
10516;Ireland;Federal Shipping;2017;7;0
10517;UK;Federal Shipping;2017;5;0
10518;Mexico;United Package;2017;10;0
10519;Switzerland;Federal Shipping;2017;3;0
10520;Norway;Speedy Express;2017;2;0
10521;Argentina;United Package;2017;3;0
10522;Germany;Speedy Express;2017;6;0
10523;UK;United Package;2017;29;1
10524;Sweden;United Package;2017;6;0
10525;France;United Package;2017;21;0
10526;Finland;United Package;2017;10;0
10527;Germany;Speedy Express;2017;2;0
10528;USA;United Package;2017;3;0
10529;Belgium;United Package;2017;2;0
10530;Austria;United Package;2017;4;0
10531;Argentina;Speedy Express;2017;11;0
10532;UK;Federal Shipping;2017;3;0
10533;Sweden;Speedy Express;2017;10;0
10534;Germany;United Package;2017;2;0
10535;Mexico;Speedy Express;2017;8;0
10536;Germany;United Package;2017;23;0
10537;Switzerland;Speedy Express;2017;5;0
10538;UK;Federal Shipping;2017;1;0
10539;UK;Federal Shipping;2017;7;0
10540;Germany;Federal Shipping;2017;25;0
10541;Brazil;Speedy Express;2017;10;0
10542;Germany;Federal Shipping;2017;6;0
10543;Venezuela;United Package;2017;2;0
10544;USA;Speedy Express;2017;9;0
10545;USA;United Package;2017;35;1
10546;France;Federal Shipping;2017;4;0
10547;UK;United Package;2017;10;0
10548;Germany;United Package;2017;7;0
10549;Germany;Speedy Express;2017;3;0
10550;Spain;Federal Shipping;2017;9;0
10551;Portugal;Federal Shipping;2017;9;0
10552;Venezuela;Speedy Express;2017;7;0
10553;Finland;United Package;2017;4;0
10554;Germany;Federal Shipping;2017;6;0
10555;USA;Federal Shipping;2017;2;0
10556;Denmark;Speedy Express;2017;10;0
10557;Germany;United Package;2017;3;0
10558;UK;United Package;2017;6;0
10559;France;Speedy Express;2017;8;0
10560;Germany;Speedy Express;2017;3;0
10561;Sweden;United Package;2017;3;0
10562;Italy;Speedy Express;2017;3;0
10563;Brazil;United Package;2017;14;0
10564;USA;Federal Shipping;2017;6;0
10565;Canada;United Package;2017;7;0
10566;France;Speedy Express;2017;6;0
10567;Ireland;Speedy Express;2017;5;0
10568;Spain;Federal Shipping;2017;26;0
10569;USA;Speedy Express;2017;25;0
10570;Canada;Federal Shipping;2017;2;0
10571;Austria;Federal Shipping;2017;17;0
10572;Sweden;United Package;2017;7;0
10573;Mexico;Federal Shipping;2017;1;0
10574;USA;United Package;2017;11;0
10575;Germany;Speedy Express;2017;10;0
10576;Mexico;Federal Shipping;2017;7;0
10577;USA;United Package;2017;7;0
10578;UK;Federal Shipping;2017;31;1
10579;USA;United Package;2017;9;0
10580;Germany;Federal Shipping;2017;5;0
10581;Brazil;Speedy Express;2017;6;0
10582;Germany;United Package;2017;17;0
10583;Finland;United Package;2017;4;0
10584;France;Speedy Express;2017;4;0
10585;Brazil;Speedy Express;2017;9;0
10586;Italy;Speedy Express;2017;7;0
10587;Brazil;Speedy Express;2017;7;0
10588;Germany;Federal Shipping;2017;7;0
10589;USA;United Package;2017;10;0
10590;Canada;Federal Shipping;2017;7;0
10591;Denmark;Speedy Express;2017;9;0
10592;Germany;Speedy Express;2017;8;0
10593;Germany;United Package;2017;35;1
10594;USA;United Package;2017;7;0
10595;Austria;Speedy Express;2017;4;0
10596;USA;Speedy Express;2017;32;1
10597;Austria;Federal Shipping;2017;7;0
10598;USA;Federal Shipping;2017;4;0
10599;UK;Federal Shipping;2017;6;0
10600;USA;Speedy Express;2017;5;0
10601;Venezuela;Speedy Express;2017;6;0
10602;Denmark;United Package;2017;5;0
10603;USA;United Package;2017;21;0
10604;Portugal;Speedy Express;2017;11;0
10605;Canada;United Package;2017;8;0
10606;Brazil;Federal Shipping;2017;9;0
10607;USA;Speedy Express;2017;3;0
10608;Germany;United Package;2017;9;0
10609;France;United Package;2017;6;0
10610;France;Speedy Express;2017;12;0
10611;Poland;United Package;2017;7;0
10612;USA;United Package;2017;4;0
10613;Venezuela;United Package;2017;3;0
10614;Germany;Federal Shipping;2017;3;0
10615;Finland;Federal Shipping;2017;7;0
10616;USA;United Package;2017;5;0
10617;USA;United Package;2017;4;0
10618;Canada;Speedy Express;2017;7;0
10619;Canada;Federal Shipping;2017;3;0
10620;Canada;Federal Shipping;2017;9;0
10621;UK;United Package;2017;6;0
10622;Brazil;Federal Shipping;2017;5;0
10623;Germany;United Package;2017;5;0
10624;USA;United Package;2017;12;0
10625;Mexico;Speedy Express;2017;6;0
10626;Sweden;United Package;2017;9;0
10627;USA;Federal Shipping;2017;10;0
10628;France;Federal Shipping;2017;8;0
10629;Spain;Federal Shipping;2017;8;0
10630;Germany;United Package;2017;6;0
10631;France;Speedy Express;2017;1;0
10632;Germany;Speedy Express;2017;5;0
10633;Austria;Federal Shipping;2017;3;0
10634;France;Federal Shipping;2017;6;0
10635;Italy;Federal Shipping;2017;3;0
10636;Finland;Speedy Express;2017;7;0
10637;Brazil;Speedy Express;2017;7;0
10638;Venezuela;Speedy Express;2017;12;0
10639;Norway;Federal Shipping;2017;7;0
10640;Germany;Speedy Express;2017;7;0
10641;Venezuela;United Package;2017;4;0
10642;Denmark;Federal Shipping;2017;14;0
10643;Germany;Speedy Express;2017;8;0
10644;Brazil;United Package;2017;7;0
10645;Brazil;Speedy Express;2017;7;0
10646;Ireland;Federal Shipping;2017;7;0
10647;Brazil;United Package;2017;7;0
10648;Brazil;United Package;2017;12;0
10649;Belgium;Federal Shipping;2017;1;0
10650;Brazil;Federal Shipping;2017;5;0
10651;Germany;United Package;2017;10;0
10652;Brazil;United Package;2017;7;0
10653;Germany;Speedy Express;2017;17;0
10654;Sweden;Speedy Express;2017;9;0
10655;Italy;United Package;2017;8;0
10656;USA;Speedy Express;2017;6;0
10657;USA;United Package;2017;11;0
10658;Germany;Speedy Express;2017;3;0
10659;Brazil;United Package;2017;5;0
10660;USA;Speedy Express;2017;37;1
10661;Ireland;Federal Shipping;2017;6;0
10662;USA;United Package;2017;9;0
10663;France;United Package;2017;23;1
10664;Portugal;Federal Shipping;2017;9;0
10665;USA;United Package;2017;6;0
10666;Switzerland;United Package;2017;10;0
10667;Austria;Speedy Express;2017;7;0
10668;Germany;United Package;2017;8;0
10669;Denmark;Speedy Express;2017;7;0
10670;Germany;Speedy Express;2017;2;0
10671;France;Speedy Express;2017;7;0
10672;Sweden;United Package;2017;9;0
10673;Finland;Speedy Express;2017;1;0
10674;UK;United Package;2017;12;0
10675;Germany;United Package;2017;4;0
10676;Mexico;United Package;2017;7;0
10677;Mexico;Federal Shipping;2017;4;0
10678;USA;Federal Shipping;2017;23;0
10679;France;Federal Shipping;2017;7;0
10680;USA;Speedy Express;2017;2;0
10681;USA;Federal Shipping;2017;5;0
10682;Mexico;United Package;2017;6;0
10683;France;Speedy Express;2017;5;0
10684;Germany;Speedy Express;2017;4;0
10685;Brazil;United Package;2017;4;0
10686;Austria;Speedy Express;2017;8;0
10687;Ireland;United Package;2017;30;1
10688;Denmark;United Package;2017;6;0
10689;Sweden;United Package;2017;6;0
10690;Brazil;Speedy Express;2017;1;0
10691;Germany;United Package;2017;19;0
10692;Germany;United Package;2017;10;0
10693;USA;Federal Shipping;2017;4;0
10694;Germany;Federal Shipping;2017;3;0
10695;Finland;Speedy Express;2017;7;0
10696;USA;Federal Shipping;2017;6;0
10697;Venezuela;Speedy Express;2017;6;0
10698;Austria;Speedy Express;2017;8;0
10699;Germany;Federal Shipping;2017;4;0
10700;USA;Speedy Express;2017;6;0
10701;Ireland;Federal Shipping;2017;2;0
10702;Germany;Speedy Express;2017;8;0
10703;Sweden;United Package;2017;6;0
10704;Brazil;Speedy Express;2017;24;0
10705;Venezuela;United Package;2017;34;1
10706;USA;Federal Shipping;2017;5;0
10707;UK;Federal Shipping;2017;7;0
10708;USA;United Package;2017;19;0
10709;Brazil;Federal Shipping;2017;34;1
10710;Italy;Speedy Express;2017;3;0
10711;USA;United Package;2017;8;0
10712;Ireland;Speedy Express;2017;10;0
10713;USA;Speedy Express;2017;2;0
10714;USA;Federal Shipping;2017;5;0
10715;France;Speedy Express;2017;6;0
10716;Argentina;United Package;2017;3;0
10717;Germany;United Package;2017;5;0
10718;Germany;Federal Shipping;2017;2;0
10719;USA;United Package;2017;9;0
10720;Brazil;United Package;2017;8;0
10721;Germany;Federal Shipping;2017;2;0
10722;USA;Speedy Express;2017;6;0
10723;USA;Speedy Express;2017;26;0
10724;Canada;United Package;2017;6;0
10725;Brazil;Federal Shipping;2017;5;0
10726;UK;Speedy Express;2017;32;1
10727;Italy;Speedy Express;2017;32;1
10728;Brazil;United Package;2017;7;0
10729;Venezuela;Federal Shipping;2017;10;0
10730;France;Speedy Express;2017;9;0
10731;Switzerland;Speedy Express;2017;8;0
10732;France;Speedy Express;2017;1;0
10733;Sweden;Federal Shipping;2017;3;0
10734;Brazil;Federal Shipping;2017;5;0
10735;USA;United Package;2017;11;0
10736;Ireland;United Package;2017;10;0
10737;France;United Package;2017;7;0
10738;France;Speedy Express;2017;6;0
10739;France;Federal Shipping;2017;5;0
10740;USA;United Package;2017;12;0
10741;UK;Federal Shipping;2017;4;0
10742;Canada;Federal Shipping;2017;4;0
10743;UK;United Package;2017;4;0
10744;Denmark;Speedy Express;2017;7;0
10745;Germany;Speedy Express;2017;9;0
10746;Switzerland;Federal Shipping;2017;2;0
10747;Austria;Speedy Express;2017;7;0
10748;USA;Speedy Express;2017;8;0
10749;UK;United Package;2017;29;1
10750;Finland;Speedy Express;2017;3;0
10751;Switzerland;Federal Shipping;2017;9;0
10752;UK;Federal Shipping;2017;4;0
10753;Italy;Speedy Express;2017;2;0
10754;Italy;Federal Shipping;2017;2;0
10755;France;United Package;2017;2;0
10756;USA;United Package;2017;5;0
10757;USA;Speedy Express;2017;18;0
10758;Switzerland;Federal Shipping;2017;6;0
10759;Mexico;Federal Shipping;2017;14;0
10760;Belgium;Speedy Express;2017;9;0
10761;USA;United Package;2017;6;0
10762;Sweden;Speedy Express;2017;7;0
10763;France;Federal Shipping;2017;5;0
10764;Austria;Federal Shipping;2017;5;0
10765;Germany;Federal Shipping;2017;5;0
10766;Germany;Speedy Express;2017;4;0
10767;Belgium;Federal Shipping;2017;10;0
10768;UK;United Package;2017;7;0
10769;Denmark;Speedy Express;2017;4;0
10770;Brazil;Federal Shipping;2017;8;0
10771;Austria;United Package;2017;23;0
10772;Germany;United Package;2017;9;0
10773;Austria;Federal Shipping;2017;5;0
10774;Sweden;Speedy Express;2017;1;0
10775;USA;Speedy Express;2017;14;0
10776;Austria;Federal Shipping;2017;3;0
10777;Brazil;United Package;2017;37;1
10778;Sweden;Speedy Express;2017;8;0
10779;Germany;United Package;2017;29;1
10780;Venezuela;Speedy Express;2017;9;0
10781;Finland;Federal Shipping;2017;2;0
10782;Argentina;Federal Shipping;2017;5;0
10783;Brazil;United Package;2017;1;0
10784;Italy;Federal Shipping;2017;4;0
10785;Venezuela;Federal Shipping;2017;6;0
10786;Brazil;Speedy Express;2017;4;0
10787;France;Speedy Express;2017;7;0
10788;Germany;United Package;2017;28;0
10789;France;United Package;2017;9;0
10790;Brazil;Speedy Express;2017;4;0
10791;Germany;United Package;2017;9;0
10792;Poland;Federal Shipping;2017;8;0
10793;UK;Federal Shipping;2017;15;0
10794;Brazil;Speedy Express;2017;9;0
10795;Austria;United Package;2017;27;0
10796;Venezuela;Speedy Express;2017;20;0
10797;Germany;United Package;2017;11;0
10798;UK;Speedy Express;2017;10;0
10799;Germany;Federal Shipping;2017;10;0
10800;UK;Federal Shipping;2017;10;0
10801;Spain;United Package;2017;2;0
10802;Denmark;United Package;2017;4;0
10803;Brazil;Speedy Express;2017;7;0
10804;UK;United Package;2017;8;0
10805;USA;Federal Shipping;2017;10;0
10806;France;United Package;2017;5;0
10807;Italy;Speedy Express;2017;30;1
10808;USA;Federal Shipping;2018;8;0
10809;Brazil;Speedy Express;2018;6;0
10810;Canada;Federal Shipping;2018;6;0
10811;Venezuela;Speedy Express;2018;6;0
10812;Italy;Speedy Express;2018;10;0
10813;Brazil;Speedy Express;2018;4;0
10814;France;Federal Shipping;2018;9;0
10815;USA;Federal Shipping;2018;9;0
10816;USA;United Package;2018;29;1
10817;Germany;United Package;2018;7;0
10818;Italy;Federal Shipping;2018;5;0
10819;Argentina;Federal Shipping;2018;9;0
10820;USA;United Package;2018;6;0
10821;USA;Speedy Express;2018;7;0
10822;USA;Federal Shipping;2018;8;0
10823;Venezuela;United Package;2018;4;0
10824;Sweden;Speedy Express;2018;21;0
10825;Germany;Speedy Express;2018;5;0
10826;France;Speedy Express;2018;25;0
10827;France;United Package;2018;25;1
10828;Argentina;Speedy Express;2018;22;1
10829;UK;Speedy Express;2018;10;0
10830;Brazil;United Package;2018;8;0
10831;Norway;United Package;2018;9;0
10832;France;United Package;2018;5;0
10833;Germany;United Package;2018;8;0
10834;Brazil;Federal Shipping;2018;4;0
10835;Germany;Federal Shipping;2018;6;0
10836;Austria;Speedy Express;2018;5;0
10837;Sweden;Federal Shipping;2018;7;0
10838;Venezuela;Federal Shipping;2018;4;0
10839;Brazil;Federal Shipping;2018;3;0
10840;Venezuela;United Package;2018;28;0
10841;Belgium;United Package;2018;9;0
10842;Mexico;Federal Shipping;2018;9;0
10843;France;United Package;2018;5;0
10844;Austria;United Package;2018;5;0
10845;Germany;Speedy Express;2018;9;0
10846;Belgium;Federal Shipping;2018;1;0
10847;USA;Federal Shipping;2018;19;1
10848;UK;United Package;2018;6;0
10849;Germany;United Package;2018;7;0
10850;France;Speedy Express;2018;7;0
10851;Brazil;Speedy Express;2018;7;0
10852;USA;Speedy Express;2018;4;0
10853;Germany;United Package;2018;7;0
10854;Austria;United Package;2018;9;0
10855;USA;Speedy Express;2018;8;0
10856;Mexico;United Package;2018;13;0
10857;Sweden;United Package;2018;9;0
10858;France;Speedy Express;2018;5;0
10859;Germany;United Package;2018;4;0
10860;France;Federal Shipping;2018;6;0
10861;USA;United Package;2018;18;0
10862;Germany;United Package;2018;3;0
10863;Venezuela;United Package;2018;15;0
10864;UK;United Package;2018;7;0
10865;Germany;Speedy Express;2018;10;0
10866;Sweden;Speedy Express;2018;9;0
10867;USA;Speedy Express;2018;8;0
10868;Brazil;United Package;2018;19;0
10869;UK;Speedy Express;2018;5;0
10870;Poland;Federal Shipping;2018;9;0
10871;France;United Package;2018;5;0
10872;Spain;United Package;2018;4;0
10873;Finland;Speedy Express;2018;3;0
10874;Spain;United Package;2018;5;0
10875;Sweden;United Package;2018;25;0
10876;France;Federal Shipping;2018;3;0
10877;Brazil;Speedy Express;2018;10;0
10878;Germany;Speedy Express;2018;2;0
10879;Finland;Federal Shipping;2018;2;0
10880;Sweden;Speedy Express;2018;8;0
10881;Argentina;Speedy Express;2018;7;0
10882;USA;Federal Shipping;2018;9;0
10883;USA;Federal Shipping;2018;8;0
10884;USA;United Package;2018;1;0
10885;Belgium;Federal Shipping;2018;6;0
10886;Brazil;Speedy Express;2018;17;0
10887;Spain;Federal Shipping;2018;3;0
10888;Spain;United Package;2018;7;0
10889;USA;Federal Shipping;2018;7;0
10890;France;Speedy Express;2018;2;0
10891;Germany;United Package;2018;2;0
10892;Belgium;United Package;2018;2;0
10893;Germany;United Package;2018;2;0
10894;USA;Speedy Express;2018;2;0
10895;Austria;Speedy Express;2018;5;0
10896;Belgium;Federal Shipping;2018;8;0
10897;Ireland;United Package;2018;6;0
10898;Argentina;United Package;2018;14;0
10899;Venezuela;Federal Shipping;2018;6;0
10900;Brazil;United Package;2018;12;0
10901;Venezuela;Speedy Express;2018;3;0
10902;Sweden;Speedy Express;2018;8;0
10903;Brazil;Federal Shipping;2018;8;0
10904;USA;Federal Shipping;2018;3;0
10905;Brazil;United Package;2018;10;0
10906;Poland;Federal Shipping;2018;6;0
10907;France;Federal Shipping;2018;2;0
10908;Italy;United Package;2018;8;0
10909;Norway;United Package;2018;12;0
10910;Finland;Federal Shipping;2018;6;0
10911;Spain;Speedy Express;2018;7;0
10912;Ireland;United Package;2018;20;0
10913;Brazil;Speedy Express;2018;6;0
10914;Brazil;Speedy Express;2018;3;0
10915;Mexico;United Package;2018;3;0
10916;Argentina;United Package;2018;10;0
10917;Spain;United Package;2018;9;0
10918;Canada;Federal Shipping;2018;9;0
10919;Venezuela;United Package;2018;2;0
10920;UK;United Package;2018;6;0
10921;Denmark;Speedy Express;2018;6;0
10922;Brazil;Federal Shipping;2018;2;0
10923;France;Federal Shipping;2018;10;0
10924;Sweden;United Package;2018;35;1
10925;Brazil;Speedy Express;2018;9;0
10926;Mexico;Federal Shipping;2018;7;0
10927;France;Speedy Express;2018;34;1
10928;Spain;Speedy Express;2018;13;0
10929;Germany;Speedy Express;2018;7;0
10930;Belgium;Federal Shipping;2018;12;0
10931;Switzerland;United Package;2018;13;0
10932;France;Speedy Express;2018;18;0
10933;UK;Federal Shipping;2018;10;0
10934;Germany;Federal Shipping;2018;3;0
10935;Brazil;Federal Shipping;2018;9;0
10936;USA;United Package;2018;9;0
10937;Argentina;Federal Shipping;2018;3;0
10938;Germany;United Package;2018;6;0
10939;Italy;United Package;2018;3;0
10940;France;Federal Shipping;2018;12;0
10941;USA;United Package;2018;9;0
10942;Italy;Federal Shipping;2018;7;0
10943;UK;United Package;2018;8;0
10944;Canada;Federal Shipping;2018;1;0
10945;Germany;Speedy Express;2018;6;0
10946;Denmark;United Package;2018;7;0
10947;UK;United Package;2018;3;0
10948;Spain;Federal Shipping;2018;6;0
10949;Canada;Federal Shipping;2018;4;0
10950;Italy;United Package;2018;7;0
10951;Switzerland;United Package;2018;22;0
10952;Germany;Speedy Express;2018;8;0
10953;UK;United Package;2018;9;0
10954;Venezuela;Speedy Express;2018;3;0
10955;Sweden;United Package;2018;3;0
10956;Germany;United Package;2018;3;0
10957;Venezuela;Federal Shipping;2018;9;0
10958;Argentina;United Package;2018;9;0
10959;Brazil;United Package;2018;5;0
10960;Venezuela;Speedy Express;2018;20;1
10961;Brazil;Speedy Express;2018;11;0
10962;Germany;United Package;2018;4;0
10963;Portugal;Federal Shipping;2018;7;0
10964;France;United Package;2018;4;0
10965;USA;Federal Shipping;2018;10;0
10966;Switzerland;Speedy Express;2018;19;0
10967;Germany;United Package;2018;10;0
10968;Austria;Federal Shipping;2018;9;0
10969;Brazil;United Package;2018;7;0
10970;Spain;Speedy Express;2018;31;1
10971;France;United Package;2018;9;0
10972;France;United Package;2018;2;0
10973;France;United Package;2018;3;0
10974;USA;Federal Shipping;2018;9;0
10975;Canada;Federal Shipping;2018;2;0
10976;Venezuela;Speedy Express;2018;9;0
10977;Sweden;Federal Shipping;2018;15;0
10978;Belgium;United Package;2018;28;0
10979;Austria;United Package;2018;5;0
10980;Sweden;Speedy Express;2018;21;0
10981;Brazil;United Package;2018;6;0
10982;Canada;Speedy Express;2018;12;0
10983;USA;United Package;2018;10;0
10984;USA;Federal Shipping;2018;4;0
10985;Ireland;Speedy Express;2018;3;0
10986;Argentina;United Package;2018;22;0
10987;UK;Speedy Express;2018;6;0
10988;USA;United Package;2018;10;0
10989;Brazil;Speedy Express;2018;2;0
10990;Austria;Federal Shipping;2018;6;0
10991;Germany;Speedy Express;2018;6;0
10992;USA;Federal Shipping;2018;2;0
10993;Sweden;Federal Shipping;2018;9;0
10994;Denmark;Federal Shipping;2018;7;0
10995;Mexico;Federal Shipping;2018;4;0
10996;Germany;United Package;2018;8;0
10997;Venezuela;United Package;2018;10;0
10998;Poland;United Package;2018;14;0
10999;Germany;United Package;2018;7;0
11000;USA;Federal Shipping;2018;8;0
11001;Sweden;United Package;2018;8;0
11002;USA;Speedy Express;2018;10;0
11003;USA;Federal Shipping;2018;2;0
11004;Belgium;Speedy Express;2018;13;0
11005;Finland;Speedy Express;2018;3;0
11006;USA;United Package;2018;8;0
11007;Portugal;United Package;2018;5;0
11009;Spain;Speedy Express;2018;2;0
11010;Italy;United Package;2018;12;0
11011;Germany;Speedy Express;2018;4;0
11012;Germany;Federal Shipping;2018;8;0
11013;Spain;Speedy Express;2018;1;0
11014;Venezuela;Federal Shipping;2018;5;0
11015;Norway;United Package;2018;10;0
11016;UK;United Package;2018;3;0
11017;Austria;United Package;2018;7;0
11018;USA;United Package;2018;3;0
11020;Germany;United Package;2018;2;0
11021;Germany;Speedy Express;2018;7;0
11022;Brazil;United Package;2018;20;0
11023;UK;United Package;2018;10;0
11024;UK;Speedy Express;2018;5;0
11025;Finland;Federal Shipping;2018;9;0
11026;Italy;Speedy Express;2018;13;0
11027;Canada;Speedy Express;2018;4;0
11028;Germany;Speedy Express;2018;6;0
11029;Switzerland;Speedy Express;2018;11;0
11030;USA;United Package;2018;10;0
11031;USA;United Package;2018;7;0
11032;USA;Federal Shipping;2018;6;0
11033;Switzerland;Federal Shipping;2018;6;0
11034;USA;Speedy Express;2018;7;0
11035;Belgium;United Package;2018;4;0
11036;Germany;Federal Shipping;2018;2;0
11037;Spain;Speedy Express;2018;6;0
11038;Belgium;United Package;2018;9;0
11041;Switzerland;United Package;2018;6;0
11042;Brazil;Speedy Express;2018;9;0
11043;France;United Package;2018;7;0
11044;Poland;Speedy Express;2018;8;0
11046;Germany;United Package;2018;1;0
11047;UK;Federal Shipping;2018;7;0
11048;Canada;Federal Shipping;2018;6;0
11049;Brazil;Speedy Express;2018;10;0
11050;Sweden;United Package;2018;8;0
11052;Brazil;Speedy Express;2018;4;0
11053;Austria;United Package;2018;2;0
11055;Venezuela;United Package;2018;7;0
11056;UK;United Package;2018;3;0
11057;UK;Federal Shipping;2018;2;0
11060;Italy;United Package;2018;4;0
11063;Ireland;United Package;2018;6;0
11064;USA;Speedy Express;2018;3;0
11066;USA;United Package;2018;3;0
11067;Germany;United Package;2018;2;0
11069;Mexico;United Package;2018;2;0
11078;USA;United Package;2023;7;0
11079;France;United Package;2022;12;0
11080;Brazil;United Package;2019;3;0
11081;Sweden;Federal Shipping;2015;9;0
11082;Canada;United Package;2016;17;1
11083;UK;Speedy Express;2014;2;0
11084;Brazil;Federal Shipping;2015;4;0
11085;UK;United Package;2013;1;0
11086;France;Speedy Express;2022;1;0
11087;Mexico;Federal Shipping;2020;11;1
11088;Germany;Federal Shipping;2020;5;0
11089;USA;United Package;2018;7;0
11090;UK;United Package;2014;5;0
11091;Brazil;United Package;2015;13;1
11092;Spain;Speedy Express;2021;4;0
11093;Brazil;United Package;2022;17;0
11094;Germany;Federal Shipping;2014;29;1
11095;Venezuela;United Package;2014;12;1
11096;Germany;Speedy Express;2017;1;0
11097;USA;United Package;2014;7;0
11098;USA;United Package;2022;2;0
11099;USA;United Package;2019;1;0
11100;Spain;Speedy Express;2017;4;0
11101;Mexico;Federal Shipping;2019;8;0
11102;France;Federal Shipping;2013;5;0
11103;Finland;United Package;2014;0;0
11104;Finland;Federal Shipping;2021;0;0
11105;France;Federal Shipping;2023;1;0
11106;Canada;Speedy Express;2018;20;1
11107;Belgium;Speedy Express;2023;7;0
11108;Belgium;United Package;2023;21;0
11109;Italy;Speedy Express;2013;21;1
11110;France;United Package;2021;1;0
11111;Switzerland;Speedy Express;2017;11;0
11112;Germany;United Package;2014;2;0
11113;Belgium;Federal Shipping;2018;4;0
11114;Finland;Federal Shipping;2019;22;1
11115;France;United Package;2012;0;0
11116;Ireland;Speedy Express;2022;5;0
11117;Brazil;Federal Shipping;2014;7;0
11118;USA;United Package;2018;8;0
11119;Brazil;Federal Shipping;2013;1;1
11120;Portugal;Federal Shipping;2014;5;0
11121;Venezuela;Speedy Express;2017;2;0
11122;Mexico;Federal Shipping;2014;6;0
11123;Spain;United Package;2023;21;1
11124;Venezuela;United Package;2021;9;1
11125;Mexico;United Package;2017;6;0
11126;Germany;Federal Shipping;2013;9;1
11127;Brazil;Speedy Express;2023;1;0
11128;Canada;Speedy Express;2023;21;1
11129;UK;United Package;2013;23;1
11130;USA;Speedy Express;2014;11;0
11131;France;Federal Shipping;2016;10;1
11132;France;United Package;2015;2;0
11133;Norway;Federal Shipping;2014;13;0
11134;UK;Speedy Express;2015;2;0
11135;UK;United Package;2019;14;0
11136;Spain;Federal Shipping;2016;0;0
11137;USA;Speedy Express;2019;21;0
11138;Finland;United Package;2019;3;0
11139;Belgium;Federal Shipping;2018;1;0
11140;Argentina;Federal Shipping;2020;13;1
11141;Switzerland;United Package;2016;22;1
11142;Spain;United Package;2013;14;1
11143;France;United Package;2022;1;0
11144;Switzerland;Federal Shipping;2014;9;0
11145;USA;Federal Shipping;2015;1;0
11146;USA;United Package;2016;17;1
11147;Germany;United Package;2020;13;1
11148;UK;Federal Shipping;2019;0;0
11149;Mexico;Speedy Express;2015;1;0
11150;USA;United Package;2013;4;0
11151;USA;Federal Shipping;2014;3;0
11152;Brazil;United Package;2020;17;1
11153;USA;United Package;2019;9;0
11154;Canada;Speedy Express;2013;14;1
11155;Canada;Federal Shipping;2018;2;0
11156;Mexico;Federal Shipping;2020;16;0
11157;Brazil;Federal Shipping;2019;6;0
11158;USA;United Package;2022;13;1
11159;Austria;Federal Shipping;2022;1;0
11160;Canada;Federal Shipping;2022;7;0
11161;Germany;United Package;2020;7;0
11162;France;Speedy Express;2019;5;0
11163;Austria;United Package;2016;7;0
11164;Italy;Federal Shipping;2018;7;1
11165;Germany;Federal Shipping;2019;13;0
11166;Mexico;Federal Shipping;2016;17;1
11167;Brazil;United Package;2020;5;0
11168;UK;United Package;2019;19;1
11169;UK;United Package;2020;9;0
11170;USA;United Package;2016;10;0
11171;Venezuela;Federal Shipping;2023;5;1
11172;France;Federal Shipping;2019;17;0
11173;Germany;Federal Shipping;2016;19;1
11174;Germany;Speedy Express;2016;12;0
11175;France;Speedy Express;2012;2;0
11176;Portugal;Speedy Express;2019;20;1
11177;USA;Federal Shipping;2015;10;0
11178;USA;Federal Shipping;2016;7;0
11179;Sweden;United Package;2019;4;0
11180;Brazil;United Package;2015;19;1
11181;Venezuela;Speedy Express;2015;22;1
11182;France;Speedy Express;2019;22;1
11183;Brazil;Federal Shipping;2021;8;0
11184;Canada;Speedy Express;2023;4;0
11185;UK;United Package;2023;5;0
11186;Finland;United Package;2017;5;0
11187;Germany;Federal Shipping;2022;2;0
11188;Brazil;Federal Shipping;2018;4;0
11189;USA;Speedy Express;2014;3;0
11190;Finland;United Package;2020;14;1
11191;France;Federal Shipping;2019;4;0
11192;Brazil;United Package;2015;11;0
11193;USA;Federal Shipping;2022;22;1
11194;Spain;Federal Shipping;2022;1;0
11195;USA;Speedy Express;2022;16;0
11196;Germany;Federal Shipping;2022;13;0
11197;Norway;Speedy Express;2020;17;0
11198;UK;Speedy Express;2016;6;0
11199;USA;Speedy Express;2015;3;0
11200;Brazil;Speedy Express;2018;21;1
11201;Canada;United Package;2015;0;0
11202;Italy;Speedy Express;2016;1;0
11203;Germany;Federal Shipping;2020;2;0
11204;France;Federal Shipping;2022;10;0
11205;Argentina;United Package;2015;15;1
11206;Austria;Federal Shipping;2014;9;0
11207;Germany;Federal Shipping;2016;10;1
11208;Mexico;Speedy Express;2013;4;0
11209;Brazil;United Package;2015;19;1
11210;Germany;Federal Shipping;2014;24;1
11211;USA;United Package;2017;5;0
11212;USA;United Package;2018;23;0
11213;UK;United Package;2020;7;0
11214;Germany;Speedy Express;2018;2;0
11215;USA;United Package;2013;0;0
11216;Germany;Speedy Express;2016;15;1
11217;Germany;Speedy Express;2020;6;0
11218;Germany;Federal Shipping;2019;7;0
11219;USA;United Package;2019;8;0
11220;Spain;Federal Shipping;2017;12;1
11221;USA;Speedy Express;2012;4;0
11222;Argentina;Federal Shipping;2016;26;1
11223;Portugal;United Package;2020;9;0
11224;Germany;United Package;2016;7;1
11225;UK;United Package;2015;7;0
11226;Germany;Federal Shipping;2021;3;0
11227;Brazil;United Package;2016;12;0
11228;Finland;Federal Shipping;2020;25;1
11229;Germany;Speedy Express;2014;1;0
11230;Venezuela;Speedy Express;2013;16;0
11231;USA;United Package;2013;18;1
11232;Brazil;Speedy Express;2017;17;0
11233;Germany;Speedy Express;2014;12;0
11234;Brazil;United Package;2013;7;0
11235;Germany;Speedy Express;2015;4;0
11236;Germany;Federal Shipping;2019;1;0
11237;Spain;Speedy Express;2016;5;0
11238;Venezuela;Federal Shipping;2014;0;0
11239;Germany;United Package;2021;12;0
11240;France;United Package;2020;5;1
11241;Brazil;Speedy Express;2023;22;0
11242;USA;Federal Shipping;2020;4;0
11243;Spain;Speedy Express;2017;9;1
11244;Norway;Speedy Express;2014;10;1
11245;Denmark;Speedy Express;2017;1;0
11246;Italy;Speedy Express;2013;1;0
11247;France;United Package;2022;6;0
11248;Germany;Speedy Express;2021;24;1
11249;Switzerland;Federal Shipping;2020;19;1
11250;UK;United Package;2015;7;0
11251;Spain;Federal Shipping;2019;3;0
11252;UK;United Package;2014;1;0
11253;Germany;Federal Shipping;2013;8;0
11254;USA;Federal Shipping;2013;2;0
11255;Italy;Federal Shipping;2021;14;1
11256;UK;United Package;2020;7;0
11257;Poland;Speedy Express;2013;11;1
11258;Denmark;Speedy Express;2016;13;0
11259;USA;Speedy Express;2023;8;0
11260;USA;Federal Shipping;2014;5;0
11261;UK;Speedy Express;2019;6;0
11262;Italy;United Package;2018;2;0
11263;Italy;Speedy Express;2022;23;1
11264;Venezuela;Speedy Express;2020;1;0
11265;Brazil;Speedy Express;2020;7;0
11266;Brazil;Federal Shipping;2017;2;0
11267;Brazil;Federal Shipping;2021;5;0
11268;UK;Federal Shipping;2020;5;0
11269;Mexico;Federal Shipping;2015;4;0
11270;France;Speedy Express;2013;2;0
11271;USA;United Package;2013;7;0
11272;Brazil;United Package;2023;2;0
11273;Portugal;Federal Shipping;2019;7;1
11274;USA;Federal Shipping;2020;12;1
11275;Brazil;Speedy Express;2014;2;0
11276;Denmark;Speedy Express;2017;5;0
11277;Mexico;Federal Shipping;2020;1;0
11278;Argentina;United Package;2020;2;0
11279;USA;Federal Shipping;2023;2;0
11280;UK;United Package;2014;7;0
11281;France;Federal Shipping;2018;15;1
11282;Venezuela;United Package;2021;10;1
11283;Brazil;Federal Shipping;2017;1;0
11284;Venezuela;Speedy Express;2023;4;0
11285;Austria;Federal Shipping;2016;2;0
11286;Spain;United Package;2019;8;1
11287;UK;Speedy Express;2017;1;0
11288;Venezuela;Speedy Express;2015;3;1
11289;USA;United Package;2013;13;1
11290;Brazil;United Package;2019;7;0
11291;Mexico;Federal Shipping;2015;3;0
11292;Spain;Federal Shipping;2021;9;1
11293;France;United Package;2019;2;0
11294;Venezuela;United Package;2013;5;0
11295;UK;United Package;2022;5;0
11296;UK;Federal Shipping;2014;29;1
11297;Poland;United Package;2014;20;1
11298;Norway;Speedy Express;2023;13;1
11299;UK;Speedy Express;2014;5;0
11300;Venezuela;United Package;2020;11;0
11301;Venezuela;United Package;2015;4;1
11302;Denmark;Speedy Express;2019;18;0
11303;Venezuela;Speedy Express;2017;4;0
11304;Brazil;Federal Shipping;2016;3;0
11305;Germany;Federal Shipping;2018;22;0
11306;Mexico;Speedy Express;2015;4;0
11307;Sweden;Federal Shipping;2015;4;0
11308;USA;Federal Shipping;2022;1;0
11309;Brazil;United Package;2023;17;1
11310;France;Federal Shipping;2020;17;1
11311;USA;United Package;2019;9;1
11312;UK;Speedy Express;2017;1;0
11313;USA;United Package;2019;0;0
11314;Germany;Federal Shipping;2020;1;0
11315;Mexico;Speedy Express;2021;21;1
11316;Argentina;Federal Shipping;2018;7;0
11317;Brazil;United Package;2017;7;0
11318;USA;Federal Shipping;2015;21;1
11319;UK;United Package;2017;4;0
11320;Germany;Federal Shipping;2017;22;1
11321;Argentina;Speedy Express;2022;16;0
11322;Brazil;United Package;2018;1;0
11323;Mexico;Federal Shipping;2021;18;0
11324;Spain;Federal Shipping;2015;14;0
11325;Denmark;Federal Shipping;2018;0;0
11326;Brazil;United Package;2013;3;0
11327;France;Speedy Express;2021;0;0
11328;USA;United Package;2015;17;0
11329;Sweden;United Package;2017;1;0
11330;USA;Federal Shipping;2014;7;0
11331;Germany;Federal Shipping;2014;1;0
11332;Mexico;United Package;2014;2;1
11333;Mexico;Speedy Express;2021;0;0
11334;Mexico;United Package;2014;1;0
11335;Poland;Federal Shipping;2020;7;0
11336;France;Federal Shipping;2023;7;0
11337;Germany;Federal Shipping;2015;15;0
11338;Sweden;Speedy Express;2023;3;0
11339;Spain;Federal Shipping;2019;6;0
11340;Brazil;Federal Shipping;2017;1;0
11341;France;United Package;2016;11;1
11342;Finland;Federal Shipping;2013;1;0
11343;Canada;Speedy Express;2018;7;0
11344;USA;Federal Shipping;2012;6;0
11345;Brazil;United Package;2015;23;0
11346;Ireland;Speedy Express;2016;8;0
11347;Spain;United Package;2013;24;0
11348;USA;United Package;2014;9;0
11349;Spain;Speedy Express;2015;7;0
11350;Brazil;United Package;2022;8;0
11351;Italy;Federal Shipping;2016;1;0
11352;France;Speedy Express;2014;1;0
11353;Germany;United Package;2021;18;0
11354;Switzerland;United Package;2020;1;0
11355;Venezuela;Federal Shipping;2015;4;0
11356;Sweden;United Package;2014;4;0
11357;Canada;Speedy Express;2015;5;0
11358;Spain;Speedy Express;2017;0;0
11359;Ireland;Speedy Express;2023;3;0
11360;Brazil;Federal Shipping;2020;6;0
11361;USA;Speedy Express;2016;15;0
11362;Mexico;Speedy Express;2017;14;1
11363;Switzerland;Federal Shipping;2019;2;0
11364;Brazil;Federal Shipping;2015;9;0
11365;Germany;Federal Shipping;2021;5;0
11366;Brazil;Speedy Express;2022;18;0
11367;France;Federal Shipping;2021;14;0
11368;Belgium;Federal Shipping;2016;26;1
11369;UK;Federal Shipping;2019;6;1
11370;Canada;United Package;2014;21;1
11371;USA;Speedy Express;2018;6;0
11372;Argentina;United Package;2023;12;1
11373;Germany;Federal Shipping;2012;11;0
11374;France;Speedy Express;2022;12;1
11375;Spain;United Package;2016;7;0
11376;Sweden;United Package;2018;3;0
11377;Argentina;Federal Shipping;2020;1;0
11378;Venezuela;Federal Shipping;2017;1;0
11379;Belgium;Speedy Express;2014;6;1
11380;Norway;United Package;2018;6;0
11381;Germany;Speedy Express;2018;3;0
11382;Germany;Speedy Express;2018;6;0
11383;UK;Speedy Express;2017;1;1
11384;France;Speedy Express;2019;1;1
11385;Canada;Speedy Express;2013;14;1
11386;Germany;United Package;2017;2;0
11387;USA;United Package;2020;13;1
11388;Brazil;Federal Shipping;2022;7;1
11389;Germany;Speedy Express;2021;2;0
11390;Finland;United Package;2015;4;0
11391;USA;Speedy Express;2020;5;0
11392;Canada;Speedy Express;2014;5;0
11393;Poland;Federal Shipping;2021;13;0
11394;France;Federal Shipping;2016;7;0
11395;Venezuela;Federal Shipping;2020;6;0
11396;USA;Federal Shipping;2022;10;1
11397;Mexico;Federal Shipping;2018;0;0
11398;USA;Federal Shipping;2019;3;0
11399;Argentina;Speedy Express;2013;1;0
11400;UK;United Package;2021;24;0
11401;Portugal;Speedy Express;2017;27;1
11402;UK;United Package;2016;3;0
11403;Brazil;Federal Shipping;2023;3;0
11404;France;Federal Shipping;2014;11;0
11405;France;Federal Shipping;2017;1;0
11406;Germany;Federal Shipping;2013;1;0
11407;Venezuela;Speedy Express;2021;1;0
11408;Italy;United Package;2023;11;0
11409;Denmark;Federal Shipping;2020;3;0
11410;Poland;Federal Shipping;2018;5;0
11411;France;Federal Shipping;2017;1;0
11412;USA;United Package;2021;6;0
11413;Italy;United Package;2016;14;1
11414;Spain;United Package;2015;5;0
11415;Mexico;Federal Shipping;2022;8;1
11416;France;United Package;2017;8;0
11417;Venezuela;United Package;2016;11;1
11418;USA;Speedy Express;2016;10;0
11419;Spain;Speedy Express;2014;5;0
11420;UK;Speedy Express;2016;1;0
11421;France;Federal Shipping;2021;12;1
11422;Switzerland;Federal Shipping;2016;15;1
11423;Spain;United Package;2018;5;0
11424;Germany;Speedy Express;2021;1;0
11425;Finland;Speedy Express;2017;15;1
11426;Mexico;Federal Shipping;2019;28;1
11427;Switzerland;Federal Shipping;2015;13;0
11428;Sweden;United Package;2019;5;0
11429;Belgium;Speedy Express;2014;6;1
11430;France;Federal Shipping;2015;3;0
11431;Brazil;Speedy Express;2016;24;1
11432;Canada;Speedy Express;2022;24;0
11433;Venezuela;Federal Shipping;2022;0;0
11434;UK;United Package;2022;15;1
11435;Venezuela;Federal Shipping;2019;1;0
11436;Switzerland;Speedy Express;2018;18;1
11437;France;Speedy Express;2014;18;1
11438;Germany;Federal Shipping;2021;1;0
11439;Spain;Speedy Express;2020;13;0
11440;Germany;United Package;2017;22;1
11441;Germany;United Package;2015;9;0
11442;Mexico;United Package;2023;1;0
11443;Brazil;Speedy Express;2014;8;1
11444;UK;Federal Shipping;2018;7;0
11445;USA;United Package;2016;15;0
11446;Germany;United Package;2021;12;1
11447;Venezuela;Federal Shipping;2013;4;0
11448;USA;Speedy Express;2020;13;0
11449;USA;Speedy Express;2021;8;0
11450;USA;Federal Shipping;2016;3;0
11451;Argentina;Federal Shipping;2016;9;1
11452;Mexico;Federal Shipping;2023;18;0
11453;Mexico;Federal Shipping;2021;14;0
11454;Mexico;Federal Shipping;2013;12;1
11455;Germany;United Package;2022;3;0
11456;Spain;Federal Shipping;2016;2;0
11457;Argentina;United Package;2019;6;1
11458;USA;Speedy Express;2018;1;0
11459;USA;United Package;2014;6;0
11460;Austria;Federal Shipping;2021;17;1
11461;Switzerland;Federal Shipping;2017;0;0
11462;Germany;Speedy Express;2013;4;0
11463;Brazil;Speedy Express;2016;6;0
11464;USA;United Package;2013;0;0
11465;Brazil;Speedy Express;2018;2;0
11466;Switzerland;Federal Shipping;2013;13;0
11467;Canada;United Package;2018;6;0
11468;France;Speedy Express;2015;2;0
11469;Argentina;Speedy Express;2012;3;0
11470;Germany;Federal Shipping;2017;7;0
11471;Mexico;Speedy Express;2016;29;1
11472;USA;United Package;2019;8;1
11473;France;Speedy Express;2023;4;0
11474;UK;United Package;2016;21;1
11475;Austria;United Package;2023;1;0
11476;Norway;Federal Shipping;2021;1;0
11477;USA;United Package;2022;11;0
11478;France;Speedy Express;2016;3;0
11479;Germany;Speedy Express;2020;7;1
11480;Argentina;Speedy Express;2023;15;0
11481;Argentina;Speedy Express;2020;12;1
11482;France;Speedy Express;2017;0;0
11483;Norway;United Package;2016;9;0
11484;Brazil;Federal Shipping;2017;0;0
11485;Denmark;United Package;2022;10;0
11486;UK;Federal Shipping;2021;15;0
11487;Poland;United Package;2015;3;0
11488;Mexico;Speedy Express;2018;8;1
11489;USA;Federal Shipping;2017;1;0
11490;Brazil;United Package;2022;3;0
11491;Austria;United Package;2020;2;1
11492;USA;Federal Shipping;2013;2;0
11493;Canada;Speedy Express;2018;12;1
11494;Venezuela;Speedy Express;2021;3;0
11495;France;Speedy Express;2022;2;0
11496;Canada;Speedy Express;2021;22;1
11497;Brazil;United Package;2013;4;0
11498;Germany;United Package;2022;24;1
11499;USA;United Package;2021;2;0
11500;France;Speedy Express;2015;1;0
11501;Portugal;Speedy Express;2016;17;0
11502;Venezuela;United Package;2020;4;1
11503;Austria;Speedy Express;2017;7;1
11504;Argentina;Federal Shipping;2014;7;0
11505;Germany;Speedy Express;2023;6;0
11506;UK;Speedy Express;2012;3;0
11507;Mexico;United Package;2022;5;0
11508;USA;United Package;2019;13;0
11509;Norway;United Package;2021;0;0
11510;Italy;Federal Shipping;2016;5;1
11511;Spain;Speedy Express;2015;1;0
11512;France;Federal Shipping;2018;5;0
11513;Mexico;Federal Shipping;2015;17;0
11514;Brazil;Speedy Express;2022;26;1
11515;USA;United Package;2014;2;1
11516;USA;Federal Shipping;2017;4;0
11517;Germany;Federal Shipping;2015;0;0
11518;France;United Package;2022;12;0
11519;USA;Speedy Express;2020;11;0
11520;Germany;United Package;2023;10;1
11521;Mexico;Federal Shipping;2016;3;0
11522;Germany;United Package;2013;9;0
11523;Germany;Speedy Express;2023;0;0
11524;USA;Speedy Express;2023;1;0
11525;Germany;Speedy Express;2020;3;0
11526;UK;United Package;2019;3;0
11527;Switzerland;United Package;2019;5;0
11528;Finland;Speedy Express;2021;13;1
11529;Brazil;Speedy Express;2019;14;0
11530;UK;United Package;2014;1;0
11531;Brazil;Speedy Express;2020;1;0
11532;Sweden;Speedy Express;2017;1;0
11533;Argentina;Federal Shipping;2023;5;0
11534;Mexico;United Package;2017;5;0
11535;Belgium;Federal Shipping;2014;8;0
11536;Mexico;Federal Shipping;2016;6;0
11537;France;United Package;2020;2;0
11538;Venezuela;United Package;2023;2;0
11539;Denmark;United Package;2015;5;0
11540;USA;Speedy Express;2023;6;1
11541;Germany;Speedy Express;2019;0;0
11542;Brazil;United Package;2023;1;0
11543;UK;Federal Shipping;2016;0;0
11544;Poland;United Package;2021;1;0
11545;Germany;United Package;2013;1;0
11546;Argentina;United Package;2014;4;0
11547;Sweden;Federal Shipping;2013;1;0
11548;UK;United Package;2022;4;0
11549;Brazil;United Package;2018;0;0
11550;Brazil;Federal Shipping;2015;10;0
11551;Finland;Federal Shipping;2017;5;1
11552;Argentina;Federal Shipping;2023;12;0
11553;Austria;Federal Shipping;2014;4;0
11554;France;Speedy Express;2015;1;0
11555;Brazil;United Package;2016;8;0
11556;Venezuela;United Package;2019;10;0
11557;Sweden;United Package;2020;12;0
11558;Denmark;United Package;2023;12;1
11559;Denmark;Speedy Express;2023;7;0
11560;Argentina;Federal Shipping;2022;0;0
11561;Argentina;Speedy Express;2012;14;1
11562;Brazil;Federal Shipping;2018;23;1
11563;USA;United Package;2014;0;0
11564;Italy;Federal Shipping;2013;9;1
11565;Brazil;Speedy Express;2020;10;0
11566;Italy;Federal Shipping;2016;1;0
11567;Germany;Speedy Express;2013;2;0
11568;Mexico;Federal Shipping;2021;19;1
11569;UK;Federal Shipping;2017;6;0
11570;UK;Speedy Express;2012;12;0
11571;Germany;Speedy Express;2015;8;1
11572;Canada;Speedy Express;2023;7;0
11573;Finland;United Package;2018;4;0
11574;France;Federal Shipping;2012;1;0
11575;UK;United Package;2013;3;0
11576;Canada;Federal Shipping;2020;21;0
11577;Portugal;Federal Shipping;2020;10;0
11578;France;Speedy Express;2020;1;0
11579;USA;Speedy Express;2020;19;0
11580;France;Speedy Express;2020;13;0
11581;Brazil;United Package;2020;4;0
11582;Finland;Federal Shipping;2019;2;0
11583;Norway;United Package;2022;18;0
11584;USA;Federal Shipping;2021;2;0
11585;Venezuela;Speedy Express;2015;8;0
11586;Canada;United Package;2021;1;0
11587;Brazil;Speedy Express;2018;3;0
11588;Mexico;Federal Shipping;2016;12;0
11589;France;United Package;2014;6;1
11590;Italy;United Package;2017;1;0
11591;Argentina;Federal Shipping;2015;3;0
11592;USA;Federal Shipping;2015;8;0
11593;Portugal;United Package;2016;18;0
11594;Switzerland;Federal Shipping;2017;2;0
11595;Mexico;Federal Shipping;2021;8;0
11596;Brazil;Federal Shipping;2016;16;0
11597;Brazil;United Package;2023;9;1
11598;Italy;Federal Shipping;2022;14;1
11599;Finland;United Package;2013;21;1
11600;Spain;Federal Shipping;2016;0;0
11601;Argentina;United Package;2016;8;0
11602;France;United Package;2015;11;0
11603;Finland;Federal Shipping;2013;5;0
11604;USA;Speedy Express;2016;9;0
11605;Brazil;Speedy Express;2022;2;0
11606;Sweden;Speedy Express;2021;2;0
11607;Canada;Speedy Express;2020;6;0
11608;Mexico;Federal Shipping;2013;10;0
11609;Brazil;United Package;2017;0;0
11610;Ireland;United Package;2015;7;0
11611;USA;Speedy Express;2014;17;0
11612;Germany;United Package;2020;8;0
11613;USA;Speedy Express;2020;5;0
11614;USA;Federal Shipping;2012;6;0
11615;Germany;Speedy Express;2017;1;0
11616;Brazil;Federal Shipping;2013;12;1
11617;USA;Speedy Express;2023;16;0
11618;Portugal;Federal Shipping;2015;10;0
11619;Mexico;Speedy Express;2023;1;0
11620;USA;Speedy Express;2017;1;0
11621;Italy;Speedy Express;2016;15;1
11622;USA;Federal Shipping;2023;9;0
11623;Brazil;Speedy Express;2017;14;0
11624;Germany;Federal Shipping;2019;2;0
11625;Germany;Speedy Express;2013;6;0
11626;Germany;United Package;2015;10;1
11627;France;Speedy Express;2017;16;0
11628;Canada;United Package;2017;3;1
11629;France;United Package;2020;6;0
11630;UK;United Package;2019;1;0
11631;France;Federal Shipping;2023;9;1
11632;Poland;Federal Shipping;2022;6;0
11633;USA;United Package;2022;18;1
11634;Brazil;Federal Shipping;2016;5;0
11635;Mexico;United Package;2023;25;1
11636;Brazil;Federal Shipping;2021;0;0
11637;UK;United Package;2015;5;0
11638;Canada;United Package;2018;0;0
11639;USA;United Package;2017;3;0
11640;France;United Package;2015;7;0
11641;USA;United Package;2020;2;1
11642;Germany;Speedy Express;2015;1;0
11643;Germany;Speedy Express;2022;1;0
11644;Brazil;Speedy Express;2022;1;0
11645;Germany;United Package;2017;9;0
11646;Portugal;Speedy Express;2018;9;0
11647;Brazil;Speedy Express;2020;14;0
11648;Belgium;Speedy Express;2020;2;0
11649;Belgium;United Package;2023;1;0
11650;Brazil;Speedy Express;2012;6;0
11651;Mexico;United Package;2012;5;0
11652;Finland;Speedy Express;2014;15;0
11653;Germany;United Package;2015;5;0
11654;Germany;United Package;2018;11;0
11655;Germany;Federal Shipping;2017;0;0
11656;France;Federal Shipping;2019;1;0
11657;Spain;Federal Shipping;2017;18;1
11658;Venezuela;Speedy Express;2019;0;0
11659;Brazil;Federal Shipping;2016;24;1
11660;Germany;United Package;2021;17;0
11661;UK;Federal Shipping;2022;8;0
11662;Sweden;Federal Shipping;2018;1;0
11663;France;United Package;2022;4;0
11664;Germany;United Package;2014;3;0
11665;UK;Speedy Express;2020;11;1
11666;UK;Federal Shipping;2017;9;1
11667;Spain;Speedy Express;2016;14;1
11668;Italy;United Package;2017;1;1
11669;Austria;Speedy Express;2019;8;1
11670;Denmark;Speedy Express;2017;3;0
11671;Brazil;Speedy Express;2013;8;0
11672;USA;United Package;2021;0;0
11673;Argentina;Federal Shipping;2020;20;0
11674;Canada;Federal Shipping;2016;5;0
11675;UK;United Package;2021;5;0
11676;Italy;Speedy Express;2020;3;0
11677;UK;Speedy Express;2015;27;0
11678;Brazil;Speedy Express;2018;14;0
11679;Germany;United Package;2020;25;1
11680;France;Federal Shipping;2012;4;0
11681;USA;Speedy Express;2022;1;0
11682;Portugal;United Package;2015;2;0
11683;USA;Federal Shipping;2015;6;1
11684;UK;United Package;2014;0;0
11685;UK;Federal Shipping;2016;3;0
11686;Brazil;Speedy Express;2021;9;0
11687;Brazil;United Package;2023;5;0
11688;Brazil;Speedy Express;2020;11;0
11689;Germany;Speedy Express;2021;4;0
11690;Italy;Speedy Express;2018;17;1
11691;France;Speedy Express;2015;1;0
11692;UK;United Package;2018;8;0
11693;Poland;Speedy Express;2015;9;0
11694;Brazil;Federal Shipping;2022;21;1
11695;Germany;Federal Shipping;2014;12;0
11696;Mexico;Federal Shipping;2016;5;1
11697;France;Federal Shipping;2023;16;1
11698;Germany;United Package;2014;11;1
11699;USA;Speedy Express;2022;25;0
11700;France;Speedy Express;2021;23;0
11701;USA;United Package;2020;3;0
11702;Brazil;Federal Shipping;2016;0;0
11703;Poland;Federal Shipping;2015;19;1
11704;Germany;United Package;2019;2;0
11705;Germany;Speedy Express;2021;20;0
11706;Austria;Federal Shipping;2014;7;1
11707;Brazil;Federal Shipping;2013;6;0
11708;USA;Federal Shipping;2022;18;0
11709;France;Federal Shipping;2016;22;0
11710;Venezuela;Federal Shipping;2016;14;0
11711;Germany;Federal Shipping;2017;21;1
11712;Belgium;United Package;2017;2;0
11713;Germany;Speedy Express;2017;6;0
11714;Spain;Speedy Express;2023;1;0
11715;France;Federal Shipping;2020;11;1
11716;USA;Speedy Express;2014;6;0
11717;Germany;Speedy Express;2014;3;0
11718;Spain;Speedy Express;2012;24;1
11719;Argentina;Federal Shipping;2021;7;0
11720;Venezuela;Federal Shipping;2021;1;0
11721;Brazil;Speedy Express;2022;5;0
11722;Germany;Speedy Express;2016;1;1
11723;Austria;Federal Shipping;2018;0;0
11724;Spain;Speedy Express;2019;6;0
11725;USA;United Package;2020;14;0
11726;Switzerland;Federal Shipping;2020;5;1
11727;Germany;Speedy Express;2015;22;0
11728;USA;Speedy Express;2012;1;0
11729;Canada;Federal Shipping;2018;13;1
11730;Finland;Federal Shipping;2021;10;0
11731;Spain;United Package;2017;2;0
11732;USA;United Package;2023;1;0
11733;Germany;United Package;2020;1;0
11734;Switzerland;Federal Shipping;2015;23;1
11735;Argentina;Speedy Express;2019;5;0
11736;Brazil;Federal Shipping;2015;1;0
11737;Poland;United Package;2014;1;0
11738;France;Speedy Express;2015;10;1
11739;Germany;United Package;2018;2;0
11740;Austria;Speedy Express;2023;4;0
11741;USA;Federal Shipping;2014;3;0
11742;USA;Federal Shipping;2023;12;1
11743;UK;United Package;2014;14;1
11744;UK;Federal Shipping;2019;13;0
11745;Brazil;Speedy Express;2020;0;0
11746;Mexico;Federal Shipping;2021;2;1
11747;Italy;Speedy Express;2022;13;0
11748;Venezuela;Federal Shipping;2022;9;0
11749;UK;United Package;2020;1;0
11750;France;Federal Shipping;2018;9;0
11751;USA;Federal Shipping;2019;3;0
11752;Germany;Federal Shipping;2014;3;0
11753;Germany;Speedy Express;2020;3;0
11754;USA;Speedy Express;2013;12;1
11755;Argentina;Speedy Express;2023;2;0
11756;Mexico;Federal Shipping;2018;4;0
11757;Brazil;Speedy Express;2017;0;0
11758;UK;Federal Shipping;2021;3;0
11759;France;Federal Shipping;2014;0;0
11760;Mexico;Speedy Express;2014;11;0
11761;Germany;United Package;2013;3;0
11762;Germany;Speedy Express;2017;16;1
11763;Germany;Speedy Express;2020;26;0
11764;Canada;United Package;2021;25;0
11765;USA;Speedy Express;2022;23;1
11766;Poland;United Package;2020;14;0
11767;Denmark;Speedy Express;2019;7;0
11768;Germany;Speedy Express;2013;12;0
11769;Brazil;United Package;2019;10;0
11770;France;Federal Shipping;2016;5;0
11771;Brazil;Federal Shipping;2018;3;0
11772;UK;Speedy Express;2021;19;1
11773;Germany;Federal Shipping;2016;6;0
11774;Austria;United Package;2014;5;0
11775;Italy;Speedy Express;2020;9;0
11776;France;Federal Shipping;2014;6;0
11777;Finland;United Package;2022;2;1
11778;Spain;United Package;2014;1;0
11779;Germany;Federal Shipping;2013;4;0
11780;USA;United Package;2019;1;0
11781;France;Federal Shipping;2018;9;0
11782;Denmark;Federal Shipping;2014;17;0
11783;Argentina;Speedy Express;2020;3;0
11784;UK;Federal Shipping;2023;5;1
11785;USA;Speedy Express;2017;8;1
11786;Denmark;Speedy Express;2020;9;1
11787;USA;Speedy Express;2020;14;1
11788;Ireland;Federal Shipping;2023;14;1
11789;Italy;Speedy Express;2013;1;0
11790;Belgium;Federal Shipping;2012;6;0
11791;Belgium;United Package;2019;4;0
11792;Mexico;Federal Shipping;2022;22;0
11793;USA;Speedy Express;2018;1;0
11794;Switzerland;Federal Shipping;2015;1;0
11795;Venezuela;Federal Shipping;2018;0;1
11796;Brazil;Speedy Express;2019;11;1
11797;Brazil;Federal Shipping;2013;0;0
11798;Mexico;Speedy Express;2014;11;0
11799;France;Speedy Express;2014;3;0
11800;USA;United Package;2013;12;0
11801;Portugal;United Package;2015;21;1
11802;Brazil;Speedy Express;2019;16;0
11803;Sweden;Federal Shipping;2022;15;1
11804;Canada;Federal Shipping;2023;15;1
11805;Germany;Federal Shipping;2022;1;0
11806;USA;Federal Shipping;2012;21;0
11807;Denmark;Speedy Express;2015;7;0
11808;Canada;Speedy Express;2012;5;0
11809;USA;Speedy Express;2015;0;0
11810;Germany;Federal Shipping;2018;14;1
11811;Germany;United Package;2019;2;0
11812;USA;United Package;2014;3;0
11813;USA;Federal Shipping;2012;5;0
11814;USA;Speedy Express;2013;4;1
11815;Belgium;United Package;2022;15;0
11816;USA;Speedy Express;2020;8;0
11817;UK;United Package;2014;2;0
11818;Belgium;Speedy Express;2023;6;0
11819;Portugal;Speedy Express;2019;7;0
11820;Austria;Federal Shipping;2019;8;0
11821;USA;Federal Shipping;2014;2;0
11822;USA;Federal Shipping;2016;1;0
11823;USA;United Package;2016;1;0
11824;Sweden;Federal Shipping;2021;1;0
11825;Mexico;United Package;2017;28;1
11826;Germany;Speedy Express;2016;5;0
11827;Venezuela;Speedy Express;2016;9;0
11828;Germany;Speedy Express;2021;1;0
11829;Brazil;Federal Shipping;2014;5;0
11830;Mexico;United Package;2020;1;0
11831;Venezuela;Speedy Express;2017;7;0
11832;Mexico;Federal Shipping;2021;8;0
11833;Brazil;United Package;2023;0;0
11834;Canada;Speedy Express;2020;4;0
11835;Germany;United Package;2013;0;0
11836;Germany;Speedy Express;2019;2;0
11837;France;Federal Shipping;2020;3;0
11838;Austria;United Package;2023;2;0
11839;Canada;United Package;2015;2;0
11840;Germany;Speedy Express;2022;7;0
11841;Portugal;Federal Shipping;2013;2;0
11842;Austria;Federal Shipping;2022;15;0
11843;Canada;Federal Shipping;2023;12;0
11844;Switzerland;Speedy Express;2015;2;1
11845;Portugal;Federal Shipping;2013;3;0
11846;France;Speedy Express;2016;2;0
11847;Denmark;Federal Shipping;2023;5;0
11848;Poland;United Package;2015;0;0
11849;Canada;Federal Shipping;2014;1;0
11850;France;United Package;2019;5;0
11851;France;Federal Shipping;2013;12;0
11852;Italy;Speedy Express;2018;13;1
11853;Switzerland;Speedy Express;2015;1;0
11854;Venezuela;Speedy Express;2012;0;0
11855;Brazil;Speedy Express;2020;2;0
11856;Brazil;Federal Shipping;2023;4;0
11857;Germany;United Package;2014;6;0
11858;Germany;United Package;2022;17;0
11859;Spain;Speedy Express;2020;9;0
11860;USA;Federal Shipping;2018;14;1
11861;Belgium;Federal Shipping;2023;4;0
11862;Germany;United Package;2017;15;0
11863;Mexico;Speedy Express;2014;6;0
11864;Italy;United Package;2022;14;0
11865;Mexico;Speedy Express;2014;0;0
11866;Argentina;United Package;2013;2;0
11867;Switzerland;Federal Shipping;2021;8;0
11868;Mexico;Speedy Express;2014;0;0
11869;USA;United Package;2015;6;0
11870;Mexico;Federal Shipping;2012;2;0
11871;Brazil;Federal Shipping;2020;12;0
11872;Venezuela;Federal Shipping;2015;8;0
11873;Venezuela;Speedy Express;2015;10;1
11874;Canada;Federal Shipping;2021;7;0
11875;Canada;Speedy Express;2015;0;0
11876;Germany;Speedy Express;2013;7;0
11877;Denmark;Federal Shipping;2019;10;0
11878;Venezuela;United Package;2016;5;0
11879;USA;United Package;2013;1;0
11880;Brazil;Speedy Express;2015;24;1
11881;USA;United Package;2014;0;0
11882;USA;Speedy Express;2015;9;1
11883;Germany;Speedy Express;2019;7;0
11884;France;United Package;2012;6;0
11885;Germany;Federal Shipping;2013;0;0
11886;Brazil;Federal Shipping;2018;21;0
11887;USA;United Package;2020;1;0
11888;France;Federal Shipping;2015;0;0
11889;Brazil;Speedy Express;2020;2;0
11890;Portugal;Federal Shipping;2021;1;0
11891;Germany;Speedy Express;2021;1;0
11892;USA;Speedy Express;2016;0;0
11893;UK;Speedy Express;2023;1;0
11894;Argentina;Speedy Express;2017;7;0
11895;Austria;Speedy Express;2013;16;1
11896;France;United Package;2012;5;0
11897;Brazil;Federal Shipping;2014;1;0
11898;Venezuela;Speedy Express;2012;4;0
11899;Germany;Speedy Express;2016;9;0
11900;UK;Federal Shipping;2014;3;1
11901;Switzerland;United Package;2014;6;0
11902;Denmark;United Package;2016;26;0
11903;Brazil;Federal Shipping;2013;6;1
11904;Germany;Federal Shipping;2022;5;1
11905;Norway;Federal Shipping;2016;3;0
11906;Canada;United Package;2017;2;0
11907;Brazil;Speedy Express;2017;1;0
11908;Brazil;Speedy Express;2012;7;0
11909;Belgium;Federal Shipping;2013;4;0
11910;USA;Federal Shipping;2023;18;0
11911;Venezuela;Speedy Express;2015;6;0
11912;Germany;Federal Shipping;2015;9;0
11913;Sweden;United Package;2019;1;0
11914;France;Speedy Express;2015;3;0
11915;Spain;United Package;2020;11;0
11916;Germany;United Package;2013;5;0
11917;USA;Federal Shipping;2013;15;1
11918;France;Speedy Express;2015;19;1
11919;Spain;Speedy Express;2020;18;0
11920;USA;United Package;2014;15;1
11921;UK;Federal Shipping;2018;2;0
11922;Mexico;United Package;2020;5;0
11923;France;United Package;2017;3;0
11924;Finland;United Package;2020;10;0
11925;Germany;Federal Shipping;2015;2;0
11926;Ireland;Speedy Express;2022;15;0
11927;Brazil;Federal Shipping;2015;4;0
11928;Portugal;Speedy Express;2021;18;0
11929;Denmark;Speedy Express;2021;3;0
11930;Argentina;Speedy Express;2021;17;0
11931;Argentina;United Package;2019;2;0
11932;Mexico;United Package;2013;12;0
11933;France;Speedy Express;2023;28;1
11934;Mexico;United Package;2022;8;0
11935;Mexico;United Package;2019;18;1
11936;USA;United Package;2012;0;0
11937;Switzerland;United Package;2016;20;1
11938;France;Speedy Express;2017;18;1
11939;France;Federal Shipping;2020;2;0
11940;Switzerland;Speedy Express;2016;13;0
11941;UK;Federal Shipping;2014;12;1
11942;Italy;United Package;2017;3;1
11943;Sweden;United Package;2016;20;1
11944;Canada;Federal Shipping;2019;5;1
11945;USA;United Package;2015;1;0
11946;France;Speedy Express;2018;28;0
11947;France;Speedy Express;2022;8;0
11948;France;United Package;2012;3;0
11949;USA;Federal Shipping;2022;22;0
11950;Germany;Speedy Express;2021;16;0
11951;USA;United Package;2017;25;1
11952;Argentina;Federal Shipping;2019;16;0
11953;Brazil;United Package;2013;4;0
11954;Mexico;Speedy Express;2013;2;0
11955;Sweden;Speedy Express;2019;13;1
11956;France;Speedy Express;2014;8;0
11957;Brazil;United Package;2019;4;0
11958;Brazil;Federal Shipping;2020;1;0
11959;Austria;Speedy Express;2019;1;0
11960;Brazil;United Package;2015;4;0
11961;France;United Package;2015;26;1
11962;Argentina;Federal Shipping;2018;1;0
11963;Mexico;Speedy Express;2013;10;0
11964;USA;United Package;2013;6;0
11965;Germany;Speedy Express;2018;6;1
11966;Germany;United Package;2022;15;1
11967;UK;Federal Shipping;2013;18;1
11968;France;Federal Shipping;2012;2;0
11969;UK;United Package;2022;20;1
11970;France;United Package;2020;10;0
11971;USA;Speedy Express;2020;1;0
11972;Norway;United Package;2016;3;0
11973;France;United Package;2016;0;0
11974;Germany;Federal Shipping;2014;4;0
11975;UK;Federal Shipping;2013;13;0
11976;Brazil;United Package;2015;19;0
11977;UK;United Package;2023;11;0
11978;Italy;Federal Shipping;2016;2;0
11979;France;Federal Shipping;2015;9;1
11980;UK;Federal Shipping;2012;4;0
11981;Germany;Speedy Express;2013;10;0
11982;Argentina;United Package;2013;11;0
11983;Portugal;Federal Shipping;2021;9;0
11984;USA;United Package;2014;0;0
11985;UK;Speedy Express;2016;11;1
11986;Venezuela;Speedy Express;2019;12;0
11987;France;United Package;2017;8;0
11988;Brazil;Federal Shipping;2014;0;0
11989;Germany;Federal Shipping;2023;10;0
11990;France;Federal Shipping;2012;1;0
11991;Venezuela;Speedy Express;2018;5;0
11992;France;United Package;2016;1;0
11993;Argentina;Federal Shipping;2017;3;0
11994;France;United Package;2016;21;1
11995;Germany;Speedy Express;2019;19;0
11996;France;United Package;2023;5;0
11997;Sweden;Federal Shipping;2022;13;1
11998;Brazil;Speedy Express;2021;12;1
11999;USA;United Package;2016;14;1
12000;Brazil;United Package;2015;3;1
12001;Belgium;United Package;2023;6;1
12002;Ireland;Federal Shipping;2015;16;1
12003;Portugal;Speedy Express;2020;1;0
12004;USA;Federal Shipping;2020;19;0
12005;USA;Federal Shipping;2017;0;0
12006;Germany;Speedy Express;2022;3;0
12007;USA;Speedy Express;2020;8;1
12008;Spain;Speedy Express;2016;9;1
12009;Portugal;Federal Shipping;2014;6;0
12010;France;United Package;2023;17;1
12011;Germany;Federal Shipping;2021;3;0
12012;Brazil;Federal Shipping;2012;11;1
12013;USA;Speedy Express;2021;19;1
12014;Venezuela;United Package;2016;11;0
12015;Germany;Speedy Express;2021;5;1
12016;France;Federal Shipping;2021;26;1
12017;Venezuela;Federal Shipping;2017;4;0
12018;Germany;United Package;2022;8;0
12019;Venezuela;United Package;2021;18;1
12020;Germany;Speedy Express;2018;1;0
12021;USA;Federal Shipping;2021;4;0
12022;Portugal;United Package;2023;1;0
12023;Spain;Speedy Express;2012;5;0
12024;Canada;Speedy Express;2014;19;1
12025;USA;Federal Shipping;2015;6;0
12026;Germany;United Package;2022;3;0
12027;Italy;United Package;2021;3;0
12028;Italy;United Package;2015;10;1
12029;Switzerland;United Package;2017;24;1
12030;Germany;Speedy Express;2016;5;0
12031;UK;United Package;2013;10;0
12032;Portugal;Federal Shipping;2018;2;0
12033;France;Federal Shipping;2016;16;0
12034;Venezuela;Federal Shipping;2014;3;0
12035;USA;United Package;2021;2;0
12036;Germany;Federal Shipping;2020;1;0
12037;Mexico;United Package;2017;26;0
12038;Germany;United Package;2017;1;0
12039;Mexico;Speedy Express;2016;21;0
12040;Germany;Speedy Express;2013;12;0
12041;France;Federal Shipping;2016;13;0
12042;Finland;Federal Shipping;2013;22;1
12043;Austria;United Package;2013;7;0
12044;USA;United Package;2022;0;0
12045;France;Federal Shipping;2014;25;0
12046;Brazil;Federal Shipping;2013;10;0
12047;Venezuela;Speedy Express;2018;1;0
12048;Finland;Federal Shipping;2015;2;0
12049;France;Federal Shipping;2020;1;0
12050;USA;United Package;2017;20;0
12051;USA;Federal Shipping;2020;5;0
12052;Spain;United Package;2022;2;0
12053;Brazil;United Package;2015;6;0
12054;Germany;United Package;2021;6;0
12055;Brazil;United Package;2021;0;0
12056;France;Speedy Express;2015;6;0
12057;USA;United Package;2020;7;0
12058;France;Federal Shipping;2014;2;0
12059;Italy;Speedy Express;2019;4;0
12060;Belgium;United Package;2022;3;1
12061;Denmark;Federal Shipping;2021;2;0
12062;France;Federal Shipping;2015;11;0
12063;Sweden;Speedy Express;2020;1;1
12064;USA;Speedy Express;2015;5;0
12065;Italy;Speedy Express;2023;9;0
12066;Portugal;Federal Shipping;2017;0;0
12067;Germany;Federal Shipping;2016;18;0
12068;Canada;Speedy Express;2018;3;0
12069;Germany;Federal Shipping;2016;0;0
12070;Brazil;Federal Shipping;2016;4;0
12071;USA;Federal Shipping;2016;12;0
12072;Brazil;Speedy Express;2023;11;1
12073;Switzerland;Federal Shipping;2014;6;0
12074;Mexico;Speedy Express;2021;0;0
12075;Brazil;United Package;2017;9;0
12076;Belgium;United Package;2013;8;1
12077;UK;United Package;2014;3;0
12078;Finland;United Package;2012;2;0
12079;Brazil;Speedy Express;2017;15;1
12080;USA;United Package;2013;2;0
12081;Sweden;Speedy Express;2015;3;0
12082;France;Federal Shipping;2020;6;0
12083;Spain;Federal Shipping;2020;5;0
12084;USA;Federal Shipping;2014;7;1
12085;Argentina;Speedy Express;2021;2;0
12086;France;Speedy Express;2014;4;0
12087;Brazil;Speedy Express;2022;7;1
12088;Brazil;United Package;2013;1;1
12089;UK;United Package;2015;11;1
12090;Brazil;Speedy Express;2019;15;0
12091;USA;United Package;2022;2;0
12092;USA;Federal Shipping;2023;17;0
12093;Germany;Federal Shipping;2013;23;1
12094;Spain;Federal Shipping;2018;12;0
12095;Denmark;United Package;2016;1;0
12096;Canada;United Package;2018;1;0
12097;Brazil;United Package;2017;1;0
12098;Austria;Speedy Express;2022;4;0
12099;Mexico;Speedy Express;2014;1;0
12100;Germany;United Package;2012;16;1
12101;Germany;United Package;2017;10;0
12102;Argentina;Federal Shipping;2018;14;1
12103;Argentina;Speedy Express;2013;1;0
12104;Canada;Federal Shipping;2019;7;0
12105;Spain;Speedy Express;2015;1;0
12106;Venezuela;Federal Shipping;2014;3;0
12107;Germany;Federal Shipping;2020;4;0
12108;Austria;Federal Shipping;2022;3;0
12109;France;Speedy Express;2017;7;0
12110;Venezuela;United Package;2020;1;0
12111;Germany;Speedy Express;2013;7;0
12112;Switzerland;Federal Shipping;2019;13;0
12113;Belgium;Federal Shipping;2021;6;0
12114;Sweden;Speedy Express;2018;1;0
12115;Switzerland;Speedy Express;2020;12;1
12116;Sweden;United Package;2016;4;0
12117;France;Federal Shipping;2020;11;0
12118;Argentina;Federal Shipping;2018;9;1
12119;Argentina;Speedy Express;2019;3;0
12120;Finland;Speedy Express;2015;1;0
12121;Brazil;Federal Shipping;2012;0;0
12122;Portugal;United Package;2015;18;0
12123;Brazil;Speedy Express;2018;12;0
12124;Canada;United Package;2016;2;0
12125;Germany;Federal Shipping;2017;1;0
12126;Brazil;Speedy Express;2016;1;0
12127;Venezuela;Speedy Express;2021;3;0
12128;France;Speedy Express;2016;12;1
12129;Germany;United Package;2016;8;1
12130;Italy;Speedy Express;2021;10;1
12131;Poland;Federal Shipping;2018;4;0
12132;Italy;United Package;2021;4;0
12133;Belgium;Federal Shipping;2021;2;0
12134;Austria;Federal Shipping;2022;2;0
12135;Venezuela;United Package;2013;0;0
12136;Germany;Federal Shipping;2013;8;0
12137;Canada;Federal Shipping;2020;1;0
12138;Argentina;Federal Shipping;2018;4;0
12139;Brazil;Federal Shipping;2023;0;0
12140;USA;Speedy Express;2017;14;0
12141;France;Speedy Express;2017;7;0
12142;Poland;United Package;2021;11;1
12143;Brazil;Federal Shipping;2018;27;0
12144;Spain;Federal Shipping;2022;15;1
12145;France;United Package;2020;4;0
12146;Brazil;Speedy Express;2014;4;1
12147;Argentina;Federal Shipping;2020;1;0
12148;Germany;Speedy Express;2017;4;0
12149;USA;United Package;2012;13;0
12150;Poland;Federal Shipping;2014;1;0
12151;Germany;Speedy Express;2014;2;0
12152;Finland;United Package;2019;11;1
12153;Sweden;Federal Shipping;2015;13;0
12154;Portugal;Federal Shipping;2020;1;0
12155;France;United Package;2023;1;0
12156;Brazil;United Package;2015;12;1
12157;Germany;Federal Shipping;2022;16;1
12158;Canada;Speedy Express;2022;6;1
12159;USA;Speedy Express;2020;0;0
12160;UK;Federal Shipping;2020;11;1
12161;UK;United Package;2014;7;0
12162;France;Speedy Express;2014;12;0
12163;Germany;Federal Shipping;2019;1;0
12164;France;United Package;2018;6;0
12165;Italy;United Package;2022;24;1
12166;Germany;Speedy Express;2018;10;1
12167;UK;Federal Shipping;2015;19;1
12168;Argentina;Federal Shipping;2023;9;0
12169;Brazil;Federal Shipping;2023;1;0
12170;Norway;Speedy Express;2017;13;1
12171;Spain;Speedy Express;2015;21;0
12172;Argentina;Federal Shipping;2023;8;0
12173;France;United Package;2014;8;0
12174;USA;United Package;2021;4;1
12175;USA;United Package;2013;13;1
12176;Italy;United Package;2021;7;0
12177;Spain;Speedy Express;2013;3;0
12178;Argentina;Federal Shipping;2018;8;0
12179;Portugal;United Package;2020;10;0
12180;USA;Speedy Express;2013;0;0
12181;USA;United Package;2012;6;0
12182;Argentina;United Package;2021;8;0
12183;France;United Package;2016;1;1
12184;UK;United Package;2014;5;1
12185;Germany;Federal Shipping;2018;17;1
12186;USA;Speedy Express;2022;12;0
12187;Brazil;Speedy Express;2023;8;1
12188;Germany;Federal Shipping;2016;15;1
12189;Sweden;United Package;2016;3;0
12190;Argentina;Speedy Express;2019;1;0
12191;Denmark;United Package;2016;13;1
12192;Germany;Speedy Express;2020;4;0
12193;UK;Federal Shipping;2014;2;0
12194;France;Federal Shipping;2014;8;1
12195;USA;United Package;2014;1;0
12196;Italy;Federal Shipping;2022;13;0
12197;USA;Speedy Express;2020;15;0
12198;Mexico;United Package;2018;14;0
12199;France;United Package;2016;16;1
12200;Spain;Federal Shipping;2016;9;1
12201;Spain;Federal Shipping;2019;3;0
12202;Germany;United Package;2023;9;0
12203;Belgium;Speedy Express;2017;2;0
12204;Venezuela;Speedy Express;2021;9;1
12205;France;Federal Shipping;2015;14;0
12206;Austria;United Package;2016;2;0
12207;UK;Speedy Express;2021;6;0
12208;France;Speedy Express;2013;4;0
12209;Argentina;Speedy Express;2015;2;0
12210;Sweden;Federal Shipping;2022;16;0
12211;France;Federal Shipping;2018;13;1
12212;Germany;United Package;2020;1;0
12213;UK;Federal Shipping;2020;8;0
12214;France;Federal Shipping;2022;6;0
12215;Italy;Speedy Express;2022;2;0
12216;Italy;United Package;2016;7;1
12217;Mexico;Federal Shipping;2021;6;0
12218;Austria;Federal Shipping;2021;6;0
12219;UK;Speedy Express;2019;5;1
12220;Germany;United Package;2013;9;0
12221;USA;United Package;2020;13;0
12222;Belgium;Speedy Express;2019;0;0
12223;USA;United Package;2023;19;1
12224;Venezuela;United Package;2023;3;0
12225;Canada;Speedy Express;2021;18;0
12226;Germany;Speedy Express;2022;1;0
12227;Finland;Speedy Express;2016;15;1
12228;Brazil;Speedy Express;2017;20;1
12229;Austria;Federal Shipping;2014;15;1
12230;Germany;United Package;2014;14;0
12231;USA;Federal Shipping;2022;16;1
12232;USA;Federal Shipping;2017;9;1
12233;UK;United Package;2021;7;1
12234;France;Federal Shipping;2020;13;0
12235;Austria;Speedy Express;2013;7;0
12236;UK;Federal Shipping;2016;2;0
12237;UK;Federal Shipping;2023;1;0
12238;Venezuela;Speedy Express;2022;9;0
12239;UK;United Package;2020;7;0
12240;Germany;United Package;2023;2;0
12241;UK;Federal Shipping;2020;11;0
12242;France;United Package;2013;10;0
12243;Spain;Federal Shipping;2013;1;0
12244;Venezuela;Federal Shipping;2014;8;0
12245;USA;Federal Shipping;2021;15;0
12246;France;United Package;2013;12;0
12247;Canada;Federal Shipping;2017;1;0
12248;France;Federal Shipping;2020;1;0
12249;Mexico;Federal Shipping;2017;11;0
12250;Spain;United Package;2015;9;0
12251;Germany;Federal Shipping;2019;8;1
12252;Poland;Speedy Express;2014;2;0
12253;Germany;Speedy Express;2014;3;0
12254;USA;Federal Shipping;2021;1;0
12255;Brazil;Speedy Express;2016;20;1
12256;USA;Federal Shipping;2023;12;0
12257;UK;United Package;2014;4;1
12258;Argentina;United Package;2016;20;1
12259;Venezuela;Speedy Express;2023;15;1
12260;Switzerland;United Package;2019;20;1
12261;France;Speedy Express;2021;20;1
12262;USA;Federal Shipping;2023;24;0
12263;Norway;United Package;2013;3;0
12264;Finland;United Package;2018;2;0
12265;USA;Speedy Express;2021;1;0
12266;USA;Speedy Express;2015;2;0
12267;UK;Speedy Express;2015;3;0
12268;UK;United Package;2016;2;0
12269;Poland;Speedy Express;2020;4;0
12270;Germany;Speedy Express;2019;4;0
12271;Germany;Speedy Express;2023;4;0
12272;Mexico;United Package;2019;12;0
12273;France;Speedy Express;2015;9;1
12274;Venezuela;Speedy Express;2014;5;0
12275;Argentina;United Package;2015;19;1
12276;Finland;United Package;2015;8;0
12277;Belgium;Federal Shipping;2014;13;0
12278;UK;United Package;2012;8;0
12279;Sweden;Federal Shipping;2012;1;0
12280;Argentina;United Package;2017;1;0
12281;France;United Package;2019;0;0
12282;UK;Federal Shipping;2018;18;0
12283;France;United Package;2021;1;1
12284;France;United Package;2014;4;0
12285;Sweden;Federal Shipping;2021;7;0
12286;Germany;United Package;2021;1;0
12287;Germany;United Package;2022;2;0
12288;USA;Speedy Express;2018;1;0
12289;Brazil;Federal Shipping;2017;6;1
12290;Germany;Federal Shipping;2013;20;1
12291;UK;Speedy Express;2015;18;1
12292;Spain;Federal Shipping;2018;5;0
12293;Brazil;Speedy Express;2017;9;0
12294;UK;United Package;2013;8;0
12295;Argentina;Speedy Express;2015;4;0
12296;Spain;Federal Shipping;2014;4;0
12297;Sweden;United Package;2022;7;0
12298;USA;Federal Shipping;2014;18;0
12299;USA;Federal Shipping;2017;6;0
12300;France;Speedy Express;2018;7;0
12301;Brazil;Speedy Express;2019;2;0
12302;USA;United Package;2018;26;1
12303;Germany;United Package;2023;3;0
12304;USA;Speedy Express;2021;1;0
12305;Austria;Federal Shipping;2017;8;0
12306;Germany;Speedy Express;2020;22;1
12307;UK;Speedy Express;2013;8;0
12308;Italy;United Package;2017;1;0
12309;Brazil;Speedy Express;2022;4;0
12310;Sweden;Speedy Express;2021;1;0
12311;Mexico;United Package;2016;7;1
12312;Venezuela;Federal Shipping;2020;17;1
12313;Germany;Federal Shipping;2017;14;0
12314;USA;Federal Shipping;2017;24;0
12315;USA;Speedy Express;2014;4;1
12316;Germany;Federal Shipping;2018;19;0
12317;Germany;Federal Shipping;2016;11;1
12318;Sweden;United Package;2015;21;0
12319;Belgium;Speedy Express;2017;1;0
12320;USA;United Package;2013;15;1
12321;Germany;Federal Shipping;2018;14;0
12322;Italy;United Package;2021;12;0
12323;France;Federal Shipping;2012;4;0
12324;Argentina;Federal Shipping;2020;13;0
12325;France;Speedy Express;2021;12;1
12326;USA;Speedy Express;2021;5;0
12327;Brazil;Federal Shipping;2013;8;0
12328;Portugal;Speedy Express;2019;5;0
12329;UK;Federal Shipping;2018;2;0
12330;Italy;United Package;2014;18;1
12331;UK;Federal Shipping;2021;20;0
12332;France;United Package;2019;3;0
12333;USA;Speedy Express;2014;2;0
12334;Switzerland;Federal Shipping;2015;13;1
12335;UK;Federal Shipping;2018;1;0
12336;USA;United Package;2022;6;1
12337;Canada;United Package;2015;12;1
12338;Sweden;Federal Shipping;2018;22;1
12339;Brazil;United Package;2020;5;0
12340;Venezuela;Speedy Express;2020;5;0
12341;Brazil;United Package;2023;1;0
12342;France;Speedy Express;2018;11;1
12343;France;Speedy Express;2017;14;0
12344;Spain;Federal Shipping;2018;3;0
12345;USA;Federal Shipping;2019;1;1
12346;Norway;Federal Shipping;2020;3;0
12347;Venezuela;United Package;2018;3;0
12348;Germany;United Package;2013;3;0
12349;Sweden;United Package;2014;3;1
12350;UK;Speedy Express;2019;3;0
12351;Brazil;United Package;2014;8;0
12352;USA;United Package;2021;0;0
12353;Argentina;Speedy Express;2021;3;0
12354;Brazil;United Package;2019;18;0
12355;Brazil;Federal Shipping;2021;14;0
12356;Venezuela;Federal Shipping;2019;1;0
12357;Brazil;Federal Shipping;2018;17;1
12358;USA;Federal Shipping;2013;16;1
12359;Venezuela;Speedy Express;2020;1;0
12360;Brazil;United Package;2015;7;0
12361;Brazil;United Package;2021;6;0
12362;Brazil;Speedy Express;2016;4;0
12363;Poland;Federal Shipping;2017;2;0
12364;Switzerland;United Package;2019;1;0
12365;Venezuela;United Package;2015;13;0
12366;Portugal;Speedy Express;2016;13;0
12367;USA;United Package;2013;2;0
12368;Germany;Federal Shipping;2020;9;1
12369;Venezuela;Federal Shipping;2019;1;0
12370;Norway;United Package;2015;9;0
12371;Denmark;Speedy Express;2022;21;0
12372;France;Speedy Express;2016;21;1
12373;Ireland;Federal Shipping;2021;11;0
12374;USA;United Package;2016;10;0
12375;Germany;Speedy Express;2019;4;1
12376;USA;Speedy Express;2022;2;0
12377;Argentina;United Package;2023;26;1
12378;Spain;Speedy Express;2023;2;0
12379;Canada;Speedy Express;2022;19;1
12380;Brazil;United Package;2014;3;0
12381;Portugal;Federal Shipping;2015;7;0
12382;UK;Federal Shipping;2014;1;0
12383;USA;United Package;2017;9;0
12384;France;Speedy Express;2023;0;0
12385;Venezuela;United Package;2016;15;1
12386;Canada;Federal Shipping;2013;11;0
12387;USA;Federal Shipping;2012;2;0
12388;USA;Speedy Express;2020;0;0
12389;Brazil;United Package;2022;7;0
12390;France;Federal Shipping;2020;13;1
12391;Norway;Speedy Express;2013;1;0
12392;Argentina;Federal Shipping;2016;4;1
12393;Spain;Federal Shipping;2013;4;0
12394;Germany;United Package;2017;18;0
12395;USA;Speedy Express;2016;3;0
12396;Brazil;United Package;2018;13;1
12397;Venezuela;United Package;2017;4;0
12398;Germany;Federal Shipping;2014;0;0
12399;Germany;United Package;2022;10;1
12400;Germany;Speedy Express;2019;12;0
12401;Germany;Federal Shipping;2019;0;0
12402;USA;Speedy Express;2021;1;0
12403;France;United Package;2018;25;1
12404;Switzerland;United Package;2018;5;0
12405;France;Federal Shipping;2012;16;0
12406;Canada;Speedy Express;2017;2;0
12407;Denmark;Federal Shipping;2017;2;0
12408;Spain;Speedy Express;2018;2;0
12409;Brazil;Speedy Express;2019;9;1
12410;Italy;Speedy Express;2016;0;0
12411;Spain;Speedy Express;2014;13;0
12412;France;Speedy Express;2012;4;0
12413;Germany;United Package;2013;13;0
12414;Ireland;Federal Shipping;2015;5;0
12415;Venezuela;Federal Shipping;2019;28;1
12416;USA;Federal Shipping;2015;6;0
12417;France;Speedy Express;2022;1;0
12418;Brazil;Speedy Express;2015;8;0
12419;Brazil;Speedy Express;2022;6;0
12420;Brazil;United Package;2022;1;0
12421;Brazil;United Package;2021;5;1
12422;France;United Package;2018;3;0
12423;Venezuela;Federal Shipping;2014;5;0
12424;Mexico;Speedy Express;2014;11;0
12425;Denmark;Federal Shipping;2023;21;1
12426;UK;Federal Shipping;2020;6;0
12427;Brazil;Federal Shipping;2018;9;0
12428;France;United Package;2018;13;0
12429;Norway;Speedy Express;2023;1;0
12430;Belgium;Federal Shipping;2016;4;1
12431;Austria;Speedy Express;2021;3;0
12432;Italy;Speedy Express;2021;20;0
12433;UK;United Package;2019;2;0
12434;Canada;Speedy Express;2014;10;0
12435;Germany;United Package;2013;12;0
12436;USA;Federal Shipping;2012;4;1
12437;Venezuela;United Package;2020;17;1
12438;Belgium;United Package;2020;2;0
12439;USA;Speedy Express;2017;3;0
12440;Brazil;Federal Shipping;2015;11;0
12441;Spain;Speedy Express;2022;15;1
12442;Germany;Federal Shipping;2013;10;0
12443;Spain;Speedy Express;2018;1;0
12444;Portugal;Speedy Express;2021;14;0
12445;Germany;Speedy Express;2023;5;0
12446;Belgium;Federal Shipping;2021;0;0
12447;Germany;Speedy Express;2018;0;0
12448;Venezuela;Federal Shipping;2020;0;0
12449;Mexico;Federal Shipping;2017;11;1
12450;Brazil;Speedy Express;2015;0;0
12451;USA;Speedy Express;2015;4;1
12452;UK;Speedy Express;2013;5;0
12453;Venezuela;Federal Shipping;2014;5;0
12454;Mexico;United Package;2017;11;0
12455;Venezuela;United Package;2016;1;0
12456;Brazil;Federal Shipping;2023;29;1
12457;Brazil;United Package;2022;20;1
12458;France;United Package;2013;3;0
12459;Germany;Federal Shipping;2020;3;0
12460;Mexico;Federal Shipping;2021;17;0
12461;France;Speedy Express;2013;3;0
12462;Brazil;Federal Shipping;2015;5;0
12463;Brazil;United Package;2018;2;0
12464;Venezuela;Federal Shipping;2016;15;1
12465;Argentina;United Package;2022;9;0
12466;USA;Speedy Express;2017;13;0
12467;Denmark;United Package;2017;11;0
12468;Germany;Federal Shipping;2020;1;0
12469;Sweden;Speedy Express;2021;15;0
12470;Sweden;Federal Shipping;2019;12;0
12471;Belgium;Speedy Express;2017;11;1
12472;USA;Federal Shipping;2014;3;0
12473;UK;Federal Shipping;2021;25;1
12474;Brazil;United Package;2020;9;0
12475;USA;United Package;2021;3;0
12476;France;Federal Shipping;2013;0;0
12477;Austria;Federal Shipping;2017;13;0
12478;Belgium;United Package;2021;15;1
12479;Italy;United Package;2014;9;0
12480;Mexico;United Package;2020;0;0
12481;Brazil;Federal Shipping;2014;4;0
12482;Brazil;Federal Shipping;2013;0;0
12483;Germany;Federal Shipping;2017;3;0
12484;USA;Speedy Express;2014;10;1
12485;Italy;United Package;2013;8;0
12486;UK;Speedy Express;2018;6;0
12487;Portugal;Federal Shipping;2023;27;1
12488;USA;Speedy Express;2016;4;0
12489;Spain;Federal Shipping;2020;7;0
12490;Canada;United Package;2014;4;0
12491;USA;Speedy Express;2016;9;1
12492;Brazil;Speedy Express;2023;1;0
12493;USA;Speedy Express;2015;5;0
12494;Germany;United Package;2020;24;1
12495;USA;Federal Shipping;2016;3;0
12496;USA;Federal Shipping;2014;2;0
12497;Brazil;Speedy Express;2013;2;0
12498;France;United Package;2019;3;0
12499;France;United Package;2018;13;0
12500;USA;Speedy Express;2019;10;0
12501;USA;Speedy Express;2013;17;1
12502;Germany;United Package;2013;6;0
12503;Brazil;Speedy Express;2020;1;0
12504;Venezuela;United Package;2018;1;0
12505;France;United Package;2016;1;0
12506;Mexico;United Package;2023;15;0
12507;Austria;United Package;2021;3;0
12508;Mexico;United Package;2014;21;1
12509;USA;Speedy Express;2020;5;0
12510;Venezuela;Speedy Express;2014;2;0
12511;Spain;Speedy Express;2014;8;0
12512;Belgium;Speedy Express;2020;3;0
12513;France;Federal Shipping;2022;3;0
12514;France;Federal Shipping;2018;5;0
12515;USA;United Package;2017;1;0
12516;Sweden;Speedy Express;2018;7;0
12517;Canada;Federal Shipping;2019;2;0
12518;Canada;Speedy Express;2014;7;0
12519;Switzerland;United Package;2021;9;0
12520;USA;Federal Shipping;2018;9;0
12521;Switzerland;United Package;2020;4;0
12522;France;Speedy Express;2022;9;1
12523;Brazil;Speedy Express;2014;2;0
12524;Portugal;United Package;2015;15;1
12525;USA;Speedy Express;2019;8;0
12526;Finland;United Package;2021;11;0
12527;Germany;Speedy Express;2020;12;0
12528;USA;United Package;2021;18;1
12529;Argentina;United Package;2020;2;0
12530;USA;United Package;2021;4;1
12531;Denmark;United Package;2015;3;0
12532;Venezuela;Speedy Express;2013;1;0
12533;Brazil;United Package;2022;1;0
12534;Germany;Federal Shipping;2015;5;0
12535;USA;United Package;2013;0;0
12536;Spain;United Package;2012;6;0
12537;Italy;United Package;2014;1;0
12538;Venezuela;Federal Shipping;2019;4;0
12539;Canada;United Package;2020;6;0
12540;USA;United Package;2017;3;0
12541;Finland;United Package;2017;4;1
12542;Germany;Speedy Express;2016;2;0
12543;Mexico;Speedy Express;2017;13;1
12544;Italy;Speedy Express;2023;23;1
12545;France;United Package;2013;5;1
12546;Germany;United Package;2021;2;0
12547;Spain;United Package;2015;19;1
12548;Canada;Federal Shipping;2019;0;0
12549;Spain;Federal Shipping;2022;1;0
12550;Portugal;Speedy Express;2015;15;1
12551;France;United Package;2014;16;1
12552;Sweden;Federal Shipping;2016;18;0
12553;USA;United Package;2017;5;1
12554;Switzerland;Speedy Express;2023;3;0
12555;France;Speedy Express;2021;4;1
12556;Portugal;Federal Shipping;2017;7;0
12557;USA;Federal Shipping;2021;9;0
12558;Brazil;United Package;2022;0;0
12559;Ireland;Speedy Express;2015;6;0
12560;Brazil;United Package;2022;0;0
12561;Germany;United Package;2016;6;1
12562;Finland;Speedy Express;2013;29;1
12563;Argentina;United Package;2019;2;0
12564;France;United Package;2014;13;0
12565;Mexico;Speedy Express;2013;5;0
12566;Germany;Speedy Express;2016;21;0
12567;UK;Speedy Express;2018;2;0
12568;Germany;Speedy Express;2013;4;0
12569;France;Federal Shipping;2016;7;1
12570;Germany;United Package;2013;2;0
12571;Switzerland;United Package;2015;11;0
12572;Germany;United Package;2015;4;0
12573;UK;United Package;2016;7;0
12574;Germany;Federal Shipping;2020;15;0
12575;Finland;Federal Shipping;2020;0;0
12576;Mexico;Speedy Express;2017;3;0
12577;UK;Federal Shipping;2014;3;0
12578;Canada;Federal Shipping;2017;9;0
12579;Canada;United Package;2015;9;0
12580;France;Federal Shipping;2013;20;1
12581;Austria;Speedy Express;2014;10;0
12582;Spain;Federal Shipping;2016;11;1
12583;USA;Federal Shipping;2013;14;1
12584;Finland;Federal Shipping;2014;1;0
12585;USA;Federal Shipping;2013;15;0
12586;Spain;Federal Shipping;2017;11;0
12587;Sweden;United Package;2023;10;1
12588;Sweden;United Package;2017;19;0
12589;Germany;Speedy Express;2015;23;0
12590;Germany;United Package;2019;10;0
12591;France;Speedy Express;2018;11;0
12592;Mexico;Speedy Express;2021;6;0
12593;France;Federal Shipping;2012;7;0
12594;Portugal;Federal Shipping;2015;9;0
12595;USA;Federal Shipping;2017;5;0
12596;Brazil;Federal Shipping;2014;13;1
12597;USA;Federal Shipping;2022;3;0
12598;Belgium;Speedy Express;2018;9;0
12599;Germany;Speedy Express;2014;15;1
12600;Switzerland;Federal Shipping;2016;7;0
12601;France;United Package;2020;0;0
12602;Argentina;United Package;2014;1;0
12603;France;Federal Shipping;2020;16;0
12604;France;Speedy Express;2020;18;1
12605;Italy;United Package;2018;3;0
12606;USA;Federal Shipping;2018;10;0
12607;Germany;Federal Shipping;2021;13;1
12608;Spain;United Package;2015;9;1
12609;Germany;Federal Shipping;2021;1;0
12610;Brazil;Speedy Express;2019;0;0
12611;Brazil;United Package;2019;1;1
12612;Mexico;Speedy Express;2020;3;0
12613;Norway;United Package;2015;4;0
12614;Mexico;Federal Shipping;2017;4;0
12615;UK;Speedy Express;2013;5;0
12616;Spain;United Package;2016;9;1
12617;USA;Speedy Express;2023;21;1
12618;USA;United Package;2022;13;1
12619;Brazil;United Package;2022;9;0
12620;UK;United Package;2014;16;1
12621;USA;United Package;2020;5;0
12622;USA;Federal Shipping;2016;16;0
12623;Belgium;Federal Shipping;2018;1;0
12624;Ireland;United Package;2020;6;0
12625;Venezuela;Federal Shipping;2020;1;0
12626;UK;United Package;2021;19;1
12627;Brazil;Speedy Express;2017;8;0
12628;Germany;Speedy Express;2017;12;0
12629;Mexico;Speedy Express;2015;8;0
12630;Norway;United Package;2015;1;0
12631;Argentina;United Package;2014;1;0
12632;Mexico;Federal Shipping;2015;14;0
12633;Switzerland;Speedy Express;2015;1;0
12634;Spain;Speedy Express;2022;19;1
12635;Venezuela;Speedy Express;2020;16;0
12636;Sweden;Federal Shipping;2022;10;0
12637;USA;Speedy Express;2018;24;1
12638;Germany;Speedy Express;2012;2;0
12639;Brazil;United Package;2018;0;0
12640;Germany;United Package;2021;1;0
12641;Belgium;Speedy Express;2013;3;0
12642;Brazil;United Package;2014;0;0
12643;Germany;United Package;2022;22;1
12644;USA;Speedy Express;2022;6;0
12645;Sweden;Federal Shipping;2016;7;0
12646;Mexico;Speedy Express;2021;9;0
12647;Ireland;Speedy Express;2020;19;0
12648;Portugal;Speedy Express;2014;6;0
12649;Germany;Speedy Express;2015;9;0
12650;Mexico;United Package;2019;13;0
12651;Brazil;Speedy Express;2015;28;0
12652;Brazil;United Package;2021;9;1
12653;UK;United Package;2016;2;0
12654;Canada;Speedy Express;2015;24;1
12655;UK;Federal Shipping;2020;15;0
12656;Brazil;Speedy Express;2018;2;0
12657;UK;United Package;2023;6;0
12658;Portugal;Federal Shipping;2019;15;0
12659;Finland;Federal Shipping;2018;1;0
12660;France;Federal Shipping;2014;5;0
12661;Germany;United Package;2022;14;1
12662;Brazil;Speedy Express;2021;3;0
12663;Germany;Speedy Express;2018;0;1
12664;Switzerland;Federal Shipping;2021;3;0
12665;France;Speedy Express;2013;15;0
12666;Mexico;Speedy Express;2015;14;1
12667;Brazil;Federal Shipping;2022;10;0
12668;UK;Speedy Express;2012;16;1
12669;UK;United Package;2015;1;0
12670;Belgium;United Package;2019;7;1
12671;France;Speedy Express;2012;5;0
12672;Venezuela;Federal Shipping;2015;3;0
12673;Denmark;Speedy Express;2018;4;0
12674;Brazil;Speedy Express;2016;14;1
12675;USA;United Package;2015;15;1
12676;USA;United Package;2014;0;0
12677;Germany;United Package;2013;8;0
12678;Germany;United Package;2019;2;0
12679;Argentina;Federal Shipping;2013;1;0
12680;Germany;Speedy Express;2023;3;0
12681;Spain;United Package;2015;1;0
12682;Spain;United Package;2023;1;0
12683;Belgium;Speedy Express;2013;22;1
12684;Venezuela;Speedy Express;2015;22;1
12685;Germany;Federal Shipping;2021;16;0
12686;Germany;Speedy Express;2017;17;1
12687;France;United Package;2015;20;1
12688;Venezuela;Federal Shipping;2013;2;0
12689;Canada;Federal Shipping;2014;0;0
12690;Venezuela;United Package;2013;2;0
12691;Austria;Federal Shipping;2012;11;0
12692;France;United Package;2013;16;0
12693;UK;United Package;2023;17;1
12694;Mexico;United Package;2014;9;0
12695;Ireland;United Package;2015;25;0
12696;Brazil;Speedy Express;2012;1;0
12697;Venezuela;Federal Shipping;2017;0;0
12698;Argentina;United Package;2021;29;1
12699;Brazil;Federal Shipping;2016;1;0
12700;Ireland;Speedy Express;2014;13;1
12701;Denmark;Speedy Express;2022;6;0
12702;Mexico;United Package;2015;12;0
12703;Mexico;United Package;2021;4;0
12704;Venezuela;Speedy Express;2018;20;0
12705;Argentina;Federal Shipping;2019;5;0
12706;Belgium;United Package;2021;6;1
12707;Italy;United Package;2019;9;1
12708;Italy;Federal Shipping;2015;1;0
12709;France;Federal Shipping;2015;15;1
12710;Ireland;United Package;2018;19;0
12711;Canada;Federal Shipping;2020;2;0
12712;France;Federal Shipping;2017;26;1
12713;France;United Package;2017;17;0
12714;Argentina;Speedy Express;2021;4;0
12715;Norway;Speedy Express;2013;13;0
12716;Belgium;United Package;2013;13;0
12717;Portugal;Federal Shipping;2014;5;0
12718;Ireland;Speedy Express;2017;2;0
12719;UK;United Package;2014;12;0
12720;Denmark;United Package;2014;14;0
12721;France;Federal Shipping;2017;2;1
12722;USA;Speedy Express;2017;2;0
12723;Ireland;United Package;2023;2;1
12724;France;United Package;2018;1;0
12725;Germany;Speedy Express;2016;26;1
12726;Finland;Federal Shipping;2017;1;0
12727;Mexico;United Package;2015;7;0
12728;Belgium;United Package;2018;4;1
12729;UK;Federal Shipping;2013;7;0
12730;USA;United Package;2020;10;0
12731;Mexico;Federal Shipping;2014;5;0
12732;Venezuela;Speedy Express;2022;1;0
12733;Austria;United Package;2016;4;1
12734;USA;United Package;2017;11;1
12735;Mexico;United Package;2014;10;0
12736;France;United Package;2016;4;0
12737;USA;Speedy Express;2015;3;0
12738;Portugal;Federal Shipping;2016;25;1
12739;USA;Speedy Express;2017;21;1
12740;UK;Federal Shipping;2018;10;0
12741;Italy;Speedy Express;2019;18;0
12742;France;Federal Shipping;2018;7;0
12743;Germany;Speedy Express;2013;21;1
12744;Venezuela;United Package;2013;26;1
12745;Germany;Speedy Express;2017;7;0
12746;Mexico;Speedy Express;2012;2;0
12747;Germany;Federal Shipping;2017;12;0
12748;France;Federal Shipping;2021;14;1
12749;Germany;United Package;2016;14;0
12750;Brazil;Speedy Express;2017;1;0
12751;Italy;Federal Shipping;2019;11;0
12752;Mexico;United Package;2019;4;0
12753;USA;Federal Shipping;2020;3;0
12754;USA;Federal Shipping;2017;13;0
12755;Venezuela;Speedy Express;2023;2;0
12756;Canada;Speedy Express;2013;3;0
12757;France;Federal Shipping;2016;2;0
12758;UK;Speedy Express;2012;2;0
12759;Poland;Federal Shipping;2016;0;0
12760;France;United Package;2012;9;0
12761;UK;Speedy Express;2019;3;0
12762;Italy;Federal Shipping;2013;12;1
12763;France;Federal Shipping;2017;11;0
12764;Spain;Federal Shipping;2012;27;1
12765;UK;United Package;2017;16;0
12766;Sweden;Federal Shipping;2019;20;1
12767;Germany;Federal Shipping;2021;6;1
12768;Mexico;Speedy Express;2016;4;0
12769;UK;Speedy Express;2013;18;1
12770;UK;United Package;2019;5;0
12771;Spain;Speedy Express;2015;2;0
12772;UK;Federal Shipping;2017;0;0
12773;Brazil;Federal Shipping;2020;4;0
12774;Mexico;United Package;2019;5;0
12775;USA;Federal Shipping;2014;14;1
12776;Italy;Speedy Express;2023;13;1
12777;France;Federal Shipping;2018;3;0
12778;Portugal;United Package;2022;6;0
12779;Austria;Federal Shipping;2019;0;0
12780;Venezuela;Federal Shipping;2017;20;0
12781;France;United Package;2020;9;0
12782;France;United Package;2023;6;0
12783;USA;Federal Shipping;2020;7;1
12784;USA;Federal Shipping;2014;13;0
12785;Mexico;Federal Shipping;2019;14;1
12786;Germany;United Package;2016;2;0
12787;UK;United Package;2019;4;0
12788;USA;Speedy Express;2013;17;0
12789;Germany;United Package;2021;9;1
12790;Denmark;United Package;2016;8;0
12791;USA;Speedy Express;2023;4;0
12792;Germany;United Package;2015;11;0
12793;France;United Package;2021;3;0
12794;Ireland;Speedy Express;2021;1;0
12795;UK;Speedy Express;2023;1;0
12796;Finland;United Package;2022;6;0
12797;UK;Federal Shipping;2022;1;0
12798;Germany;United Package;2018;6;0
12799;Canada;Federal Shipping;2020;26;0
12800;USA;Speedy Express;2013;2;0
12801;Denmark;United Package;2022;7;0
12802;Brazil;Federal Shipping;2018;1;0
12803;Germany;Speedy Express;2018;21;0
12804;Austria;United Package;2022;18;0
12805;France;Federal Shipping;2022;0;0
12806;Germany;United Package;2020;0;0
12807;France;Federal Shipping;2016;4;0
12808;Brazil;United Package;2019;2;0
12809;Canada;Federal Shipping;2017;14;1
12810;France;Speedy Express;2017;19;1
12811;Mexico;Speedy Express;2012;12;1
12812;Denmark;Federal Shipping;2020;8;0
12813;UK;Speedy Express;2017;8;0
12814;Germany;Federal Shipping;2016;2;0
12815;UK;United Package;2014;8;0
12816;Germany;Speedy Express;2019;5;0
12817;Finland;Federal Shipping;2014;5;0
12818;Italy;Federal Shipping;2022;5;0
12819;France;Speedy Express;2015;7;0
12820;USA;United Package;2022;4;0
12821;Brazil;Speedy Express;2022;9;0
12822;Poland;Speedy Express;2019;1;0
12823;Canada;Speedy Express;2021;2;0
12824;Mexico;United Package;2022;15;1
12825;Austria;United Package;2017;2;0
12826;France;Speedy Express;2022;9;0
12827;France;United Package;2013;17;0
12828;Belgium;United Package;2013;3;0
12829;USA;Federal Shipping;2020;5;1
12830;Italy;Federal Shipping;2016;17;1
12831;USA;Speedy Express;2021;3;0
12832;Argentina;United Package;2016;21;1
12833;USA;Speedy Express;2018;7;0
12834;Norway;United Package;2014;4;0
12835;Germany;Federal Shipping;2021;8;0
12836;Germany;United Package;2019;21;1
12837;USA;United Package;2020;5;0
12838;USA;United Package;2019;6;0
12839;Mexico;Speedy Express;2012;1;0
12840;Sweden;Speedy Express;2019;2;0
12841;Germany;Federal Shipping;2022;9;0
12842;Germany;United Package;2015;4;0
12843;Spain;United Package;2017;5;0
12844;Brazil;United Package;2018;6;1
12845;Brazil;United Package;2022;12;1
12846;Germany;Speedy Express;2017;4;0
12847;France;United Package;2022;2;0
12848;Finland;United Package;2014;9;1
12849;Austria;United Package;2021;0;0
12850;France;United Package;2017;0;0
12851;Germany;Federal Shipping;2022;15;1
12852;Germany;Speedy Express;2018;0;0
12853;Brazil;United Package;2020;5;1
12854;Finland;Speedy Express;2015;13;0
12855;Denmark;Speedy Express;2016;5;0
12856;Canada;United Package;2014;1;0
12857;Germany;Speedy Express;2023;19;0
12858;France;United Package;2016;1;0
12859;Germany;United Package;2013;15;0
12860;Brazil;United Package;2019;2;0
12861;USA;Federal Shipping;2021;13;1
12862;Belgium;United Package;2014;0;0
12863;Spain;United Package;2013;3;0
12864;Mexico;Federal Shipping;2015;16;0
12865;Argentina;Speedy Express;2022;3;0
12866;USA;United Package;2014;1;0
12867;USA;Speedy Express;2019;11;0
12868;Germany;Speedy Express;2018;3;0
12869;Argentina;United Package;2021;0;0
12870;Norway;United Package;2016;3;0
12871;Brazil;Federal Shipping;2013;11;1
12872;UK;Federal Shipping;2019;16;0
12873;Poland;Federal Shipping;2023;3;0
12874;Brazil;United Package;2021;1;0
12875;France;United Package;2020;7;1
12876;Germany;United Package;2019;11;0
12877;Canada;Federal Shipping;2014;1;0
12878;Italy;Federal Shipping;2020;25;1
12879;France;Federal Shipping;2012;11;1
12880;France;Federal Shipping;2019;14;0
12881;Belgium;Speedy Express;2019;0;0
12882;USA;Speedy Express;2021;10;0
12883;Switzerland;Federal Shipping;2014;1;0
12884;USA;United Package;2022;7;0
12885;Germany;Federal Shipping;2020;7;0
12886;Canada;Speedy Express;2019;10;0
12887;USA;Speedy Express;2018;20;0
12888;Italy;United Package;2019;10;0
12889;USA;United Package;2018;8;0
12890;UK;Federal Shipping;2020;1;0
12891;Brazil;Federal Shipping;2023;4;0
12892;Mexico;Federal Shipping;2021;4;1
12893;Argentina;Federal Shipping;2018;10;1
12894;UK;Speedy Express;2019;5;0
12895;Germany;Speedy Express;2015;10;0
12896;Belgium;United Package;2021;3;0
12897;UK;Speedy Express;2015;6;0
12898;Brazil;Federal Shipping;2020;9;1
12899;Sweden;Speedy Express;2022;2;0
12900;Austria;United Package;2022;5;0
12901;USA;United Package;2012;4;0
12902;Germany;United Package;2020;9;0
12903;France;Speedy Express;2019;15;0
12904;USA;United Package;2014;28;1
12905;France;Speedy Express;2020;2;0
12906;Finland;Federal Shipping;2016;4;0
12907;USA;Federal Shipping;2015;3;1
12908;USA;Speedy Express;2022;4;0
12909;Germany;Federal Shipping;2015;5;0
12910;Brazil;United Package;2015;18;1
12911;Venezuela;Federal Shipping;2019;4;0
12912;USA;United Package;2022;0;0
12913;France;Federal Shipping;2013;13;1
12914;Germany;Federal Shipping;2019;1;0
12915;France;Speedy Express;2014;3;0
12916;USA;Speedy Express;2016;4;0
12917;UK;Speedy Express;2014;22;0
12918;Sweden;Speedy Express;2019;17;1
12919;Austria;Speedy Express;2013;6;0
12920;Germany;United Package;2023;9;0
12921;Finland;Federal Shipping;2021;14;0
12922;USA;Federal Shipping;2021;8;1
12923;USA;United Package;2016;19;0
12924;Germany;United Package;2013;1;0
12925;Ireland;Federal Shipping;2022;7;0
12926;UK;Federal Shipping;2021;3;0
12927;France;Federal Shipping;2022;4;0
12928;France;United Package;2019;6;0
12929;France;Federal Shipping;2019;6;1
12930;Italy;Speedy Express;2016;1;0
12931;Denmark;United Package;2021;17;0
12932;Germany;Speedy Express;2019;1;0
12933;UK;Speedy Express;2018;13;0
12934;UK;Federal Shipping;2018;16;0
12935;Spain;Federal Shipping;2023;9;0
12936;UK;Federal Shipping;2022;1;1
12937;Venezuela;Speedy Express;2013;9;1
12938;Mexico;Speedy Express;2015;1;0
12939;UK;Speedy Express;2018;1;0
12940;Germany;United Package;2014;0;0
12941;USA;Federal Shipping;2021;17;1
12942;UK;Speedy Express;2022;13;0
12943;Spain;United Package;2016;13;1
12944;USA;United Package;2020;2;0
12945;USA;Speedy Express;2017;2;0
12946;USA;Speedy Express;2023;10;0
12947;Mexico;Federal Shipping;2023;9;0
12948;Argentina;Federal Shipping;2023;4;1
12949;Canada;Speedy Express;2016;1;0
12950;Germany;United Package;2022;7;0
12951;Venezuela;United Package;2017;1;0
12952;Brazil;United Package;2015;3;0
12953;Venezuela;Federal Shipping;2013;16;1
12954;Germany;Federal Shipping;2018;16;0
12955;UK;Federal Shipping;2015;0;0
12956;Poland;Federal Shipping;2017;6;0
12957;USA;Federal Shipping;2018;2;0
12958;Brazil;Speedy Express;2020;3;0
12959;Germany;United Package;2019;2;0
12960;Finland;United Package;2019;1;0
12961;Sweden;Federal Shipping;2021;5;0
12962;Finland;Speedy Express;2019;5;0
12963;Norway;Federal Shipping;2023;3;0
12964;Switzerland;Speedy Express;2020;3;1
12965;Brazil;Speedy Express;2023;5;0
12966;USA;Speedy Express;2013;7;0
12967;Belgium;United Package;2017;10;0
12968;Canada;United Package;2012;12;0
12969;Denmark;Speedy Express;2023;21;1
12970;Venezuela;United Package;2022;1;0
12971;Germany;Speedy Express;2016;25;1
12972;Venezuela;Federal Shipping;2014;11;1
12973;France;United Package;2017;20;1
12974;Spain;United Package;2014;0;0
12975;Venezuela;Federal Shipping;2014;17;1
12976;Finland;Federal Shipping;2020;0;0
12977;USA;Speedy Express;2018;26;1
12978;UK;United Package;2014;11;0
12979;Sweden;Speedy Express;2013;12;0
12980;UK;United Package;2016;14;1
12981;France;United Package;2021;3;0
12982;Poland;Federal Shipping;2021;6;0
12983;USA;Speedy Express;2017;0;0
12984;Brazil;Federal Shipping;2018;26;1
12985;Brazil;Speedy Express;2019;1;0
12986;USA;Speedy Express;2022;17;1
12987;Finland;United Package;2015;9;0
12988;Brazil;United Package;2018;1;0
12989;Finland;Federal Shipping;2013;9;0
12990;USA;Federal Shipping;2018;17;1
12991;Finland;Federal Shipping;2014;19;1
12992;France;Speedy Express;2019;8;0
12993;France;United Package;2015;18;0
12994;Brazil;Federal Shipping;2022;20;1
12995;Germany;United Package;2019;26;1
12996;Brazil;Speedy Express;2018;3;0
12997;Sweden;United Package;2023;7;1
12998;Italy;United Package;2015;10;0
12999;Germany;Federal Shipping;2021;1;0
13000;Switzerland;United Package;2019;1;0
13001;Mexico;Speedy Express;2017;5;0
13002;France;Speedy Express;2021;0;0
13003;Argentina;Speedy Express;2013;2;0
13004;UK;Federal Shipping;2020;14;0
13005;France;Federal Shipping;2021;10;1
13006;France;Speedy Express;2020;14;0
13007;USA;United Package;2012;4;0
13008;USA;Speedy Express;2021;1;1
13009;Germany;Federal Shipping;2014;5;1
13010;Germany;Speedy Express;2021;1;0
13011;UK;Federal Shipping;2018;2;0
13012;Mexico;Federal Shipping;2018;4;0
13013;USA;United Package;2018;0;0
13014;Mexico;United Package;2022;4;1
13015;Austria;United Package;2017;16;1
13016;Brazil;United Package;2013;13;1
13017;Switzerland;United Package;2022;9;0
13018;UK;Speedy Express;2013;15;0
13019;Portugal;United Package;2022;15;1
13020;Mexico;United Package;2021;3;0
13021;Canada;Federal Shipping;2019;2;0
13022;Brazil;Federal Shipping;2020;5;0
13023;Venezuela;Speedy Express;2016;22;1
13024;Poland;United Package;2022;9;0
13025;Germany;United Package;2023;1;0
13026;Venezuela;United Package;2018;5;0
13027;Brazil;United Package;2023;8;0
13028;USA;United Package;2015;5;0
13029;USA;Federal Shipping;2020;11;0
13030;Italy;United Package;2013;12;0
13031;UK;Speedy Express;2021;1;1
13032;USA;United Package;2017;11;0
13033;Denmark;Speedy Express;2022;8;0
13034;France;Federal Shipping;2023;18;0
13035;Germany;Federal Shipping;2019;1;0
13036;France;United Package;2019;0;0
13037;Denmark;Federal Shipping;2019;15;1
13038;USA;Federal Shipping;2017;0;0
13039;USA;Speedy Express;2021;2;0
13040;Germany;Federal Shipping;2022;3;1
13041;USA;Speedy Express;2021;5;1
13042;UK;United Package;2023;2;0
13043;Norway;United Package;2022;6;0
13044;Spain;Speedy Express;2016;3;0
13045;Canada;United Package;2022;10;1
13046;France;Speedy Express;2023;5;0
13047;UK;Federal Shipping;2023;5;0
13048;Spain;United Package;2022;3;0
13049;Denmark;United Package;2021;10;0
13050;Canada;Federal Shipping;2013;8;1
13051;Brazil;United Package;2018;13;0
13052;France;United Package;2013;5;0
13053;Germany;Federal Shipping;2016;28;1
13054;Austria;Speedy Express;2017;2;1
13055;Brazil;United Package;2020;4;0
13056;Spain;Federal Shipping;2016;21;1
13057;Brazil;Federal Shipping;2013;1;0
13058;Portugal;Federal Shipping;2018;20;0
13059;Sweden;Speedy Express;2017;15;1
13060;UK;United Package;2022;14;0
13061;Ireland;United Package;2018;7;0
13062;UK;United Package;2017;1;0
13063;Germany;United Package;2018;16;0
13064;Venezuela;Federal Shipping;2018;9;0
13065;Spain;Speedy Express;2020;1;0
13066;Brazil;Federal Shipping;2016;8;1
13067;Brazil;Federal Shipping;2016;9;1
13068;USA;Speedy Express;2017;5;0
13069;Norway;Federal Shipping;2016;13;1
13070;France;Speedy Express;2018;25;1
13071;Denmark;Speedy Express;2013;10;0
13072;USA;United Package;2016;1;0
13073;Germany;Federal Shipping;2015;25;0
13074;Mexico;Federal Shipping;2012;15;0
13075;Finland;Speedy Express;2016;7;0
13076;Mexico;United Package;2016;14;0
13077;Germany;Federal Shipping;2015;20;1
13078;Belgium;Speedy Express;2017;2;0
13079;Sweden;United Package;2019;8;0
13080;Denmark;Speedy Express;2014;5;1
13081;Germany;Speedy Express;2017;19;0
13082;Italy;Federal Shipping;2019;17;0
13083;Germany;Speedy Express;2014;15;1
13084;France;Federal Shipping;2018;2;0
13085;Mexico;United Package;2018;2;0
13086;Spain;Speedy Express;2012;9;0
13087;France;United Package;2015;9;1
13088;Spain;Federal Shipping;2016;11;0
13089;Belgium;Federal Shipping;2015;17;0
13090;Germany;Federal Shipping;2016;6;0
13091;France;Speedy Express;2020;5;0
13092;Belgium;Speedy Express;2015;7;0
13093;Denmark;United Package;2012;3;0
13094;Germany;United Package;2017;9;0
13095;Brazil;Speedy Express;2014;12;0
13096;Germany;Speedy Express;2023;9;0
13097;Brazil;Federal Shipping;2020;1;0
13098;Brazil;Federal Shipping;2014;22;1
13099;Norway;Federal Shipping;2014;3;1
13100;Mexico;Speedy Express;2016;3;0
13101;Spain;Speedy Express;2021;6;0
13102;USA;Federal Shipping;2019;16;0
13103;France;United Package;2022;8;0
13104;Canada;Speedy Express;2014;5;0
13105;Mexico;United Package;2022;11;0
13106;Mexico;United Package;2014;2;0
13107;Belgium;United Package;2019;2;0
13108;Mexico;Federal Shipping;2021;15;1
13109;Brazil;United Package;2016;0;0
13110;Denmark;Speedy Express;2014;1;0
13111;UK;Speedy Express;2022;4;0
13112;Germany;Federal Shipping;2018;18;1
13113;Spain;Federal Shipping;2018;5;0
13114;Sweden;Federal Shipping;2017;18;0
13115;France;United Package;2019;5;0
13116;Brazil;Speedy Express;2020;4;0
13117;Austria;Federal Shipping;2023;20;1
13118;UK;Speedy Express;2022;5;0
13119;USA;Speedy Express;2017;1;0
13120;Denmark;Speedy Express;2015;24;1
13121;Portugal;Federal Shipping;2023;15;0
13122;Spain;United Package;2023;9;0
13123;Spain;Federal Shipping;2018;19;0
13124;Brazil;Speedy Express;2017;3;0
13125;Canada;Federal Shipping;2021;1;0
13126;USA;United Package;2018;12;0
13127;Germany;Speedy Express;2017;18;1
13128;Switzerland;Speedy Express;2013;0;0
13129;Spain;Federal Shipping;2013;0;0
13130;Poland;United Package;2019;1;0
13131;Germany;United Package;2013;3;0
13132;Poland;Federal Shipping;2014;2;0
13133;Ireland;Speedy Express;2019;5;0
13134;Argentina;Federal Shipping;2023;3;0
13135;France;Federal Shipping;2013;14;1
13136;UK;Speedy Express;2015;12;0
13137;Ireland;Federal Shipping;2023;5;0
13138;France;Speedy Express;2015;2;1
13139;Argentina;United Package;2021;8;0
13140;USA;United Package;2022;0;0
13141;Spain;United Package;2021;1;1
13142;USA;Speedy Express;2013;19;0
13143;France;Federal Shipping;2020;0;1
13144;USA;Speedy Express;2020;10;1
13145;Germany;United Package;2018;1;0
13146;Denmark;Speedy Express;2017;2;0
13147;USA;Speedy Express;2016;25;1
13148;USA;Speedy Express;2018;1;0
13149;Norway;Speedy Express;2021;8;0
13150;France;United Package;2015;0;0
13151;Finland;United Package;2023;6;1
13152;Switzerland;United Package;2023;2;0
13153;Spain;United Package;2017;8;0
13154;Germany;United Package;2022;1;0
13155;France;Speedy Express;2020;4;0
13156;USA;Federal Shipping;2013;2;0
13157;Germany;Federal Shipping;2018;5;0
13158;France;Speedy Express;2019;4;0
13159;France;Federal Shipping;2014;8;0
13160;Sweden;Federal Shipping;2021;4;0
13161;USA;United Package;2013;21;0
13162;USA;United Package;2022;6;0
13163;Italy;Speedy Express;2013;3;0
13164;USA;Speedy Express;2022;11;0
13165;Norway;Federal Shipping;2014;4;0
13166;Finland;Federal Shipping;2020;1;0
13167;UK;United Package;2014;15;1
13168;Brazil;Federal Shipping;2015;3;0
13169;Germany;Speedy Express;2015;5;0
13170;Spain;Speedy Express;2013;14;0
13171;Germany;Federal Shipping;2020;20;1
13172;France;Speedy Express;2022;18;1
13173;UK;Federal Shipping;2021;10;0
13174;Brazil;Federal Shipping;2023;1;0
13175;UK;Federal Shipping;2018;3;0
13176;Germany;Speedy Express;2014;2;0
13177;Germany;Federal Shipping;2014;9;0
13178;Argentina;Speedy Express;2022;0;0
13179;Germany;United Package;2018;19;1
13180;Venezuela;United Package;2023;12;0
13181;Switzerland;Federal Shipping;2015;2;0
13182;Denmark;Federal Shipping;2014;1;0
13183;Germany;Federal Shipping;2022;10;0
13184;Argentina;United Package;2020;1;0
13185;Sweden;United Package;2021;3;0
13186;Brazil;United Package;2021;16;0
13187;France;United Package;2013;1;0
13188;Switzerland;Federal Shipping;2016;0;0
13189;Germany;United Package;2021;9;1
13190;Germany;United Package;2020;7;0
13191;Sweden;Federal Shipping;2014;7;1
13192;Germany;Speedy Express;2017;12;0
13193;Germany;Speedy Express;2022;9;0
13194;USA;Speedy Express;2023;17;1
13195;Germany;Federal Shipping;2019;2;0
13196;France;Federal Shipping;2019;0;0
13197;France;Speedy Express;2018;19;1
13198;Mexico;Speedy Express;2019;2;0
13199;UK;Federal Shipping;2014;17;1
13200;Argentina;Speedy Express;2022;0;0
13201;Spain;Federal Shipping;2017;18;0
13202;Germany;Speedy Express;2018;3;0
13203;Spain;Speedy Express;2020;9;0
13204;France;Speedy Express;2021;7;0
13205;Brazil;Federal Shipping;2018;10;0
13206;UK;Speedy Express;2023;0;0
13207;UK;United Package;2019;11;1
13208;France;United Package;2012;3;0
13209;USA;Federal Shipping;2021;2;0
13210;Argentina;United Package;2021;8;1
13211;Switzerland;Federal Shipping;2017;7;0
13212;UK;Speedy Express;2017;6;0
13213;USA;United Package;2018;9;0
13214;Brazil;Federal Shipping;2017;2;0
13215;Spain;United Package;2015;0;0
13216;Germany;United Package;2015;9;0
13217;Germany;Speedy Express;2023;24;0
13218;Brazil;Federal Shipping;2016;2;0
13219;Mexico;Federal Shipping;2019;3;0
13220;Mexico;Speedy Express;2023;19;0
13221;Mexico;United Package;2016;23;0
13222;Germany;Federal Shipping;2021;18;0
13223;Portugal;Federal Shipping;2020;9;1
13224;Argentina;Federal Shipping;2022;1;0
13225;Germany;United Package;2023;4;0
13226;France;Federal Shipping;2022;20;0
13227;Portugal;Speedy Express;2023;17;1
13228;Argentina;Speedy Express;2021;2;0
13229;Brazil;Speedy Express;2013;16;0
13230;Brazil;United Package;2020;6;1
13231;USA;United Package;2020;6;0
13232;USA;Federal Shipping;2023;0;0
13233;Venezuela;United Package;2023;2;0
13234;UK;Speedy Express;2015;1;0
13235;Switzerland;Federal Shipping;2013;6;0
13236;Ireland;Federal Shipping;2023;4;0
13237;UK;United Package;2022;13;1
13238;USA;United Package;2023;4;1
13239;UK;Speedy Express;2016;13;0
13240;USA;Federal Shipping;2014;6;0
13241;Brazil;Federal Shipping;2017;13;1
13242;USA;Federal Shipping;2023;11;0
13243;Brazil;United Package;2020;7;0
13244;USA;Federal Shipping;2015;7;0
13245;Poland;Speedy Express;2019;0;0
13246;Brazil;Federal Shipping;2013;2;0
13247;Venezuela;Speedy Express;2016;15;0
13248;USA;Federal Shipping;2021;8;1
13249;Portugal;Federal Shipping;2020;16;0
13250;Germany;Federal Shipping;2018;5;0
13251;Germany;Speedy Express;2017;11;0
13252;France;Speedy Express;2020;16;1
13253;USA;Speedy Express;2021;10;0
13254;Germany;Speedy Express;2014;9;0
13255;Brazil;United Package;2018;4;0
13256;Brazil;Speedy Express;2018;12;0
13257;Germany;Speedy Express;2017;25;1
13258;Austria;Speedy Express;2022;3;0
13259;Finland;Speedy Express;2012;2;0
13260;Portugal;Federal Shipping;2016;1;0
13261;Germany;Federal Shipping;2016;13;0
13262;UK;Speedy Express;2022;24;1
13263;France;United Package;2017;0;0
13264;France;United Package;2014;20;1
13265;UK;Federal Shipping;2022;8;0
13266;Germany;Speedy Express;2017;13;0
13267;France;United Package;2014;3;0
13268;Finland;Federal Shipping;2019;0;0
13269;Germany;Speedy Express;2022;2;0
13270;USA;Speedy Express;2013;8;1
13271;USA;United Package;2016;19;1
13272;Denmark;United Package;2018;14;1
13273;Germany;United Package;2016;12;1
13274;Brazil;Federal Shipping;2020;12;0
13275;Switzerland;United Package;2020;0;0
13276;Italy;Federal Shipping;2017;1;0
13277;Finland;Federal Shipping;2019;2;0
13278;Switzerland;Federal Shipping;2015;4;0
13279;Belgium;Federal Shipping;2023;0;0
13280;France;Federal Shipping;2013;16;1
13281;Venezuela;United Package;2016;12;0
13282;Argentina;United Package;2015;1;0
13283;UK;Federal Shipping;2023;4;0
13284;Germany;Federal Shipping;2015;16;0
13285;Canada;Federal Shipping;2017;14;1
13286;France;Federal Shipping;2014;1;0
13287;Poland;Speedy Express;2022;13;1
13288;France;Speedy Express;2017;23;1
13289;Sweden;United Package;2020;15;0
13290;Spain;Federal Shipping;2012;1;0
13291;Belgium;Federal Shipping;2020;11;0
13292;Venezuela;United Package;2015;10;0
13293;USA;Federal Shipping;2016;7;1
13294;Italy;United Package;2023;3;1
13295;UK;Federal Shipping;2012;11;0
13296;France;Speedy Express;2022;9;0
13297;France;Federal Shipping;2015;11;0
13298;Portugal;Speedy Express;2016;6;0
13299;Italy;United Package;2019;8;0
13300;Brazil;United Package;2012;3;0
13301;Brazil;Speedy Express;2021;5;0
13302;France;Federal Shipping;2012;11;0
13303;Spain;Speedy Express;2018;1;0
13304;Ireland;United Package;2021;0;0
13305;USA;United Package;2012;4;0
13306;USA;Speedy Express;2021;6;1
13307;France;Federal Shipping;2019;7;1
13308;Spain;United Package;2014;12;0
13309;France;United Package;2020;24;1
13310;Austria;Speedy Express;2022;15;1
13311;Germany;United Package;2020;17;1
13312;USA;Speedy Express;2019;3;0
13313;Germany;Federal Shipping;2016;11;0
13314;France;Speedy Express;2020;1;0
13315;Germany;Speedy Express;2019;4;0
13316;Brazil;Speedy Express;2016;2;0
13317;USA;Speedy Express;2013;20;0
13318;Germany;Federal Shipping;2018;1;0
13319;France;Speedy Express;2016;6;1
13320;Denmark;Federal Shipping;2020;14;0
13321;Brazil;Federal Shipping;2014;6;0
13322;Spain;Federal Shipping;2021;19;1
13323;Italy;Speedy Express;2019;3;0
13324;France;Federal Shipping;2022;25;0
13325;Germany;Federal Shipping;2012;4;0
13326;Venezuela;Federal Shipping;2023;6;0
13327;Mexico;Federal Shipping;2014;4;1
13328;Sweden;Federal Shipping;2017;0;0
13329;Poland;Speedy Express;2015;7;0
13330;Germany;United Package;2013;11;0
13331;Spain;Speedy Express;2017;0;0
13332;Brazil;Speedy Express;2014;0;0
13333;Germany;Federal Shipping;2022;0;0
13334;Brazil;United Package;2015;19;1
13335;Poland;Federal Shipping;2023;3;0
13336;Argentina;Speedy Express;2013;3;0
13337;Argentina;Speedy Express;2015;3;0
13338;UK;Speedy Express;2018;7;0
13339;Argentina;Speedy Express;2022;5;0
13340;Germany;Speedy Express;2023;3;0
13341;Portugal;Federal Shipping;2023;8;0
13342;Argentina;Federal Shipping;2021;1;0
13343;Argentina;Speedy Express;2017;11;0
13344;France;United Package;2017;1;0
13345;Canada;United Package;2023;1;0
13346;Sweden;Federal Shipping;2019;6;0
13347;Brazil;Federal Shipping;2016;20;1
13348;Brazil;Federal Shipping;2017;26;1
13349;Italy;Speedy Express;2013;5;0
13350;Denmark;United Package;2013;6;0
13351;Austria;Speedy Express;2023;2;0
13352;USA;Speedy Express;2014;0;0
13353;Canada;Speedy Express;2013;8;0
13354;Canada;Speedy Express;2021;4;0
13355;Venezuela;United Package;2014;11;0
13356;Canada;Federal Shipping;2022;18;1
13357;Germany;Speedy Express;2021;0;0
13358;USA;Federal Shipping;2015;2;1
13359;Argentina;United Package;2022;15;0
13360;UK;United Package;2017;1;0
13361;Canada;Speedy Express;2022;2;0
13362;Ireland;Speedy Express;2016;16;1
13363;Canada;United Package;2012;2;1
13364;UK;Federal Shipping;2016;8;1
13365;Poland;Speedy Express;2015;14;1
13366;UK;United Package;2023;27;1
13367;UK;Speedy Express;2021;3;0
13368;Brazil;United Package;2017;9;0
13369;Venezuela;Speedy Express;2023;0;0
13370;Mexico;Federal Shipping;2020;8;0
13371;UK;Speedy Express;2020;12;1
13372;Italy;United Package;2022;6;0
13373;Germany;United Package;2017;1;0
13374;Germany;Speedy Express;2021;15;0
13375;France;Speedy Express;2013;1;0
13376;Mexico;Federal Shipping;2012;19;1
13377;UK;United Package;2021;1;0
13378;Germany;Speedy Express;2014;5;1
13379;Finland;Speedy Express;2019;17;1
13380;Spain;Speedy Express;2021;1;0
13381;Mexico;Speedy Express;2018;0;0
13382;France;United Package;2019;5;1
13383;Denmark;United Package;2021;10;0
13384;Germany;Speedy Express;2017;16;0
13385;Argentina;Speedy Express;2023;12;0
13386;Germany;Federal Shipping;2020;3;0
13387;Germany;Speedy Express;2015;29;0
13388;Brazil;Federal Shipping;2014;1;0
13389;Belgium;United Package;2021;0;0
13390;Portugal;Speedy Express;2021;1;0
13391;Germany;Federal Shipping;2021;2;0
13392;UK;Federal Shipping;2017;9;0
13393;USA;Federal Shipping;2015;9;0
13394;France;United Package;2019;15;0
13395;France;Speedy Express;2018;0;0
13396;Germany;Speedy Express;2018;14;0
13397;Venezuela;Federal Shipping;2020;0;0
13398;USA;United Package;2023;2;0
13399;Italy;United Package;2018;14;0
13400;France;Speedy Express;2015;13;1
13401;Venezuela;Speedy Express;2023;8;0
13402;Portugal;Speedy Express;2020;17;1
13403;UK;Federal Shipping;2021;10;0
13404;Portugal;Federal Shipping;2015;1;0
13405;USA;Speedy Express;2014;24;1
13406;Sweden;Federal Shipping;2021;4;0
13407;Mexico;Federal Shipping;2017;9;0
13408;Brazil;Speedy Express;2014;11;0
13409;USA;Speedy Express;2021;1;0
13410;Canada;Speedy Express;2019;3;0
13411;Spain;Federal Shipping;2012;6;0
13412;Norway;Speedy Express;2015;6;1
13413;Brazil;United Package;2015;9;0
13414;France;Federal Shipping;2019;5;0
13415;Canada;United Package;2023;10;1
13416;USA;United Package;2022;2;0
13417;Portugal;Speedy Express;2019;11;1
13418;Spain;Federal Shipping;2015;1;0
13419;Venezuela;United Package;2014;15;1
13420;Denmark;Speedy Express;2017;4;0
13421;Spain;Speedy Express;2017;11;0
13422;USA;Speedy Express;2023;0;0
13423;Canada;Federal Shipping;2013;3;0
13424;Mexico;United Package;2021;3;0
13425;Mexico;Speedy Express;2023;2;1
13426;Sweden;Speedy Express;2020;9;1
13427;Germany;Federal Shipping;2012;19;0
13428;France;Speedy Express;2017;5;0
13429;USA;United Package;2014;17;1
13430;Spain;United Package;2014;0;0
13431;Venezuela;Speedy Express;2021;4;1
13432;USA;United Package;2021;12;1
13433;Argentina;United Package;2012;15;0
13434;UK;Speedy Express;2013;20;0
13435;Italy;Speedy Express;2017;8;0
13436;Canada;United Package;2021;1;0
13437;Brazil;Federal Shipping;2020;1;0
13438;Brazil;United Package;2018;9;0
13439;Norway;Speedy Express;2018;9;0
13440;Germany;Speedy Express;2015;2;0
13441;Brazil;Federal Shipping;2022;0;0
13442;Italy;Federal Shipping;2016;24;0
13443;Venezuela;Speedy Express;2022;20;0
13444;Austria;Speedy Express;2015;2;0
13445;Switzerland;Federal Shipping;2022;2;0
13446;Italy;Federal Shipping;2019;22;0
13447;Germany;United Package;2015;5;1
13448;UK;Federal Shipping;2013;6;0
13449;USA;United Package;2018;14;0
13450;Mexico;United Package;2021;9;1
13451;Argentina;Federal Shipping;2017;2;0
13452;Denmark;United Package;2021;13;0
13453;USA;Federal Shipping;2022;1;0
13454;Germany;Federal Shipping;2015;15;0
13455;Belgium;Speedy Express;2015;5;0
13456;USA;Speedy Express;2023;3;0
13457;Argentina;United Package;2016;20;1
13458;Germany;Speedy Express;2014;10;0
13459;France;Speedy Express;2017;9;0
13460;Mexico;Federal Shipping;2014;0;0
13461;USA;Federal Shipping;2013;7;0
13462;USA;Federal Shipping;2023;4;0
13463;Brazil;Federal Shipping;2014;5;0
13464;Venezuela;United Package;2014;8;1
13465;France;Federal Shipping;2021;20;0
13466;USA;United Package;2020;5;0
13467;Germany;Speedy Express;2020;1;0
13468;Germany;Speedy Express;2023;3;0
13469;Finland;Federal Shipping;2015;2;0
13470;USA;United Package;2019;22;1
13471;Venezuela;United Package;2023;6;0
13472;Canada;Speedy Express;2022;8;0
13473;Germany;Federal Shipping;2022;6;0
13474;Austria;Federal Shipping;2015;6;0
13475;Brazil;Speedy Express;2019;0;0
13476;Denmark;United Package;2014;2;0
13477;Venezuela;United Package;2014;0;0
13478;Spain;Federal Shipping;2021;23;0
13479;France;Speedy Express;2013;3;0
13480;Italy;Speedy Express;2020;7;0
13481;Germany;Speedy Express;2015;16;1
13482;Venezuela;Speedy Express;2018;18;1
13483;Mexico;United Package;2017;10;1
13484;UK;United Package;2019;6;0
13485;USA;Federal Shipping;2017;0;0
13486;Venezuela;Federal Shipping;2021;0;0
13487;Brazil;Federal Shipping;2023;20;1
13488;Norway;United Package;2021;12;0
13489;France;United Package;2016;2;0
13490;Spain;Speedy Express;2021;10;0
13491;Italy;United Package;2020;8;0
13492;Brazil;Federal Shipping;2013;3;0
13493;UK;Federal Shipping;2014;1;0
13494;Germany;Federal Shipping;2017;11;0
13495;Brazil;Federal Shipping;2012;8;0
13496;USA;United Package;2021;7;0
13497;Sweden;Speedy Express;2022;0;0
13498;USA;Speedy Express;2020;3;0
13499;UK;Federal Shipping;2018;4;0
13500;USA;Speedy Express;2020;14;1
13501;Germany;Federal Shipping;2016;0;0
13502;Argentina;United Package;2020;1;0
13503;Poland;Federal Shipping;2022;7;0
13504;Germany;Speedy Express;2015;13;0
13505;Mexico;United Package;2012;6;0
13506;Spain;Speedy Express;2018;7;0
13507;France;Federal Shipping;2023;1;0
13508;Belgium;Federal Shipping;2018;8;1
13509;UK;Federal Shipping;2015;3;0
13510;Mexico;Speedy Express;2013;3;1
13511;Germany;Speedy Express;2016;1;0
13512;USA;United Package;2022;2;0
13513;USA;Federal Shipping;2016;2;0
13514;UK;United Package;2017;4;0
13515;USA;Federal Shipping;2017;1;0
13516;Spain;Speedy Express;2016;0;0
13517;USA;Federal Shipping;2016;2;1
13518;Germany;Speedy Express;2020;5;0
13519;France;United Package;2018;8;0
13520;Venezuela;United Package;2021;1;0
13521;USA;Federal Shipping;2015;2;0
13522;Germany;Federal Shipping;2013;4;0
13523;Denmark;Federal Shipping;2018;3;0
13524;Mexico;Federal Shipping;2013;17;1
13525;UK;United Package;2015;8;0
13526;Finland;Speedy Express;2016;4;0
13527;Spain;United Package;2018;10;0
13528;Switzerland;Federal Shipping;2013;6;0
13529;Germany;United Package;2013;1;0
13530;Italy;United Package;2014;9;0
13531;USA;United Package;2021;6;0
13532;Italy;United Package;2019;21;1
13533;France;Speedy Express;2012;8;0
13534;Germany;United Package;2017;6;0
13535;Belgium;Speedy Express;2014;5;1
13536;Switzerland;Speedy Express;2015;0;0
13537;Finland;United Package;2017;2;0
13538;Venezuela;Speedy Express;2012;1;0
13539;Brazil;Federal Shipping;2016;19;1
13540;Spain;Federal Shipping;2012;2;0
13541;Brazil;United Package;2020;4;0
13542;France;United Package;2015;0;0
13543;Belgium;Speedy Express;2023;5;0
13544;Germany;Speedy Express;2020;7;0
13545;Belgium;Speedy Express;2018;0;0
13546;Brazil;Federal Shipping;2019;10;0
13547;Spain;Speedy Express;2014;15;0
13548;Brazil;Federal Shipping;2017;0;0
13549;Sweden;Federal Shipping;2015;24;0
13550;Brazil;Federal Shipping;2021;13;1
13551;France;Federal Shipping;2022;15;1
13552;USA;Speedy Express;2018;1;0
13553;Germany;Federal Shipping;2022;3;0
13554;Brazil;Speedy Express;2023;5;0
13555;Italy;Speedy Express;2020;2;0
13556;Austria;Federal Shipping;2014;1;0
13557;Mexico;Federal Shipping;2020;5;1
13558;Germany;United Package;2019;11;0
13559;Portugal;United Package;2023;18;1
13560;Spain;Federal Shipping;2014;8;0
13561;Germany;Federal Shipping;2022;3;0
13562;Argentina;United Package;2023;11;1
13563;Germany;Speedy Express;2015;12;0
13564;UK;Federal Shipping;2023;6;0
13565;Brazil;Speedy Express;2021;11;0
13566;Brazil;Speedy Express;2022;6;0
13567;USA;Speedy Express;2022;16;1
13568;France;Federal Shipping;2017;7;1
13569;UK;Speedy Express;2019;22;1
13570;Argentina;Federal Shipping;2020;3;0
13571;Belgium;United Package;2021;3;0
13572;Austria;United Package;2018;8;1
13573;Venezuela;United Package;2017;7;0
13574;Brazil;Speedy Express;2013;9;1
13575;Belgium;United Package;2015;1;0
13576;Canada;Speedy Express;2021;15;0
13577;Brazil;Speedy Express;2017;3;0
13578;Sweden;Speedy Express;2012;1;0
13579;Argentina;Federal Shipping;2017;2;0
13580;Germany;Federal Shipping;2015;1;0
13581;Belgium;Speedy Express;2017;1;0
13582;Belgium;United Package;2022;7;1
13583;UK;United Package;2019;0;0
13584;Germany;Speedy Express;2019;4;0
13585;Germany;Speedy Express;2019;27;1
13586;Germany;Federal Shipping;2020;1;0
13587;Mexico;Federal Shipping;2016;2;1
13588;USA;Speedy Express;2023;1;0
13589;Sweden;Speedy Express;2012;26;1
13590;Venezuela;Federal Shipping;2018;5;0
13591;Brazil;Speedy Express;2019;8;0
13592;UK;Federal Shipping;2019;2;0
13593;Belgium;Speedy Express;2017;2;0
13594;France;United Package;2017;18;1
13595;Belgium;Federal Shipping;2023;7;1
13596;Switzerland;Federal Shipping;2020;7;0
13597;Spain;Federal Shipping;2015;5;0
13598;Canada;United Package;2016;2;0
13599;Brazil;United Package;2013;22;1
13600;Italy;Speedy Express;2018;17;0
13601;Spain;Speedy Express;2021;0;0
13602;Mexico;United Package;2017;15;0
13603;Argentina;Speedy Express;2015;5;0
13604;France;Speedy Express;2016;8;0
13605;Mexico;United Package;2016;17;1
13606;Brazil;Federal Shipping;2019;12;0
13607;Brazil;United Package;2012;2;0
13608;USA;Federal Shipping;2012;1;0
13609;Mexico;Federal Shipping;2014;3;0
13610;Norway;United Package;2020;3;0
13611;Germany;Federal Shipping;2021;2;0
13612;USA;Speedy Express;2014;1;0
13613;USA;United Package;2021;8;1
13614;Germany;Speedy Express;2016;4;0
13615;Germany;Speedy Express;2022;7;1
13616;Brazil;Federal Shipping;2015;18;0
13617;UK;United Package;2015;1;0
13618;USA;Speedy Express;2012;6;0
13619;Spain;Speedy Express;2017;5;0
13620;UK;Federal Shipping;2014;1;0
13621;Germany;Federal Shipping;2013;12;1
13622;Germany;Federal Shipping;2023;19;1
13623;Finland;United Package;2014;1;0
13624;France;Federal Shipping;2012;10;0
13625;Argentina;Federal Shipping;2021;12;0
13626;USA;Speedy Express;2018;7;0
13627;France;Speedy Express;2022;2;0
13628;Germany;Speedy Express;2016;8;1
13629;USA;Speedy Express;2022;1;0
13630;France;United Package;2020;4;0
13631;Italy;Federal Shipping;2020;28;1
13632;France;Federal Shipping;2013;16;0
13633;Sweden;Federal Shipping;2018;3;0
13634;France;Federal Shipping;2014;2;0
13635;Mexico;United Package;2020;3;0
13636;USA;United Package;2015;1;0
13637;Mexico;Federal Shipping;2016;11;1
13638;Argentina;Speedy Express;2021;2;0
13639;UK;Speedy Express;2022;5;0
13640;Germany;Federal Shipping;2014;0;0
13641;USA;Federal Shipping;2023;2;0
13642;Switzerland;United Package;2022;7;1
13643;USA;Speedy Express;2015;10;0
13644;Germany;Speedy Express;2013;2;0
13645;USA;Speedy Express;2017;12;0
13646;Germany;Speedy Express;2022;10;0
13647;France;United Package;2015;10;1
13648;Brazil;Speedy Express;2021;7;0
13649;France;Federal Shipping;2017;15;0
13650;Spain;Speedy Express;2022;20;1
13651;Brazil;United Package;2023;3;0
13652;Spain;Speedy Express;2013;7;1
13653;Canada;Federal Shipping;2016;2;0
13654;Argentina;Federal Shipping;2017;7;0
13655;Brazil;Federal Shipping;2018;7;0
13656;USA;United Package;2012;1;0
13657;Argentina;Federal Shipping;2013;1;0
13658;France;United Package;2022;25;1
13659;Canada;Speedy Express;2022;11;0
13660;Germany;United Package;2015;10;0
13661;Italy;Speedy Express;2013;17;1
13662;Mexico;Speedy Express;2014;5;0
13663;Venezuela;Federal Shipping;2020;10;0
13664;Brazil;Speedy Express;2016;5;0
13665;Venezuela;Speedy Express;2014;2;1
13666;France;United Package;2023;3;0
13667;Argentina;United Package;2021;3;1
13668;Mexico;United Package;2014;9;0
13669;UK;Speedy Express;2016;21;0
13670;Ireland;Speedy Express;2023;8;0
13671;Brazil;Federal Shipping;2014;8;0
13672;Argentina;Speedy Express;2023;1;0
13673;USA;Speedy Express;2022;17;1
13674;UK;United Package;2014;5;1
13675;Brazil;Federal Shipping;2014;8;0
13676;Germany;United Package;2015;2;0
13677;Spain;Federal Shipping;2022;8;0
13678;Spain;Speedy Express;2022;0;0
13679;Germany;Speedy Express;2018;3;0
13680;Argentina;Federal Shipping;2015;23;0
13681;Sweden;Speedy Express;2016;3;0
13682;USA;United Package;2017;7;0
13683;UK;Federal Shipping;2014;1;0
13684;USA;Federal Shipping;2022;9;1
13685;USA;Speedy Express;2013;16;0
13686;Finland;Speedy Express;2015;2;0
13687;Spain;United Package;2023;4;0
13688;Germany;United Package;2017;1;0
13689;Italy;Speedy Express;2012;0;0
13690;Belgium;United Package;2018;1;0
13691;Austria;Speedy Express;2018;15;0
13692;Austria;Speedy Express;2017;8;0
13693;Sweden;Speedy Express;2013;11;0
13694;Austria;Federal Shipping;2014;17;1
13695;France;United Package;2020;6;0
13696;Brazil;Federal Shipping;2022;1;0
13697;USA;United Package;2016;12;0
13698;Finland;United Package;2023;5;0
13699;Sweden;Speedy Express;2022;10;1
13700;Brazil;Federal Shipping;2023;13;0
13701;Germany;Federal Shipping;2015;3;0
13702;Mexico;Speedy Express;2023;7;0
13703;Venezuela;United Package;2017;7;0
13704;Germany;United Package;2021;10;0
13705;Brazil;United Package;2012;3;0
13706;Brazil;Federal Shipping;2019;6;0
13707;Italy;United Package;2015;2;0
13708;France;United Package;2020;4;0
13709;Sweden;Speedy Express;2016;6;1
13710;France;United Package;2015;6;0
13711;Mexico;Speedy Express;2019;4;0
13712;France;United Package;2020;0;0
13713;Belgium;United Package;2022;14;0
13714;Norway;United Package;2013;18;1
13715;France;United Package;2014;7;0
13716;Brazil;Speedy Express;2013;2;0
13717;France;Federal Shipping;2015;4;0
13718;Sweden;Federal Shipping;2021;14;0
13719;Brazil;Speedy Express;2013;2;0
13720;USA;Speedy Express;2017;3;0
13721;USA;Speedy Express;2015;0;0
13722;France;Federal Shipping;2014;14;1
13723;Canada;United Package;2017;3;0
13724;Mexico;United Package;2023;17;1
13725;Germany;Speedy Express;2017;18;0
13726;Italy;United Package;2018;4;0
13727;Venezuela;Federal Shipping;2019;5;0
13728;Venezuela;Speedy Express;2021;5;0
13729;Norway;Federal Shipping;2017;2;0
13730;Brazil;Federal Shipping;2021;15;1
13731;Brazil;United Package;2015;10;0
13732;Canada;Federal Shipping;2020;9;0
13733;Venezuela;Federal Shipping;2022;7;0
13734;USA;Speedy Express;2012;12;0
13735;USA;Speedy Express;2023;6;1
13736;UK;Speedy Express;2023;3;0
13737;Denmark;Federal Shipping;2015;8;0
13738;Belgium;Speedy Express;2015;20;1
13739;Brazil;Speedy Express;2018;15;0
13740;USA;Speedy Express;2016;0;0
13741;UK;Speedy Express;2023;3;0
13742;Italy;Federal Shipping;2023;0;1
13743;Austria;Speedy Express;2013;1;0
13744;Denmark;Federal Shipping;2013;2;0
13745;Germany;Federal Shipping;2013;13;0
13746;Argentina;Speedy Express;2019;1;0
13747;France;Speedy Express;2020;16;0
13748;USA;Speedy Express;2018;3;0
13749;UK;United Package;2021;1;0
13750;Argentina;Federal Shipping;2014;2;0
13751;Austria;United Package;2013;1;0
13752;France;United Package;2015;7;0
13753;Austria;United Package;2017;16;0
13754;USA;Federal Shipping;2022;1;0
13755;Mexico;Speedy Express;2015;1;0
13756;Mexico;Federal Shipping;2014;5;0
13757;Brazil;Speedy Express;2017;7;0
13758;Germany;United Package;2021;5;0
13759;Italy;Federal Shipping;2016;13;0
13760;Germany;Speedy Express;2021;19;0
13761;UK;Speedy Express;2013;3;0
13762;Germany;Federal Shipping;2015;2;0
13763;Germany;Federal Shipping;2016;11;0
13764;Spain;Federal Shipping;2015;9;1
13765;Canada;Federal Shipping;2019;6;0
13766;France;Federal Shipping;2017;5;0
13767;USA;United Package;2014;14;1
13768;Brazil;Federal Shipping;2013;14;1
13769;USA;United Package;2021;3;0
13770;USA;United Package;2014;14;1
13771;Portugal;Federal Shipping;2012;21;1
13772;Belgium;United Package;2021;20;1
13773;USA;United Package;2015;9;0
13774;UK;United Package;2022;22;1
13775;USA;United Package;2020;0;0
13776;USA;Federal Shipping;2014;1;0
13777;Portugal;Speedy Express;2017;5;1
13778;Austria;United Package;2020;2;0
13779;France;United Package;2016;9;1
13780;Brazil;Federal Shipping;2018;1;0
13781;UK;United Package;2017;2;0
13782;Italy;Federal Shipping;2017;1;0
13783;France;Speedy Express;2015;8;1
13784;Spain;United Package;2021;3;0
13785;Argentina;United Package;2013;3;0
13786;UK;United Package;2016;18;1
13787;USA;United Package;2021;2;0
13788;Germany;Federal Shipping;2016;18;1
13789;France;Speedy Express;2023;22;0
13790;USA;Speedy Express;2018;6;0
13791;Switzerland;Federal Shipping;2016;17;1
13792;USA;Federal Shipping;2020;13;1
13793;Canada;Federal Shipping;2013;22;0
13794;USA;United Package;2023;1;0
13795;Spain;United Package;2014;11;1
13796;Germany;Speedy Express;2013;10;1
13797;USA;Federal Shipping;2021;3;1
13798;Portugal;United Package;2014;3;0
13799;USA;Speedy Express;2014;3;0
13800;Germany;Speedy Express;2017;1;0
13801;Germany;United Package;2022;18;0
13802;Poland;Speedy Express;2022;1;0
13803;UK;Speedy Express;2022;11;0
13804;Brazil;Federal Shipping;2015;22;0
13805;Finland;Speedy Express;2015;8;0
13806;Argentina;United Package;2015;3;1
13807;Argentina;Federal Shipping;2015;17;1
13808;France;Speedy Express;2013;10;0
13809;Austria;Federal Shipping;2016;13;1
13810;Mexico;Federal Shipping;2012;4;1
13811;USA;Federal Shipping;2017;5;0
13812;UK;United Package;2014;1;0
13813;France;Speedy Express;2021;3;0
13814;France;Federal Shipping;2016;1;0
13815;USA;Federal Shipping;2020;2;1
13816;Brazil;United Package;2015;0;0
13817;Brazil;Speedy Express;2015;15;1
13818;France;United Package;2015;6;0
13819;Switzerland;United Package;2016;7;0
13820;Italy;Speedy Express;2022;1;0
13821;USA;United Package;2015;17;0
13822;Italy;United Package;2022;3;0
13823;USA;Federal Shipping;2012;4;0
13824;UK;United Package;2021;3;0
13825;UK;Speedy Express;2012;10;1
13826;Spain;United Package;2017;18;0
13827;Belgium;Federal Shipping;2023;13;0
13828;Austria;United Package;2017;4;0
13829;Germany;Speedy Express;2022;19;1
13830;UK;United Package;2018;0;0
13831;USA;Speedy Express;2017;1;0
13832;Venezuela;Speedy Express;2022;0;0
13833;Spain;Federal Shipping;2022;0;0
13834;Germany;Speedy Express;2016;10;0
13835;Venezuela;United Package;2019;0;0
13836;Argentina;Federal Shipping;2022;5;0
13837;UK;United Package;2023;2;0
13838;Finland;Speedy Express;2013;22;0
13839;Germany;United Package;2014;6;0
13840;Venezuela;Federal Shipping;2013;2;0
13841;Germany;Federal Shipping;2015;12;1
13842;Sweden;Speedy Express;2021;1;0
13843;Brazil;Federal Shipping;2016;2;0
13844;France;Federal Shipping;2016;27;1
13845;USA;Federal Shipping;2023;3;0
13846;Portugal;United Package;2022;4;0
13847;USA;Speedy Express;2015;1;0
13848;Italy;Federal Shipping;2018;7;0
13849;France;Speedy Express;2023;0;0
13850;Argentina;United Package;2018;1;0
13851;Germany;Federal Shipping;2014;10;0
13852;Mexico;United Package;2018;17;0
13853;France;United Package;2013;1;0
13854;Mexico;Speedy Express;2019;13;1
13855;Argentina;United Package;2022;10;0
13856;Germany;United Package;2015;0;0
13857;Mexico;Speedy Express;2019;27;1
13858;USA;United Package;2022;2;1
13859;Spain;Federal Shipping;2020;1;0
13860;Venezuela;Federal Shipping;2018;3;0
13861;Spain;United Package;2022;2;0
13862;Venezuela;United Package;2023;0;0
13863;USA;Federal Shipping;2022;4;0
13864;Spain;Speedy Express;2020;3;0
13865;Finland;Speedy Express;2018;12;0
13866;USA;Speedy Express;2015;11;0
13867;France;United Package;2016;1;0
13868;USA;United Package;2014;0;0
13869;Argentina;Federal Shipping;2020;7;0
13870;USA;Speedy Express;2017;12;0
13871;UK;Speedy Express;2021;3;0
13872;Mexico;United Package;2014;1;0
13873;Austria;Federal Shipping;2014;8;1
13874;France;Speedy Express;2017;12;0
13875;Austria;Speedy Express;2017;10;0
13876;Portugal;Speedy Express;2022;6;0
13877;Brazil;Federal Shipping;2012;10;1
13878;Finland;United Package;2015;4;0
13879;Mexico;Federal Shipping;2015;9;0
13880;France;Speedy Express;2023;0;0
13881;Portugal;United Package;2022;6;0
13882;USA;United Package;2016;0;0
13883;Germany;Federal Shipping;2021;15;1
13884;USA;Speedy Express;2014;2;0
13885;Venezuela;United Package;2021;19;0
13886;Germany;United Package;2022;4;0
13887;Austria;United Package;2015;3;0
13888;Brazil;Speedy Express;2022;16;0
13889;UK;United Package;2021;4;0
13890;Italy;Speedy Express;2016;12;1
13891;USA;Federal Shipping;2020;1;0
13892;France;Speedy Express;2013;14;0
13893;Venezuela;Speedy Express;2019;3;0
13894;UK;Speedy Express;2015;12;1
13895;USA;United Package;2021;14;0
13896;Canada;United Package;2017;10;0
13897;France;United Package;2016;1;0
13898;Italy;United Package;2020;1;0
13899;France;United Package;2017;17;1
13900;Switzerland;Speedy Express;2013;8;1
13901;Germany;United Package;2022;13;0
13902;UK;United Package;2019;8;1
13903;UK;Federal Shipping;2013;11;0
13904;UK;Federal Shipping;2013;1;0
13905;Denmark;Speedy Express;2020;3;0
13906;Mexico;United Package;2021;3;0
13907;Brazil;Speedy Express;2015;22;1
13908;Belgium;Federal Shipping;2023;1;0
13909;Brazil;Federal Shipping;2012;1;0
13910;Mexico;Speedy Express;2020;13;0
13911;UK;Federal Shipping;2013;4;0
13912;Brazil;Federal Shipping;2016;6;0
13913;UK;Federal Shipping;2020;7;0
13914;Germany;Federal Shipping;2021;3;0
13915;Finland;Speedy Express;2012;2;0
13916;Switzerland;Federal Shipping;2020;6;0
13917;Germany;Federal Shipping;2023;14;1
13918;Austria;Federal Shipping;2014;6;0
13919;Brazil;Federal Shipping;2021;5;0
13920;Denmark;Speedy Express;2018;17;0
13921;Norway;Federal Shipping;2014;10;0
13922;Venezuela;Federal Shipping;2023;18;0
13923;Spain;United Package;2016;2;0
13924;France;Speedy Express;2015;6;0
13925;USA;United Package;2023;3;0
13926;Mexico;United Package;2015;0;0
13927;USA;Federal Shipping;2014;5;1
13928;Germany;Federal Shipping;2022;1;0
13929;USA;United Package;2021;1;0
13930;Venezuela;United Package;2018;10;0
13931;Argentina;Speedy Express;2013;12;1
13932;USA;Speedy Express;2014;12;0
13933;Finland;Speedy Express;2018;10;0
13934;Brazil;Speedy Express;2013;16;1
13935;Mexico;United Package;2012;2;0
13936;Italy;United Package;2015;9;0
13937;Austria;Federal Shipping;2020;3;1
13938;Canada;Federal Shipping;2017;25;1
13939;Brazil;United Package;2021;3;0
13940;Brazil;Speedy Express;2015;1;0
13941;USA;Speedy Express;2019;0;0
13942;Mexico;Speedy Express;2014;5;1
13943;UK;United Package;2013;28;1
13944;Portugal;Speedy Express;2023;2;0
13945;Germany;Speedy Express;2018;8;0
13946;Mexico;Speedy Express;2021;5;0
13947;Belgium;United Package;2022;20;0
13948;USA;United Package;2020;10;0
13949;Brazil;Speedy Express;2022;10;1
13950;Germany;Federal Shipping;2016;6;1
13951;USA;Speedy Express;2016;6;0
13952;Italy;Speedy Express;2014;15;1
13953;Ireland;United Package;2019;7;0
13954;USA;Federal Shipping;2013;0;0
13955;Venezuela;United Package;2019;1;0
13956;Sweden;United Package;2015;10;0
13957;Germany;Federal Shipping;2022;0;0
13958;Poland;United Package;2020;17;0
13959;Germany;Federal Shipping;2017;15;0
13960;Germany;United Package;2022;5;0
13961;Sweden;Federal Shipping;2012;2;0
13962;Brazil;United Package;2017;6;0
13963;Venezuela;Speedy Express;2022;0;0
13964;France;Speedy Express;2013;5;0
13965;UK;United Package;2023;2;1
13966;Portugal;Speedy Express;2020;9;1
13967;Brazil;Federal Shipping;2021;4;1
13968;Austria;Federal Shipping;2013;20;1
13969;UK;Speedy Express;2015;10;0
13970;USA;Federal Shipping;2017;1;0
13971;Mexico;Speedy Express;2021;4;0
13972;UK;United Package;2019;7;0
13973;France;United Package;2021;10;0
13974;Sweden;Speedy Express;2023;28;1
13975;Finland;United Package;2021;4;1
13976;Mexico;Federal Shipping;2018;5;0
13977;Canada;United Package;2023;18;1
13978;Germany;Federal Shipping;2014;1;0
13979;USA;Federal Shipping;2019;7;0
13980;USA;United Package;2015;0;0
13981;USA;Speedy Express;2015;18;0
13982;Germany;United Package;2022;2;0
13983;Italy;Speedy Express;2014;1;0
13984;Germany;Federal Shipping;2022;17;1
13985;Belgium;United Package;2021;3;0
13986;Brazil;Speedy Express;2017;2;0
13987;Canada;Speedy Express;2015;24;0
13988;Germany;Federal Shipping;2019;1;1
13989;Venezuela;United Package;2020;7;0
13990;Venezuela;United Package;2020;5;0
13991;Denmark;Federal Shipping;2021;0;0
13992;Sweden;Speedy Express;2022;1;0
13993;Mexico;United Package;2016;15;1
13994;Denmark;Federal Shipping;2013;16;1
13995;Germany;United Package;2014;0;0
13996;UK;Federal Shipping;2021;0;0
13997;Portugal;Speedy Express;2021;15;0
13998;Venezuela;Federal Shipping;2022;4;1
13999;Venezuela;Speedy Express;2023;22;1
14000;Brazil;Speedy Express;2020;1;0
14001;Austria;Federal Shipping;2019;4;0
14002;USA;Federal Shipping;2022;13;1
14003;USA;Federal Shipping;2017;1;0
14004;Ireland;Speedy Express;2016;12;1
14005;Poland;Federal Shipping;2014;1;0
14006;Poland;Speedy Express;2021;7;0
14007;Belgium;United Package;2021;20;1
14008;Germany;Federal Shipping;2020;0;0
14009;Mexico;Speedy Express;2019;7;0
14010;Portugal;United Package;2016;2;0
14011;Mexico;Speedy Express;2020;11;1
14012;France;Speedy Express;2016;3;1
14013;Germany;Federal Shipping;2015;11;0
14014;Mexico;United Package;2015;8;0
14015;USA;United Package;2012;3;0
14016;Spain;Federal Shipping;2015;2;0
14017;France;Federal Shipping;2015;5;1
14018;UK;United Package;2015;4;0
14019;Venezuela;Federal Shipping;2018;1;0
14020;USA;Speedy Express;2012;20;1
14021;Spain;United Package;2013;9;0
14022;Argentina;United Package;2017;3;0
14023;France;Federal Shipping;2017;1;0
14024;Mexico;United Package;2019;16;0
14025;Austria;Federal Shipping;2017;5;1
14026;Belgium;Federal Shipping;2012;7;0
14027;UK;United Package;2019;13;0
14028;USA;Federal Shipping;2017;0;0
14029;Brazil;Federal Shipping;2023;0;0
14030;Brazil;United Package;2019;6;0
14031;Mexico;Speedy Express;2017;1;0
14032;UK;Federal Shipping;2014;10;0
14033;UK;United Package;2019;12;1
14034;Sweden;United Package;2012;1;0
14035;Norway;Speedy Express;2014;1;0
14036;Brazil;United Package;2012;4;0
14037;Germany;Federal Shipping;2016;6;0
14038;Ireland;Speedy Express;2017;23;1
14039;Canada;Federal Shipping;2023;2;0
14040;Canada;United Package;2016;10;0
14041;Brazil;United Package;2015;1;0
14042;Germany;Speedy Express;2021;11;1
14043;UK;Speedy Express;2016;4;0
14044;USA;Speedy Express;2023;8;0
14045;Venezuela;Speedy Express;2019;4;1
14046;Germany;Federal Shipping;2022;18;1
14047;Mexico;Federal Shipping;2013;18;0
14048;Mexico;Speedy Express;2021;12;0
14049;Germany;United Package;2013;3;0
14050;USA;Federal Shipping;2019;3;0
14051;France;United Package;2020;18;0
14052;UK;United Package;2019;5;0
14053;Switzerland;United Package;2020;2;0
14054;USA;United Package;2014;10;0
14055;Sweden;United Package;2012;6;0
14056;UK;Speedy Express;2020;20;1
14057;Argentina;United Package;2021;1;0
14058;France;Federal Shipping;2013;13;1
14059;USA;Federal Shipping;2019;7;1
14060;USA;Speedy Express;2023;9;1
14061;Germany;Speedy Express;2021;9;0
14062;Switzerland;Speedy Express;2022;0;0
14063;Belgium;Federal Shipping;2018;10;0
14064;Spain;Federal Shipping;2018;19;1
14065;Switzerland;Federal Shipping;2015;5;0
14066;Ireland;United Package;2013;12;1
14067;France;Federal Shipping;2019;8;0
14068;Mexico;Federal Shipping;2014;5;0
14069;Switzerland;United Package;2015;10;0
14070;Mexico;Speedy Express;2013;12;0
14071;USA;Federal Shipping;2022;0;0
14072;Argentina;United Package;2015;11;1
14073;Brazil;Speedy Express;2016;12;0
14074;USA;Speedy Express;2013;2;0
14075;Brazil;Speedy Express;2018;1;0
14076;France;United Package;2019;9;0
14077;Mexico;Speedy Express;2021;16;0
14078;Canada;Speedy Express;2019;1;0
14079;Finland;Speedy Express;2022;18;0
14080;Brazil;Federal Shipping;2022;13;0
14081;Switzerland;Speedy Express;2014;18;1
14082;Denmark;United Package;2022;6;0
14083;Mexico;Federal Shipping;2017;13;0
14084;Belgium;United Package;2015;0;0
14085;France;United Package;2017;2;0
14086;Brazil;United Package;2016;7;0
14087;USA;Federal Shipping;2017;2;0
14088;Switzerland;Speedy Express;2021;7;1
14089;Brazil;Federal Shipping;2022;4;0
14090;USA;Speedy Express;2014;2;0
14091;USA;Speedy Express;2015;16;1
14092;Germany;United Package;2015;4;0
14093;France;United Package;2016;1;0
14094;Brazil;Federal Shipping;2021;1;0
14095;Austria;Speedy Express;2015;18;1
14096;Brazil;United Package;2019;0;0
14097;UK;Speedy Express;2020;7;0
14098;Spain;Federal Shipping;2018;13;1
14099;France;Speedy Express;2017;3;0
14100;Brazil;Federal Shipping;2022;0;0
14101;Austria;Federal Shipping;2015;2;0
14102;Sweden;United Package;2015;8;0
14103;France;Speedy Express;2014;2;0
14104;USA;Speedy Express;2012;6;0
14105;Argentina;Speedy Express;2013;28;1
14106;Brazil;Federal Shipping;2015;8;0
14107;Germany;United Package;2022;5;1
14108;France;Speedy Express;2020;16;1
14109;USA;Speedy Express;2020;16;0
14110;Brazil;United Package;2013;4;0
14111;France;Speedy Express;2021;9;0
14112;Germany;Federal Shipping;2023;7;0
14113;UK;Speedy Express;2021;4;0
14114;Brazil;Speedy Express;2015;14;1
14115;Switzerland;Federal Shipping;2022;12;1
14116;Brazil;Speedy Express;2022;7;0
14117;France;United Package;2012;5;1
14118;Germany;United Package;2018;0;0
14119;Spain;United Package;2016;17;0
14120;Spain;Speedy Express;2016;11;1
14121;Spain;United Package;2016;8;1
14122;Canada;United Package;2018;4;0
14123;Germany;United Package;2019;6;1
14124;Canada;United Package;2023;12;1
14125;Canada;Speedy Express;2017;1;0
14126;France;Federal Shipping;2020;1;0
14127;USA;Federal Shipping;2012;8;0
14128;UK;Speedy Express;2019;0;0
14129;France;United Package;2013;8;0
14130;Germany;Speedy Express;2023;2;1
14131;Spain;Speedy Express;2015;24;0
14132;Venezuela;Federal Shipping;2022;11;0
14133;Germany;United Package;2023;1;0
14134;USA;United Package;2015;17;0
14135;Brazil;Speedy Express;2022;16;1
14136;Argentina;United Package;2013;4;0
14137;France;United Package;2017;17;0
14138;France;United Package;2016;8;0
14139;USA;United Package;2014;1;0
14140;France;Speedy Express;2012;6;0
14141;USA;Speedy Express;2021;22;1
14142;Portugal;United Package;2012;14;0
14143;Germany;United Package;2014;16;1
14144;USA;United Package;2017;11;0
14145;UK;United Package;2013;19;1
14146;Germany;Speedy Express;2019;5;0
14147;Venezuela;Speedy Express;2021;0;0
14148;Spain;Speedy Express;2016;13;1
14149;Portugal;United Package;2018;3;0
14150;Canada;United Package;2014;5;0
14151;Germany;Speedy Express;2018;13;0
14152;Austria;Federal Shipping;2018;3;0
14153;Venezuela;Speedy Express;2014;14;1
14154;Venezuela;Federal Shipping;2023;1;0
14155;Portugal;Federal Shipping;2017;1;0
14156;Finland;Speedy Express;2019;11;0
14157;Denmark;Speedy Express;2017;7;0
14158;Germany;Speedy Express;2020;10;0
14159;UK;Federal Shipping;2023;18;0
14160;UK;Speedy Express;2014;5;1
14161;USA;United Package;2016;24;1
14162;USA;United Package;2022;7;0
14163;USA;Federal Shipping;2019;3;0
14164;Norway;United Package;2017;20;1
14165;Mexico;Speedy Express;2020;2;0
14166;Germany;Speedy Express;2012;1;0
14167;Germany;United Package;2022;23;1
14168;UK;Federal Shipping;2017;8;1
14169;France;Federal Shipping;2015;15;0
14170;Brazil;United Package;2021;1;0
14171;Brazil;Speedy Express;2023;2;0
14172;Venezuela;Speedy Express;2023;1;0
14173;Spain;United Package;2016;6;0
14174;Germany;Federal Shipping;2018;5;0
14175;Belgium;Speedy Express;2021;7;0
14176;Belgium;Speedy Express;2021;7;0
14177;Germany;Federal Shipping;2023;2;0
14178;Germany;United Package;2012;24;1
14179;Germany;Federal Shipping;2018;2;0
14180;Denmark;United Package;2013;4;0
14181;Brazil;Federal Shipping;2013;6;1
14182;Germany;Speedy Express;2014;3;0
14183;Brazil;United Package;2023;6;0
14184;Denmark;Speedy Express;2013;16;1
14185;Venezuela;Speedy Express;2020;5;0
14186;UK;United Package;2013;8;0
14187;Venezuela;United Package;2016;5;0
14188;Brazil;United Package;2022;17;1
14189;Mexico;Speedy Express;2017;23;1
14190;Germany;United Package;2023;3;0
14191;Canada;United Package;2021;9;0
14192;Germany;Federal Shipping;2021;1;0
14193;Denmark;Federal Shipping;2023;12;0
14194;USA;Federal Shipping;2022;5;0
14195;Poland;Speedy Express;2013;7;0
14196;Germany;United Package;2020;24;1
14197;USA;United Package;2015;4;0
14198;USA;United Package;2018;1;0
14199;USA;United Package;2022;3;1
14200;France;Speedy Express;2019;9;0
14201;UK;United Package;2019;1;0
14202;Austria;Federal Shipping;2018;3;0
14203;Norway;United Package;2016;25;1
14204;Germany;United Package;2015;2;0
14205;Brazil;Federal Shipping;2012;10;0
14206;Brazil;Speedy Express;2020;17;0
14207;Switzerland;Federal Shipping;2013;4;1
14208;Germany;Speedy Express;2012;1;0
14209;UK;Speedy Express;2016;6;0
14210;Germany;United Package;2020;18;1
14211;France;Federal Shipping;2016;12;0
14212;Italy;Speedy Express;2020;1;0
14213;Canada;Federal Shipping;2013;1;0
14214;UK;United Package;2020;1;0
14215;USA;United Package;2022;8;0
14216;USA;United Package;2012;3;0
14217;Belgium;Federal Shipping;2022;1;0
14218;France;Speedy Express;2018;18;1
14219;Portugal;United Package;2012;2;0
14220;UK;Speedy Express;2021;13;0
14221;Italy;Federal Shipping;2016;4;0
14222;Brazil;Federal Shipping;2019;1;0
14223;USA;United Package;2021;9;0
14224;Germany;Speedy Express;2019;6;0
14225;Brazil;Federal Shipping;2016;5;0
14226;UK;Federal Shipping;2018;0;0
14227;Finland;Speedy Express;2016;3;0
14228;Germany;Speedy Express;2020;17;1
14229;Venezuela;United Package;2019;16;0
14230;France;Speedy Express;2014;3;0
14231;Germany;United Package;2012;5;0
14232;Poland;Speedy Express;2020;1;0
14233;France;Federal Shipping;2016;1;0
14234;UK;Federal Shipping;2023;5;0
14235;Switzerland;Speedy Express;2014;3;0
14236;UK;Federal Shipping;2020;9;0
14237;France;United Package;2020;7;0
14238;Germany;United Package;2022;8;0
14239;Brazil;Federal Shipping;2013;3;0
14240;Venezuela;Federal Shipping;2016;3;0
14241;UK;United Package;2015;1;0
14242;Finland;Speedy Express;2020;1;0
14243;France;Speedy Express;2015;8;0
14244;USA;Federal Shipping;2023;6;0
14245;Brazil;Speedy Express;2017;10;1
14246;Switzerland;Speedy Express;2023;11;1
14247;UK;United Package;2012;7;0
14248;Spain;Speedy Express;2013;12;1
14249;Brazil;Speedy Express;2021;7;1
14250;Mexico;United Package;2012;6;0
14251;Portugal;United Package;2020;16;1
14252;Spain;Federal Shipping;2023;3;0
14253;Spain;Speedy Express;2012;2;0
14254;USA;Federal Shipping;2017;1;0
14255;Italy;Federal Shipping;2020;22;1
14256;USA;Federal Shipping;2014;9;0
14257;UK;United Package;2016;26;0
14258;Ireland;Federal Shipping;2015;3;0
14259;Germany;Speedy Express;2021;18;1
14260;Switzerland;Speedy Express;2018;2;0
14261;UK;United Package;2020;3;0
14262;Sweden;Federal Shipping;2012;1;0
14263;France;Federal Shipping;2014;1;0
14264;Germany;Speedy Express;2022;15;1
14265;France;Speedy Express;2023;1;0
14266;Germany;Federal Shipping;2018;9;0
14267;Mexico;Speedy Express;2019;10;0
14268;Brazil;Speedy Express;2018;7;0
14269;Ireland;Federal Shipping;2013;24;0
14270;Brazil;Federal Shipping;2021;3;0
14271;Brazil;Federal Shipping;2020;2;0
14272;France;Federal Shipping;2016;19;1
14273;UK;Federal Shipping;2015;18;1
14274;Brazil;United Package;2021;10;1
14275;Poland;United Package;2022;13;0
14276;France;Federal Shipping;2018;4;1
14277;USA;Speedy Express;2015;24;1
14278;Portugal;Federal Shipping;2013;7;0
14279;USA;Speedy Express;2023;20;1
14280;Austria;Speedy Express;2021;5;0
14281;Germany;United Package;2012;2;0
14282;Germany;Federal Shipping;2020;4;0
14283;USA;Federal Shipping;2017;3;0
14284;Mexico;Federal Shipping;2017;9;1
14285;Argentina;United Package;2020;3;0
14286;France;Federal Shipping;2018;15;1
14287;Germany;Speedy Express;2023;2;0
14288;France;Federal Shipping;2023;27;1
14289;Germany;United Package;2021;7;0
14290;Spain;Speedy Express;2019;4;0
14291;Mexico;Federal Shipping;2016;10;0
14292;Brazil;Speedy Express;2015;5;1
14293;Argentina;United Package;2017;3;0
14294;Mexico;Federal Shipping;2017;1;0
14295;Belgium;Federal Shipping;2013;12;1
14296;Denmark;United Package;2012;5;1
14297;Germany;Federal Shipping;2022;3;0
14298;Germany;United Package;2023;2;0
14299;Portugal;Speedy Express;2020;8;0
14300;Germany;United Package;2013;3;0
14301;Germany;Federal Shipping;2020;1;0
14302;Germany;Federal Shipping;2020;5;1
14303;Germany;Federal Shipping;2014;25;1
14304;USA;United Package;2021;20;1
14305;UK;Federal Shipping;2017;3;0
14306;USA;Federal Shipping;2021;6;0
14307;Germany;Speedy Express;2017;6;0
14308;Belgium;Federal Shipping;2017;14;1
14309;Brazil;Federal Shipping;2014;4;0
14310;Venezuela;United Package;2014;9;1
14311;Germany;Speedy Express;2014;20;0
14312;Argentina;Federal Shipping;2021;12;0
14313;Canada;Speedy Express;2014;12;0
14314;Portugal;Federal Shipping;2018;6;0
14315;Sweden;United Package;2019;1;0
14316;Argentina;Federal Shipping;2015;13;1
14317;Spain;Federal Shipping;2019;4;0
14318;Germany;Speedy Express;2019;16;0
14319;Spain;United Package;2023;10;1
14320;Italy;Federal Shipping;2015;11;0
14321;USA;United Package;2014;20;1
14322;Canada;United Package;2015;22;1
14323;Germany;United Package;2016;2;0
14324;UK;United Package;2016;7;0
14325;USA;United Package;2021;1;0
14326;Finland;Speedy Express;2013;3;0
14327;Austria;United Package;2016;28;1
14328;Mexico;Federal Shipping;2013;5;0
14329;France;Speedy Express;2016;25;1
14330;France;Federal Shipping;2022;1;0
14331;USA;United Package;2015;2;0
14332;Italy;Speedy Express;2019;0;0
14333;France;United Package;2020;18;1
14334;Brazil;United Package;2017;12;0
14335;UK;Speedy Express;2020;10;1
14336;Norway;Speedy Express;2021;11;0
14337;Portugal;Speedy Express;2018;13;0
14338;France;United Package;2016;20;1
14339;Portugal;Federal Shipping;2015;11;0
14340;Venezuela;United Package;2013;19;1
14341;Germany;Speedy Express;2018;23;1
14342;Brazil;Federal Shipping;2015;4;0
14343;Germany;Federal Shipping;2019;15;1
14344;Brazil;Federal Shipping;2018;3;0
14345;Venezuela;Speedy Express;2014;10;0
14346;Germany;Federal Shipping;2019;23;1
14347;Mexico;Speedy Express;2021;3;0
14348;France;Federal Shipping;2014;7;1
14349;Germany;Speedy Express;2023;13;0
14350;USA;Federal Shipping;2020;6;1
14351;France;Federal Shipping;2023;8;0
14352;UK;United Package;2017;23;1
14353;Brazil;United Package;2020;2;0
14354;Spain;Federal Shipping;2014;3;0
14355;Portugal;United Package;2014;4;0
14356;USA;Federal Shipping;2014;22;0
14357;Finland;United Package;2019;8;0
14358;Spain;Speedy Express;2022;15;1
14359;Finland;United Package;2016;0;0
14360;Germany;Federal Shipping;2014;8;1
14361;Germany;Speedy Express;2023;4;0
14362;Brazil;Federal Shipping;2017;12;0
14363;Brazil;Federal Shipping;2012;2;0
14364;Germany;Federal Shipping;2015;13;0
14365;UK;Federal Shipping;2013;6;0
14366;Sweden;Federal Shipping;2021;1;0
14367;Venezuela;Federal Shipping;2015;15;1
14368;USA;United Package;2020;16;0
14369;Germany;Federal Shipping;2021;13;1
14370;France;United Package;2015;1;0
14371;Brazil;Speedy Express;2015;3;0
14372;Norway;United Package;2012;4;0
14373;Germany;Federal Shipping;2013;1;0
14374;Italy;Federal Shipping;2014;1;0
14375;France;Federal Shipping;2021;9;1
14376;France;United Package;2015;5;0
14377;Brazil;United Package;2021;7;0
14378;Portugal;Federal Shipping;2020;9;0
14379;USA;Federal Shipping;2016;13;1
14380;USA;United Package;2018;2;0
14381;USA;United Package;2021;8;0
14382;UK;Federal Shipping;2019;10;0
14383;Mexico;United Package;2021;2;0
14384;Italy;Speedy Express;2012;22;1
14385;Germany;United Package;2017;5;0
14386;UK;United Package;2017;8;0
14387;UK;Federal Shipping;2016;20;0
14388;Portugal;Federal Shipping;2022;2;0
14389;Ireland;Federal Shipping;2022;24;1
14390;Brazil;United Package;2018;4;0
14391;USA;United Package;2016;6;1
14392;Brazil;United Package;2022;1;0
14393;Italy;Speedy Express;2018;2;0
14394;Brazil;United Package;2018;9;1
14395;USA;United Package;2013;1;0
14396;Argentina;United Package;2013;6;0
14397;Argentina;United Package;2016;9;1
14398;Argentina;United Package;2017;3;1
14399;Germany;United Package;2020;17;1
14400;Brazil;United Package;2019;5;0
14401;Italy;Speedy Express;2019;1;0
14402;Germany;United Package;2020;2;0
14403;Brazil;Federal Shipping;2020;6;0
14404;Spain;Speedy Express;2023;3;1
14405;Mexico;Federal Shipping;2021;5;0
14406;Spain;Federal Shipping;2015;6;0
14407;France;United Package;2020;15;0
14408;USA;Federal Shipping;2016;0;0
14409;USA;Federal Shipping;2013;11;0
14410;Sweden;Speedy Express;2020;14;0
14411;USA;United Package;2018;13;0
14412;France;Speedy Express;2020;13;0
14413;USA;Federal Shipping;2015;4;0
14414;Germany;Speedy Express;2020;9;1
14415;USA;United Package;2017;0;0
14416;France;Speedy Express;2018;16;0
14417;Germany;Speedy Express;2019;19;1
14418;Mexico;Federal Shipping;2019;0;0
14419;USA;United Package;2017;21;0
14420;Venezuela;Federal Shipping;2017;8;1
14421;Brazil;Speedy Express;2020;20;0
14422;Canada;Federal Shipping;2018;12;1
14423;Norway;United Package;2012;18;1
14424;Brazil;United Package;2015;4;1
14425;Sweden;Federal Shipping;2015;9;0
14426;Spain;Federal Shipping;2019;3;1
14427;USA;United Package;2021;4;1
14428;Brazil;Federal Shipping;2013;5;0
14429;Argentina;Federal Shipping;2012;4;0
14430;Canada;United Package;2012;17;1
14431;Portugal;Speedy Express;2020;6;0
14432;Spain;Speedy Express;2021;0;0
14433;Austria;United Package;2012;1;0
14434;USA;United Package;2016;7;0
14435;Belgium;United Package;2013;0;0
14436;Canada;Federal Shipping;2015;2;0
14437;Germany;Federal Shipping;2020;1;0
14438;USA;Federal Shipping;2015;20;1
14439;Brazil;United Package;2013;3;0
14440;France;Speedy Express;2014;0;0
14441;Brazil;United Package;2017;12;0
14442;Venezuela;Speedy Express;2019;0;0
14443;France;Federal Shipping;2021;4;0
14444;Austria;United Package;2014;12;0
14445;Brazil;Federal Shipping;2023;7;0
14446;Finland;Speedy Express;2016;1;0
14447;UK;United Package;2013;2;0
14448;UK;United Package;2015;1;0
14449;Poland;United Package;2022;13;0
14450;France;Federal Shipping;2013;1;0
14451;Germany;Federal Shipping;2013;17;0
14452;USA;Speedy Express;2017;1;0
14453;USA;Federal Shipping;2023;5;0
14454;USA;Speedy Express;2022;18;0
14455;Brazil;Federal Shipping;2020;11;0
14456;Brazil;United Package;2019;1;0
14457;Ireland;United Package;2019;25;0
14458;Germany;United Package;2020;6;0
14459;Germany;Speedy Express;2020;11;0
14460;UK;Speedy Express;2019;4;0
14461;UK;United Package;2015;5;0
14462;Venezuela;Federal Shipping;2013;18;1
14463;Ireland;Speedy Express;2022;5;0
14464;Denmark;Speedy Express;2012;8;0
14465;Poland;United Package;2016;1;0
14466;Brazil;Federal Shipping;2022;3;0
14467;France;Speedy Express;2015;6;0
14468;USA;Federal Shipping;2019;2;0
14469;France;Federal Shipping;2013;3;0
14470;France;Federal Shipping;2022;4;0
14471;Germany;United Package;2013;4;0
14472;Sweden;Federal Shipping;2023;6;0
14473;Mexico;Speedy Express;2019;7;0
14474;Brazil;Speedy Express;2016;18;1
14475;Denmark;Speedy Express;2018;1;0
14476;USA;Federal Shipping;2019;0;0
14477;USA;United Package;2018;20;0
14478;Switzerland;United Package;2022;4;0
14479;Austria;Speedy Express;2022;6;1
14480;Germany;United Package;2022;7;1
14481;Mexico;Speedy Express;2013;19;0
14482;France;Speedy Express;2020;15;1
14483;Sweden;Speedy Express;2022;8;0
14484;Brazil;Speedy Express;2015;1;0
14485;Italy;Speedy Express;2015;16;1
14486;Germany;United Package;2022;22;1
14487;Sweden;Federal Shipping;2021;15;0
14488;Sweden;United Package;2022;7;0
14489;USA;Federal Shipping;2023;10;1
14490;Brazil;Speedy Express;2014;20;1
14491;Argentina;Federal Shipping;2023;1;0
14492;Denmark;Speedy Express;2012;16;0
14493;France;Federal Shipping;2018;6;1
14494;UK;Federal Shipping;2015;14;0
14495;UK;Speedy Express;2019;12;0
14496;France;United Package;2018;7;1
14497;France;United Package;2013;11;0
14498;Canada;United Package;2020;12;0
14499;Germany;United Package;2018;2;0
14500;France;United Package;2018;11;1
14501;Denmark;Speedy Express;2014;4;0
14502;USA;United Package;2023;5;0
14503;Austria;Federal Shipping;2015;9;0
14504;Brazil;Speedy Express;2019;15;0
14505;France;Speedy Express;2013;8;0
14506;USA;Speedy Express;2015;2;0
14507;USA;Federal Shipping;2021;4;0
14508;Spain;Speedy Express;2023;5;0
14509;Brazil;Federal Shipping;2019;3;0
14510;Spain;Speedy Express;2018;4;0
14511;UK;Federal Shipping;2012;21;0
14512;Brazil;Federal Shipping;2014;2;0
14513;USA;United Package;2022;6;1
14514;USA;United Package;2019;5;0
14515;Spain;Speedy Express;2022;12;1
14516;Germany;United Package;2016;12;0
14517;USA;Federal Shipping;2021;4;0
14518;Spain;United Package;2016;1;0
14519;Mexico;Federal Shipping;2020;2;0
14520;Spain;United Package;2022;1;0
14521;Portugal;Speedy Express;2018;5;0
14522;Italy;Speedy Express;2016;1;0
14523;Brazil;Speedy Express;2016;12;0
14524;USA;Speedy Express;2018;0;0
14525;Brazil;Speedy Express;2023;24;1
14526;Brazil;Speedy Express;2021;6;0
14527;Norway;Speedy Express;2022;2;0
14528;USA;United Package;2018;15;1
14529;Austria;United Package;2015;2;0
14530;USA;Federal Shipping;2013;5;0
14531;USA;Speedy Express;2013;2;1
14532;France;Speedy Express;2020;1;0
14533;Germany;United Package;2014;4;0
14534;France;Speedy Express;2017;9;0
14535;Argentina;United Package;2020;1;0
14536;Denmark;United Package;2023;0;0
14537;France;United Package;2020;6;0
14538;Brazil;United Package;2015;24;1
14539;France;Federal Shipping;2023;3;0
14540;Switzerland;United Package;2021;0;0
14541;Germany;Federal Shipping;2019;0;0
14542;Mexico;Speedy Express;2018;7;0
14543;USA;United Package;2013;12;0
14544;Brazil;Speedy Express;2018;3;0
14545;USA;United Package;2014;1;0
14546;Spain;Speedy Express;2020;0;0
14547;Brazil;United Package;2013;15;1
14548;Brazil;United Package;2018;7;1
14549;France;United Package;2019;15;1
14550;Portugal;United Package;2013;16;0
14551;Spain;Speedy Express;2023;3;0
14552;Brazil;Speedy Express;2014;5;0
14553;USA;Federal Shipping;2015;8;1
14554;Germany;Federal Shipping;2022;4;1
14555;Venezuela;United Package;2021;0;0
14556;Mexico;Speedy Express;2022;9;0
14557;USA;United Package;2015;18;0
14558;France;United Package;2015;10;1
14559;France;Speedy Express;2020;2;0
14560;UK;Federal Shipping;2019;5;0
14561;Brazil;Speedy Express;2012;5;1
14562;UK;Federal Shipping;2022;3;0
14563;Brazil;Speedy Express;2017;9;0
14564;Venezuela;Federal Shipping;2016;3;0
14565;Austria;United Package;2023;4;0
14566;UK;Speedy Express;2018;13;1
14567;France;Federal Shipping;2021;9;0
14568;Germany;United Package;2015;2;0
14569;Brazil;Speedy Express;2019;0;0
14570;USA;Federal Shipping;2023;2;0
14571;Germany;United Package;2023;13;1
14572;Sweden;United Package;2013;6;0
14573;Germany;Federal Shipping;2013;2;0
14574;Spain;Speedy Express;2023;1;0
14575;USA;Speedy Express;2019;24;1
14576;Brazil;Federal Shipping;2018;1;0
14577;Norway;United Package;2013;2;0
14578;USA;Speedy Express;2019;3;0
14579;France;United Package;2014;12;0
14580;Brazil;Speedy Express;2019;1;0
14581;USA;Federal Shipping;2023;8;0
14582;Brazil;Federal Shipping;2014;2;0
14583;France;Speedy Express;2019;16;1
14584;UK;Federal Shipping;2020;1;0
14585;Italy;Speedy Express;2016;5;0
14586;Finland;Speedy Express;2023;1;0
14587;Argentina;Federal Shipping;2017;15;0
14588;Germany;Speedy Express;2020;15;1
14589;Venezuela;Speedy Express;2015;3;0
14590;USA;Speedy Express;2013;24;1
14591;Brazil;Speedy Express;2018;2;0
14592;France;United Package;2022;22;1
14593;UK;Speedy Express;2021;0;0
14594;Canada;United Package;2014;13;1
14595;Sweden;Federal Shipping;2018;20;1
14596;USA;Speedy Express;2017;7;0
14597;Switzerland;Federal Shipping;2017;13;0
14598;Austria;United Package;2015;3;0
14599;USA;United Package;2022;4;0
14600;UK;United Package;2016;1;0
14601;Finland;United Package;2020;7;0
14602;USA;Federal Shipping;2020;0;0
14603;Spain;Federal Shipping;2017;6;0
14604;Italy;Speedy Express;2018;26;1
14605;USA;Federal Shipping;2017;4;0
14606;USA;United Package;2012;4;0
14607;Germany;Federal Shipping;2017;1;0
14608;Mexico;Speedy Express;2016;10;0
14609;UK;United Package;2021;14;0
14610;Mexico;United Package;2019;2;0
14611;Sweden;Federal Shipping;2018;2;0
14612;USA;Speedy Express;2023;2;0
14613;Germany;Speedy Express;2020;22;1
14614;Germany;Speedy Express;2018;1;0
14615;USA;Federal Shipping;2017;0;0
14616;Austria;United Package;2016;10;0
14617;Switzerland;Federal Shipping;2023;8;0
14618;Switzerland;Speedy Express;2015;4;0
14619;Italy;United Package;2020;5;0
14620;Argentina;Federal Shipping;2014;22;1
14621;Brazil;United Package;2018;7;0
14622;Germany;Federal Shipping;2023;12;0
14623;Sweden;Speedy Express;2021;15;0
14624;Italy;Federal Shipping;2013;1;0
14625;Finland;Federal Shipping;2023;12;0
14626;USA;Federal Shipping;2012;0;0
14627;France;United Package;2018;0;0
14628;UK;Federal Shipping;2021;0;0
14629;Argentina;Speedy Express;2019;2;0
14630;Mexico;Federal Shipping;2022;6;1
14631;USA;Speedy Express;2016;19;1
14632;Argentina;Federal Shipping;2017;19;0
14633;Mexico;Speedy Express;2021;6;0
14634;France;United Package;2013;1;0
14635;USA;United Package;2014;22;1
14636;Germany;Speedy Express;2022;11;1
14637;USA;United Package;2021;11;0
14638;Portugal;Federal Shipping;2017;5;0
14639;Poland;United Package;2023;13;0
14640;Denmark;United Package;2015;4;0
14641;USA;United Package;2014;16;1
14642;France;United Package;2012;6;0
14643;Poland;Federal Shipping;2013;10;0
14644;Germany;Speedy Express;2020;2;0
14645;Germany;Speedy Express;2020;4;0
14646;France;Speedy Express;2022;0;0
14647;Ireland;United Package;2023;5;1
14648;Poland;Speedy Express;2019;1;0
14649;Brazil;Federal Shipping;2021;1;0
14650;France;United Package;2017;0;0
14651;Italy;Speedy Express;2013;3;0
14652;Italy;Federal Shipping;2020;11;1
14653;Mexico;Speedy Express;2022;2;0
14654;Germany;Federal Shipping;2022;1;0
14655;Mexico;Federal Shipping;2021;2;0
14656;USA;Federal Shipping;2017;18;1
14657;UK;United Package;2019;2;0
14658;Spain;United Package;2016;1;0
14659;Germany;Speedy Express;2020;8;0
14660;Mexico;Federal Shipping;2013;11;0
14661;Germany;Federal Shipping;2012;7;0
14662;Brazil;United Package;2012;1;0
14663;Mexico;Federal Shipping;2022;2;0
14664;Germany;United Package;2020;1;0
14665;Norway;United Package;2023;18;1
14666;Germany;Speedy Express;2019;8;0
14667;Argentina;Speedy Express;2017;22;0
14668;Argentina;United Package;2021;15;0
14669;Brazil;United Package;2021;1;0
14670;France;United Package;2023;15;1
14671;Argentina;Federal Shipping;2016;4;0
14672;USA;United Package;2022;5;0
14673;Venezuela;Federal Shipping;2021;1;0
14674;Switzerland;United Package;2017;24;0
14675;France;Federal Shipping;2017;11;1
14676;USA;Federal Shipping;2017;20;0
14677;France;United Package;2020;11;1
14678;UK;Speedy Express;2014;6;1
14679;Brazil;Federal Shipping;2014;4;1
14680;Mexico;Federal Shipping;2016;5;0
14681;Mexico;Federal Shipping;2016;6;0
14682;USA;United Package;2020;21;1
14683;USA;Federal Shipping;2019;1;0
14684;Brazil;Federal Shipping;2014;11;0
14685;Spain;United Package;2013;1;0
14686;Poland;Speedy Express;2015;3;0
14687;Germany;United Package;2020;1;0
14688;Belgium;United Package;2013;11;0
14689;USA;Speedy Express;2019;0;0
14690;Venezuela;United Package;2013;16;0
14691;France;United Package;2021;2;0
14692;USA;Federal Shipping;2014;2;0
14693;Finland;Speedy Express;2020;0;0
14694;Germany;Speedy Express;2020;1;0
14695;France;Federal Shipping;2014;0;0
14696;Denmark;United Package;2018;6;0
14697;Argentina;Speedy Express;2013;11;1
14698;UK;Speedy Express;2023;3;0
14699;Spain;Speedy Express;2018;0;0
14700;Poland;Speedy Express;2013;6;0
14701;Canada;Speedy Express;2019;9;0
14702;UK;Federal Shipping;2015;2;0
14703;USA;Speedy Express;2020;9;0
14704;USA;Speedy Express;2023;9;0
14705;Norway;Federal Shipping;2015;6;0
14706;Germany;Federal Shipping;2019;23;0
14707;USA;Federal Shipping;2018;0;0
14708;Mexico;Federal Shipping;2021;2;0
14709;USA;Speedy Express;2016;26;1
14710;Mexico;United Package;2021;2;0
14711;USA;United Package;2015;8;0
14712;Spain;Speedy Express;2023;3;0
14713;Poland;Federal Shipping;2013;17;0
14714;Brazil;Federal Shipping;2019;4;0
14715;France;Speedy Express;2017;2;0
14716;Brazil;Speedy Express;2013;2;0
14717;Denmark;United Package;2018;11;0
14718;Brazil;Speedy Express;2017;15;1
14719;Argentina;United Package;2022;2;0
14720;France;Federal Shipping;2023;19;0
14721;Brazil;Speedy Express;2019;25;1
14722;Germany;United Package;2015;22;1
14723;UK;United Package;2014;13;0
14724;UK;United Package;2019;3;0
14725;USA;Federal Shipping;2017;6;0
14726;Spain;Federal Shipping;2020;0;0
14727;Brazil;United Package;2013;6;0
14728;Germany;Speedy Express;2013;0;0
14729;Poland;Federal Shipping;2013;5;0
14730;France;Federal Shipping;2014;1;0
14731;USA;United Package;2014;15;0
14732;Mexico;Federal Shipping;2019;22;0
14733;France;Federal Shipping;2014;3;0
14734;Finland;Speedy Express;2020;4;0
14735;Spain;Speedy Express;2016;3;0
14736;UK;United Package;2020;28;1
14737;Venezuela;Federal Shipping;2022;22;1
14738;Germany;Speedy Express;2018;14;0
14739;France;Speedy Express;2017;16;0
14740;Brazil;Speedy Express;2020;22;0
14741;Spain;Speedy Express;2016;2;0
14742;Germany;United Package;2021;24;1
14743;Brazil;United Package;2017;3;0
14744;Norway;United Package;2022;19;1
14745;USA;Federal Shipping;2015;20;0
14746;Germany;United Package;2018;28;1
14747;Italy;Speedy Express;2015;14;0
14748;Finland;Speedy Express;2015;14;0
14749;Venezuela;United Package;2013;5;1
14750;Argentina;Federal Shipping;2018;21;0
14751;Brazil;United Package;2013;15;0
14752;France;Speedy Express;2021;6;0
14753;Sweden;Federal Shipping;2022;11;1
14754;Germany;Federal Shipping;2019;17;0
14755;USA;Federal Shipping;2018;10;1
14756;Sweden;Federal Shipping;2015;16;0
14757;Brazil;Speedy Express;2021;24;0
14758;Germany;Federal Shipping;2019;8;0
14759;Portugal;Federal Shipping;2018;1;0
14760;Belgium;United Package;2022;1;0
14761;Italy;Federal Shipping;2019;10;0
14762;Germany;Federal Shipping;2015;7;0
14763;Germany;Federal Shipping;2022;16;0
14764;UK;United Package;2018;12;0
14765;Canada;Federal Shipping;2013;1;0
14766;Canada;Speedy Express;2021;12;1
14767;Germany;Speedy Express;2022;3;0
14768;Austria;Speedy Express;2017;1;0
14769;Mexico;United Package;2019;9;0
14770;USA;Speedy Express;2022;10;0
14771;Venezuela;United Package;2012;3;0
14772;USA;United Package;2019;24;1
14773;Venezuela;United Package;2015;1;0
14774;Germany;Speedy Express;2012;5;0
14775;Brazil;Federal Shipping;2016;3;0
14776;Brazil;Speedy Express;2020;7;0
14777;Brazil;United Package;2013;4;0
14778;UK;Speedy Express;2014;5;1
14779;USA;Speedy Express;2016;5;0
14780;Switzerland;Speedy Express;2013;3;0
14781;USA;United Package;2022;0;0
14782;France;United Package;2019;4;0
14783;Germany;Federal Shipping;2023;1;0
14784;USA;Speedy Express;2019;9;0
14785;Germany;United Package;2018;1;0
14786;Brazil;United Package;2015;3;1
14787;Switzerland;Speedy Express;2022;2;0
14788;Portugal;United Package;2016;3;0
14789;Sweden;United Package;2018;15;1
14790;Germany;Federal Shipping;2016;0;0
14791;Germany;Speedy Express;2015;1;0
14792;Portugal;United Package;2018;10;0
14793;Venezuela;Federal Shipping;2015;16;1
14794;UK;United Package;2018;9;1
14795;Venezuela;Speedy Express;2020;1;0
14796;Brazil;Federal Shipping;2016;2;0
14797;France;Federal Shipping;2016;2;0
14798;Brazil;United Package;2018;2;0
14799;Mexico;United Package;2018;0;0
14800;France;Federal Shipping;2013;1;0
14801;Mexico;Speedy Express;2023;0;0
14802;Switzerland;Federal Shipping;2012;6;0
14803;Spain;Federal Shipping;2023;2;0
14804;USA;United Package;2019;2;0
14805;Venezuela;United Package;2018;3;0
14806;USA;Federal Shipping;2023;22;1
14807;Mexico;Speedy Express;2018;10;1
14808;Germany;Speedy Express;2015;23;0
14809;Sweden;Federal Shipping;2014;9;1
14810;France;United Package;2019;4;0
14811;Germany;Federal Shipping;2023;23;1
14812;Venezuela;Speedy Express;2019;21;0
14813;Norway;Federal Shipping;2013;14;0
14814;Austria;United Package;2018;2;0
14815;France;Speedy Express;2016;7;0
14816;Germany;United Package;2012;8;0
14817;Brazil;Speedy Express;2015;1;0
14818;Spain;Federal Shipping;2023;4;0
14819;France;Speedy Express;2018;1;0
14820;Venezuela;United Package;2019;1;0
14821;UK;Speedy Express;2016;1;1
14822;France;United Package;2016;4;0
14823;Germany;United Package;2021;10;0
14824;Canada;Speedy Express;2017;7;1
14825;Germany;United Package;2021;8;0
14826;Spain;Federal Shipping;2014;9;0
14827;UK;Speedy Express;2021;6;0
14828;Brazil;Federal Shipping;2016;17;0
14829;Germany;Speedy Express;2015;2;0
14830;Argentina;Speedy Express;2013;3;0
14831;France;Federal Shipping;2015;6;0
14832;Germany;Federal Shipping;2021;0;0
14833;Germany;Federal Shipping;2020;1;0
14834;Argentina;Federal Shipping;2015;2;1
14835;Italy;Federal Shipping;2022;0;0
14836;UK;Speedy Express;2021;8;1
14837;Spain;United Package;2019;9;0
14838;USA;Speedy Express;2023;0;0
14839;France;United Package;2014;1;0
14840;UK;United Package;2014;11;1
14841;Sweden;Speedy Express;2020;1;0
14842;USA;United Package;2016;17;1
14843;Belgium;Speedy Express;2022;2;0
14844;Spain;Speedy Express;2015;22;1
14845;USA;United Package;2020;5;0
14846;Germany;United Package;2022;1;0
14847;USA;Federal Shipping;2019;2;0
14848;USA;Federal Shipping;2012;2;0
14849;USA;Federal Shipping;2014;10;0
14850;Venezuela;Federal Shipping;2017;4;0
14851;Finland;United Package;2013;11;1
14852;France;Federal Shipping;2016;14;1
14853;Switzerland;Federal Shipping;2021;0;0
14854;Argentina;United Package;2017;1;0
14855;Brazil;Speedy Express;2018;4;0
14856;Brazil;United Package;2013;1;0
14857;Brazil;Speedy Express;2023;1;0
14858;USA;Federal Shipping;2015;5;0
14859;UK;Federal Shipping;2019;16;1
14860;Germany;United Package;2023;3;0
14861;Brazil;Federal Shipping;2013;25;0
14862;UK;Federal Shipping;2018;9;0
14863;Canada;Speedy Express;2012;10;0
14864;Mexico;Speedy Express;2020;11;0
14865;Venezuela;Federal Shipping;2018;4;0
14866;Canada;Federal Shipping;2021;4;0
14867;UK;Federal Shipping;2012;6;0
14868;Venezuela;Federal Shipping;2019;6;0
14869;Germany;Federal Shipping;2019;26;0
14870;Spain;Speedy Express;2016;2;0
14871;USA;Federal Shipping;2017;1;0
14872;Spain;Speedy Express;2020;1;0
14873;USA;Speedy Express;2018;9;1
14874;Argentina;Speedy Express;2023;9;0
14875;France;Speedy Express;2014;1;0
14876;France;Speedy Express;2020;3;0
14877;USA;Speedy Express;2013;10;0
14878;Belgium;United Package;2018;0;0
14879;Germany;Speedy Express;2012;3;0
14880;Germany;Speedy Express;2021;20;1
14881;Portugal;Speedy Express;2023;10;1
14882;UK;Speedy Express;2017;10;1
14883;USA;Federal Shipping;2019;2;0
14884;Italy;Federal Shipping;2012;2;0
14885;Venezuela;United Package;2021;8;1
14886;France;Speedy Express;2016;14;1
14887;Argentina;Speedy Express;2015;4;0
14888;USA;Federal Shipping;2015;8;0
14889;Germany;United Package;2019;12;1
14890;France;United Package;2015;1;0
14891;Brazil;Speedy Express;2013;1;0
14892;Argentina;Federal Shipping;2014;1;0
14893;Brazil;United Package;2018;4;1
14894;Germany;United Package;2013;3;0
14895;Ireland;United Package;2020;1;0
14896;Belgium;Speedy Express;2013;3;0
14897;France;United Package;2022;5;1
14898;Argentina;United Package;2013;22;1
14899;Germany;Federal Shipping;2013;1;0
14900;Austria;Federal Shipping;2014;7;0
14901;Germany;Speedy Express;2016;6;0
14902;Brazil;Speedy Express;2023;6;0
14903;Germany;United Package;2019;8;0
14904;UK;United Package;2020;14;0
14905;Brazil;Federal Shipping;2016;3;0
14906;Denmark;United Package;2018;14;0
14907;Brazil;Speedy Express;2017;1;0
14908;Denmark;United Package;2014;3;0
14909;Canada;United Package;2015;2;0
14910;UK;Speedy Express;2012;6;0
14911;Italy;Speedy Express;2023;18;0
14912;Germany;Speedy Express;2020;3;0
14913;USA;Speedy Express;2019;6;0
14914;Germany;Federal Shipping;2016;6;1
14915;Brazil;Federal Shipping;2015;17;0
14916;Spain;Speedy Express;2016;9;0
14917;USA;Speedy Express;2014;15;0
14918;Brazil;United Package;2015;9;1
14919;France;Speedy Express;2013;10;1
14920;France;Speedy Express;2015;10;0
14921;Ireland;Speedy Express;2016;11;0
14922;Germany;Speedy Express;2019;0;0
14923;Belgium;Speedy Express;2016;3;0
14924;USA;Speedy Express;2016;23;1
14925;Mexico;Federal Shipping;2015;3;0
14926;UK;Federal Shipping;2012;12;0
14927;Canada;Federal Shipping;2018;17;0
14928;Argentina;Federal Shipping;2022;15;1
14929;Belgium;United Package;2017;9;0
14930;UK;Federal Shipping;2013;5;0
14931;Germany;Speedy Express;2019;7;0
14932;Spain;Federal Shipping;2019;7;0
14933;USA;Speedy Express;2021;19;0
14934;USA;United Package;2023;2;0
14935;France;Speedy Express;2016;17;0
14936;Germany;Speedy Express;2018;11;0
14937;Brazil;United Package;2018;13;0
14938;Brazil;United Package;2017;6;0
14939;France;Speedy Express;2016;5;0
14940;France;Speedy Express;2023;1;0
14941;Brazil;Speedy Express;2020;21;1
14942;Italy;Speedy Express;2017;24;1
14943;France;United Package;2019;2;0
14944;Brazil;Federal Shipping;2017;23;0
14945;Brazil;Federal Shipping;2021;4;0
14946;Argentina;Speedy Express;2019;0;0
14947;Belgium;Federal Shipping;2015;2;0
14948;USA;Speedy Express;2021;2;0
14949;Germany;Federal Shipping;2017;8;0
14950;Denmark;Speedy Express;2018;3;0
14951;Spain;Federal Shipping;2020;28;1
14952;Switzerland;Federal Shipping;2023;0;0
14953;Brazil;United Package;2020;7;0
14954;UK;Federal Shipping;2019;2;0
14955;Argentina;Speedy Express;2016;21;0
14956;Brazil;Speedy Express;2017;10;1
14957;USA;United Package;2015;14;0
14958;Portugal;Federal Shipping;2013;1;0
14959;Finland;Federal Shipping;2022;1;0
14960;Spain;United Package;2018;8;1
14961;USA;Federal Shipping;2017;9;0
14962;Germany;United Package;2013;6;0
14963;Brazil;United Package;2021;5;0
14964;UK;United Package;2014;5;0
14965;USA;Speedy Express;2016;9;1
14966;USA;Speedy Express;2022;0;0
14967;Spain;Speedy Express;2014;2;0
14968;Portugal;Federal Shipping;2013;13;0
14969;Germany;United Package;2022;0;0
14970;Brazil;Speedy Express;2015;10;1
14971;Spain;United Package;2023;16;1
14972;Mexico;Federal Shipping;2018;1;0
14973;France;Federal Shipping;2013;1;0
14974;UK;Federal Shipping;2022;10;0
14975;Germany;Speedy Express;2023;17;1
14976;Canada;Federal Shipping;2016;16;1
14977;USA;Speedy Express;2016;7;1
14978;USA;United Package;2016;9;0
14979;Venezuela;Speedy Express;2015;2;0
14980;Belgium;Federal Shipping;2021;4;0
14981;USA;United Package;2019;0;0
14982;France;United Package;2016;19;0
14983;Italy;Speedy Express;2019;1;1
14984;USA;Speedy Express;2022;19;0
14985;Brazil;Federal Shipping;2021;15;1
14986;Brazil;Federal Shipping;2015;4;0
14987;Brazil;United Package;2013;1;0
14988;Austria;United Package;2012;7;0
14989;France;Speedy Express;2018;0;0
14990;Canada;Federal Shipping;2016;2;0
14991;Germany;Speedy Express;2014;4;0
14992;UK;United Package;2016;7;0
14993;Brazil;Speedy Express;2021;11;0
14994;Germany;Speedy Express;2013;1;0
14995;Venezuela;Speedy Express;2022;0;0
14996;UK;Federal Shipping;2023;19;1
14997;Germany;Federal Shipping;2014;18;0
14998;Germany;Speedy Express;2016;10;1
14999;Canada;Federal Shipping;2023;1;0
15000;Germany;Speedy Express;2015;13;0
15001;Germany;United Package;2016;1;0
15002;Italy;Federal Shipping;2023;16;1
15003;USA;United Package;2013;6;0
15004;Sweden;Speedy Express;2020;1;0
15005;France;Federal Shipping;2013;2;0
15006;USA;United Package;2013;8;0
15007;France;Federal Shipping;2015;4;0
15008;Switzerland;Federal Shipping;2020;3;1
15009;Canada;Federal Shipping;2014;2;0
15010;Ireland;Speedy Express;2022;19;1
15011;France;United Package;2013;3;0
15012;France;Speedy Express;2016;5;0
15013;Italy;United Package;2021;12;0
15014;Germany;Speedy Express;2017;10;0
15015;Germany;Speedy Express;2019;3;0
15016;Argentina;United Package;2018;9;1
15017;France;Federal Shipping;2021;0;0
15018;Belgium;United Package;2015;11;0
15019;France;United Package;2015;1;0
15020;Poland;Speedy Express;2015;1;0
15021;Spain;Speedy Express;2016;10;1
15022;Venezuela;United Package;2018;15;0
15023;Mexico;United Package;2020;5;0
15024;Belgium;Speedy Express;2014;23;1
15025;Austria;Speedy Express;2014;2;0
15026;Brazil;Speedy Express;2021;6;0
15027;Germany;Speedy Express;2020;14;1
15028;USA;Speedy Express;2017;19;1
15029;Italy;Speedy Express;2020;12;0
15030;UK;Federal Shipping;2021;3;0
15031;Switzerland;Federal Shipping;2014;4;0
15032;UK;United Package;2022;4;0
15033;France;Speedy Express;2023;18;1
15034;Argentina;Speedy Express;2023;4;0
15035;Finland;Speedy Express;2014;4;0
15036;France;Federal Shipping;2020;9;0
15037;Germany;United Package;2015;4;0
15038;Venezuela;Federal Shipping;2017;20;1
15039;USA;United Package;2021;10;0
15040;UK;United Package;2022;2;0
15041;UK;Speedy Express;2017;3;0
15042;Mexico;Federal Shipping;2014;2;0
15043;Mexico;United Package;2022;9;1
15044;Argentina;United Package;2021;8;0
15045;Mexico;Federal Shipping;2020;13;1
15046;Germany;Federal Shipping;2023;6;0
15047;UK;Speedy Express;2022;11;0
15048;Mexico;United Package;2017;20;0
15049;UK;Federal Shipping;2022;17;1
15050;USA;Speedy Express;2018;13;0
15051;Italy;Federal Shipping;2017;1;0
15052;Austria;Speedy Express;2021;18;0
15053;Austria;Speedy Express;2018;3;0
15054;Germany;Federal Shipping;2017;0;0
15055;USA;Federal Shipping;2019;28;0
15056;Switzerland;Speedy Express;2021;3;1
15057;Brazil;Federal Shipping;2019;1;0
15058;Spain;Speedy Express;2022;2;0
15059;UK;Speedy Express;2021;2;0
15060;Portugal;Federal Shipping;2020;3;0
15061;Venezuela;Federal Shipping;2016;13;1
15062;Germany;United Package;2020;1;0
15063;France;Speedy Express;2014;2;0
15064;USA;United Package;2012;11;1
15065;Germany;Federal Shipping;2018;2;0
15066;Italy;Speedy Express;2014;2;0
15067;Spain;United Package;2023;1;0
15068;Brazil;Federal Shipping;2019;2;0
15069;USA;Speedy Express;2020;1;0
15070;UK;Federal Shipping;2023;8;1
15071;France;Federal Shipping;2012;12;0
15072;Denmark;Federal Shipping;2013;2;0
15073;France;Speedy Express;2022;3;0
15074;Germany;United Package;2018;5;1
15075;Denmark;United Package;2013;2;0
15076;France;Federal Shipping;2016;2;1
15077;Spain;Speedy Express;2023;13;0
15078;Germany;Speedy Express;2016;14;0
15079;France;Federal Shipping;2021;14;0
15080;France;Speedy Express;2018;8;0
15081;Finland;Federal Shipping;2014;5;0
15082;Switzerland;United Package;2021;19;1
15083;France;Speedy Express;2013;23;1
15084;France;Federal Shipping;2021;17;0
15085;Germany;Federal Shipping;2017;0;0
15086;Finland;Federal Shipping;2015;0;1
15087;Switzerland;United Package;2021;6;0
15088;France;United Package;2020;21;1
15089;UK;Speedy Express;2017;6;0
15090;UK;United Package;2021;11;1
15091;UK;Federal Shipping;2017;4;0
15092;Brazil;United Package;2015;11;0
15093;Germany;Speedy Express;2012;8;1
15094;Switzerland;Federal Shipping;2018;8;0
15095;Denmark;Federal Shipping;2013;6;0
15096;France;Federal Shipping;2019;0;0
15097;Italy;Federal Shipping;2022;20;0
15098;Brazil;United Package;2014;10;0
15099;Brazil;Federal Shipping;2014;15;0
15100;Portugal;Federal Shipping;2012;8;1
15101;Austria;Federal Shipping;2017;7;0
15102;Italy;United Package;2015;17;1
15103;UK;United Package;2013;4;0
15104;UK;United Package;2018;14;1
15105;Spain;United Package;2014;2;0
15106;UK;Federal Shipping;2020;26;1
15107;Canada;Federal Shipping;2018;18;1
15108;Austria;Federal Shipping;2023;17;0
15109;USA;Federal Shipping;2017;16;1
15110;Brazil;United Package;2019;10;0
15111;Mexico;Federal Shipping;2015;7;0
15112;Canada;Federal Shipping;2016;13;1
15113;USA;Federal Shipping;2017;8;0
15114;Germany;Speedy Express;2020;12;0
15115;Brazil;Federal Shipping;2023;1;0
15116;Brazil;United Package;2023;1;0
15117;Venezuela;United Package;2018;14;1
15118;Norway;Speedy Express;2017;3;0
15119;Finland;Speedy Express;2014;4;1
15120;Sweden;Speedy Express;2023;7;0
15121;Venezuela;United Package;2018;3;0
15122;Ireland;Speedy Express;2015;14;1
15123;Belgium;Speedy Express;2014;6;0
15124;Germany;Speedy Express;2012;9;0
15125;Brazil;United Package;2021;25;1
15126;Venezuela;Federal Shipping;2017;5;0
15127;USA;Federal Shipping;2022;5;0
15128;Portugal;Federal Shipping;2022;1;0
15129;Switzerland;Speedy Express;2020;1;0
15130;France;Speedy Express;2013;0;0
15131;Portugal;Speedy Express;2013;23;1
15132;Canada;Federal Shipping;2015;1;0
15133;Denmark;Federal Shipping;2016;13;0
15134;USA;United Package;2017;6;0
15135;USA;Federal Shipping;2020;11;1
15136;Italy;United Package;2022;1;0
15137;France;Speedy Express;2023;4;0
15138;UK;Speedy Express;2017;6;0
15139;France;United Package;2020;11;0
15140;Mexico;Federal Shipping;2021;0;0
15141;UK;Speedy Express;2018;2;0
15142;Spain;Federal Shipping;2014;20;1
15143;Germany;Speedy Express;2017;1;0
15144;Spain;Speedy Express;2016;8;1
15145;Austria;Federal Shipping;2015;3;0
15146;Poland;United Package;2021;2;0
15147;Spain;United Package;2019;4;0
15148;Poland;Federal Shipping;2023;6;0
15149;Germany;Speedy Express;2023;1;0
15150;USA;United Package;2013;5;0
15151;Spain;Speedy Express;2012;13;0
15152;Germany;United Package;2014;9;0
15153;Brazil;United Package;2015;2;0
15154;UK;United Package;2019;1;0
15155;France;United Package;2015;0;0
15156;USA;United Package;2013;4;0
15157;Mexico;Federal Shipping;2022;0;0
15158;Germany;United Package;2014;4;1
15159;France;United Package;2015;7;0
15160;Germany;Speedy Express;2017;12;0
15161;Germany;United Package;2017;15;1
15162;France;Federal Shipping;2017;1;0
15163;USA;Federal Shipping;2017;3;0
15164;UK;Federal Shipping;2017;19;0
15165;Germany;Speedy Express;2014;1;0
15166;Germany;United Package;2020;2;1
15167;Finland;Speedy Express;2013;2;0
15168;USA;United Package;2021;12;1
15169;Austria;Speedy Express;2020;4;0
15170;Austria;Federal Shipping;2018;9;0
15171;Mexico;Federal Shipping;2016;7;0
15172;Mexico;United Package;2018;3;0
15173;Finland;Federal Shipping;2023;2;0
15174;France;Speedy Express;2013;9;0
15175;Germany;Speedy Express;2015;13;0
15176;Spain;United Package;2013;2;0
15177;Brazil;Federal Shipping;2013;14;0
15178;USA;Speedy Express;2020;1;0
15179;Brazil;United Package;2014;2;0
15180;USA;United Package;2021;10;1
15181;UK;Speedy Express;2014;2;0
15182;France;United Package;2019;3;0
15183;Spain;Speedy Express;2020;19;0
15184;Ireland;United Package;2018;1;0
15185;UK;United Package;2013;7;0
15186;USA;Federal Shipping;2021;11;0
15187;Italy;Speedy Express;2012;2;0
15188;USA;Speedy Express;2013;6;0
15189;Mexico;Speedy Express;2016;2;0
15190;France;Speedy Express;2021;4;1
15191;Belgium;United Package;2020;20;1
15192;USA;Federal Shipping;2018;2;0
15193;Poland;Federal Shipping;2023;1;0
15194;Canada;United Package;2018;4;1
15195;Sweden;Speedy Express;2015;9;0
15196;Austria;United Package;2018;1;0
15197;Germany;Speedy Express;2022;6;0
15198;USA;United Package;2013;5;0
15199;UK;Speedy Express;2023;7;1
15200;Norway;United Package;2016;3;0
15201;Belgium;Speedy Express;2013;4;0
15202;Ireland;United Package;2012;17;1
15203;France;United Package;2020;10;1
15204;USA;Speedy Express;2020;15;1
15205;Argentina;Federal Shipping;2016;4;0
15206;UK;Speedy Express;2020;23;1
15207;Belgium;United Package;2013;10;0
15208;UK;Federal Shipping;2018;2;0
15209;Mexico;United Package;2022;1;0
15210;USA;United Package;2015;1;0
15211;Venezuela;Federal Shipping;2020;0;0
15212;Italy;Federal Shipping;2018;3;0
15213;Canada;Speedy Express;2021;9;0
15214;USA;United Package;2016;22;1
15215;Brazil;United Package;2017;11;0
15216;Austria;Federal Shipping;2014;5;0
15217;France;Speedy Express;2015;3;0
15218;UK;United Package;2023;3;0
15219;Mexico;Federal Shipping;2017;13;0
15220;France;Speedy Express;2019;20;0
15221;Portugal;United Package;2014;14;0
15222;Denmark;Federal Shipping;2019;20;1
15223;Germany;Speedy Express;2022;5;0
15224;Spain;Federal Shipping;2018;21;1
15225;Argentina;United Package;2019;17;0
15226;Brazil;Federal Shipping;2014;7;0
15227;Brazil;Federal Shipping;2021;11;0
15228;Denmark;Speedy Express;2017;12;0
15229;Germany;Federal Shipping;2019;2;0
15230;Brazil;United Package;2015;7;0
15231;Germany;United Package;2017;4;1
15232;Brazil;Speedy Express;2022;8;0
15233;Germany;Speedy Express;2017;7;0
15234;Argentina;Speedy Express;2020;9;0
15235;Brazil;United Package;2012;3;0
15236;USA;United Package;2014;4;0
15237;Argentina;United Package;2014;3;0
15238;Belgium;United Package;2012;9;0
15239;USA;Speedy Express;2015;1;0
15240;Belgium;Speedy Express;2012;3;0
15241;Venezuela;United Package;2016;13;1
15242;Mexico;Speedy Express;2012;20;1
15243;France;Speedy Express;2014;25;1
15244;USA;Speedy Express;2012;0;0
15245;Austria;Federal Shipping;2020;14;1
15246;Finland;United Package;2016;5;0
15247;France;United Package;2013;5;0
15248;France;Speedy Express;2015;1;0
15249;UK;United Package;2013;3;0
15250;USA;Speedy Express;2014;17;0
15251;France;United Package;2018;19;0
15252;Germany;Federal Shipping;2014;3;0
15253;USA;Federal Shipping;2022;7;0
15254;USA;Federal Shipping;2018;8;0
15255;Denmark;United Package;2014;7;1
15256;France;Speedy Express;2016;8;0
15257;Switzerland;Federal Shipping;2016;14;1
15258;Germany;United Package;2015;2;1
15259;USA;Speedy Express;2014;1;1
15260;UK;Federal Shipping;2022;3;0
15261;Germany;United Package;2016;9;0
15262;USA;Speedy Express;2012;11;0
15263;USA;United Package;2017;3;0
15264;Belgium;Federal Shipping;2019;12;1
15265;Canada;Speedy Express;2021;7;0
15266;Germany;United Package;2022;4;0
15267;Poland;Federal Shipping;2012;7;0
15268;Denmark;Federal Shipping;2015;20;1
15269;Finland;Federal Shipping;2019;0;0
15270;Germany;Speedy Express;2022;4;0
15271;Brazil;United Package;2021;17;0
15272;UK;United Package;2019;5;0
15273;Sweden;United Package;2017;21;1
15274;Venezuela;United Package;2020;2;0
15275;Belgium;Federal Shipping;2012;7;1
15276;Portugal;Federal Shipping;2021;8;0
15277;France;Federal Shipping;2016;9;1
15278;UK;Federal Shipping;2021;4;0
15279;Spain;United Package;2014;2;0
15280;UK;Speedy Express;2018;6;0
15281;Brazil;Federal Shipping;2014;5;0
15282;France;Federal Shipping;2016;1;0
15283;Italy;Speedy Express;2013;3;0
15284;Mexico;Federal Shipping;2020;4;0
15285;France;Federal Shipping;2015;6;0
15286;France;United Package;2013;3;0
15287;Argentina;United Package;2017;15;0
15288;USA;Federal Shipping;2023;11;0
15289;Austria;United Package;2014;1;0
15290;Germany;Federal Shipping;2015;4;1
15291;UK;United Package;2021;5;0
15292;Germany;Speedy Express;2012;7;0
15293;Spain;Speedy Express;2022;11;0
15294;Canada;Speedy Express;2015;4;0
15295;France;Speedy Express;2017;7;0
15296;Finland;Speedy Express;2013;15;1
15297;Spain;Speedy Express;2022;3;0
15298;Brazil;Speedy Express;2014;1;0
15299;Canada;United Package;2014;4;0
15300;Mexico;Federal Shipping;2019;9;0
15301;Venezuela;Federal Shipping;2017;0;0
15302;Brazil;Speedy Express;2017;2;0
15303;Sweden;Speedy Express;2018;12;0
15304;Austria;Federal Shipping;2012;12;1
15305;Spain;Federal Shipping;2017;6;0
15306;Germany;Federal Shipping;2019;14;0
15307;Venezuela;Federal Shipping;2020;0;0
15308;Brazil;United Package;2014;2;0
15309;Germany;United Package;2014;18;0
15310;USA;Speedy Express;2021;0;0
15311;France;United Package;2015;3;0
15312;Brazil;Speedy Express;2020;0;0
15313;Germany;Speedy Express;2012;4;0
15314;Germany;Speedy Express;2017;0;0
15315;Canada;United Package;2018;3;1
15316;Brazil;United Package;2014;10;0
15317;USA;Speedy Express;2013;16;0
15318;Venezuela;United Package;2023;1;0
15319;UK;United Package;2018;6;0
15320;Germany;United Package;2018;17;1
15321;France;United Package;2017;18;0
15322;Brazil;Federal Shipping;2016;28;0
15323;UK;Speedy Express;2014;8;0
15324;UK;United Package;2021;19;0
15325;USA;Federal Shipping;2013;21;1
15326;Poland;United Package;2017;17;1
15327;Mexico;Federal Shipping;2015;4;0
15328;Brazil;United Package;2017;0;0
15329;USA;Speedy Express;2015;3;0
15330;Brazil;Federal Shipping;2022;9;0
15331;USA;Federal Shipping;2017;5;0
15332;Germany;United Package;2020;0;0
15333;Germany;Federal Shipping;2020;7;0
15334;Brazil;Federal Shipping;2015;5;0
15335;USA;United Package;2014;10;0
15336;Mexico;Speedy Express;2013;1;0
15337;Germany;Federal Shipping;2022;0;0
15338;Brazil;Federal Shipping;2018;1;0
15339;Mexico;Speedy Express;2021;10;0
15340;Mexico;Speedy Express;2017;18;0
15341;Canada;United Package;2019;1;0
15342;Denmark;Speedy Express;2013;9;0
15343;France;Federal Shipping;2019;10;0
15344;USA;Speedy Express;2019;7;0
15345;Switzerland;Federal Shipping;2019;11;0
15346;Brazil;Federal Shipping;2018;9;0
15347;UK;Federal Shipping;2019;0;0
15348;UK;Speedy Express;2014;9;0
15349;Brazil;United Package;2019;1;0
15350;Belgium;Speedy Express;2016;22;0
15351;Denmark;Speedy Express;2014;13;1
15352;Germany;United Package;2021;9;1
15353;France;United Package;2014;3;0
15354;France;United Package;2021;0;0
15355;Brazil;Federal Shipping;2021;5;1
15356;Denmark;United Package;2015;20;1
15357;Germany;Federal Shipping;2015;8;1
15358;Brazil;United Package;2018;5;0
15359;USA;Speedy Express;2017;11;1
15360;Poland;United Package;2019;9;0
15361;USA;Speedy Express;2015;3;0
15362;Belgium;United Package;2014;14;1
15363;Spain;Federal Shipping;2019;3;0
15364;Germany;Federal Shipping;2020;7;0
15365;USA;United Package;2023;6;0
15366;France;Speedy Express;2014;1;0
15367;Ireland;United Package;2022;2;0
15368;Brazil;Federal Shipping;2018;4;0
15369;Spain;United Package;2022;7;0
15370;Germany;United Package;2019;10;0
15371;Italy;United Package;2019;2;0
15372;Mexico;United Package;2016;3;0
15373;Mexico;United Package;2020;10;0
15374;Germany;United Package;2013;0;0
15375;Denmark;Speedy Express;2021;2;0
15376;France;Federal Shipping;2019;2;0
15377;Italy;United Package;2022;2;0
15378;USA;Speedy Express;2018;0;0
15379;USA;Federal Shipping;2023;8;0
15380;USA;Speedy Express;2021;15;0
15381;USA;Federal Shipping;2017;13;0
15382;Brazil;Federal Shipping;2019;6;0
15383;Germany;Federal Shipping;2016;1;0
15384;Finland;Federal Shipping;2021;19;1
15385;Argentina;Federal Shipping;2017;2;0
15386;Denmark;Federal Shipping;2022;10;0
15387;Germany;United Package;2015;11;0
15388;USA;Federal Shipping;2017;2;0
15389;UK;Speedy Express;2013;10;1
15390;Germany;Federal Shipping;2016;4;0
15391;Sweden;United Package;2015;22;1
15392;France;United Package;2020;0;0
15393;Mexico;Federal Shipping;2022;0;0
15394;Canada;Federal Shipping;2023;3;0
15395;Brazil;Speedy Express;2016;10;0
15396;Mexico;Federal Shipping;2015;4;0
15397;USA;Speedy Express;2020;9;0
15398;Argentina;United Package;2017;0;0
15399;Italy;Federal Shipping;2018;3;0
15400;UK;Federal Shipping;2022;17;0
15401;Brazil;Speedy Express;2020;12;0
15402;Venezuela;Speedy Express;2020;9;0
15403;Argentina;Speedy Express;2021;2;0
15404;Austria;United Package;2014;2;0
15405;France;United Package;2013;12;0
15406;France;United Package;2014;4;0
15407;UK;United Package;2012;1;0
15408;Brazil;Federal Shipping;2014;6;0
15409;France;Federal Shipping;2018;0;0
15410;Argentina;United Package;2021;3;0
15411;Austria;Speedy Express;2019;3;0
15412;USA;Speedy Express;2012;12;0
15413;USA;United Package;2022;6;0
15414;France;Federal Shipping;2015;3;0
15415;Venezuela;Speedy Express;2023;6;0
15416;USA;Speedy Express;2023;16;1
15417;Canada;Speedy Express;2019;1;0
15418;Germany;Speedy Express;2017;0;0
15419;Sweden;United Package;2018;4;0
15420;Spain;United Package;2020;16;1
15421;Denmark;United Package;2016;7;0
15422;Canada;Federal Shipping;2021;2;0
15423;UK;Federal Shipping;2013;8;0
15424;Austria;Speedy Express;2013;13;1
15425;Portugal;Speedy Express;2012;1;0
15426;Mexico;Speedy Express;2014;2;0
15427;Argentina;Federal Shipping;2017;2;0
15428;Mexico;Speedy Express;2023;2;0
15429;Germany;Speedy Express;2022;1;0
15430;Germany;Federal Shipping;2022;1;0
15431;Finland;Federal Shipping;2021;4;1
15432;Belgium;United Package;2019;3;0
15433;France;United Package;2012;6;0
15434;Venezuela;Federal Shipping;2015;3;0
15435;Germany;Speedy Express;2014;14;1
15436;France;Federal Shipping;2022;0;0
15437;Brazil;Federal Shipping;2015;6;0
15438;USA;United Package;2012;16;1
15439;Brazil;Speedy Express;2016;9;0
15440;USA;United Package;2014;5;0
15441;Portugal;United Package;2022;1;0
15442;Switzerland;United Package;2018;14;1
15443;Finland;Speedy Express;2020;2;0
15444;UK;Speedy Express;2021;1;0
15445;Germany;Speedy Express;2019;3;0
15446;Canada;United Package;2020;0;0
15447;Brazil;United Package;2021;0;0
15448;Brazil;United Package;2014;21;1
15449;Germany;United Package;2012;8;1
15450;Germany;United Package;2015;15;0
15451;Sweden;United Package;2015;2;0
15452;Belgium;Speedy Express;2015;5;0
15453;Germany;Speedy Express;2014;11;0
15454;Mexico;Federal Shipping;2013;2;0
15455;France;Speedy Express;2013;0;0
15456;France;United Package;2021;4;0
15457;USA;Federal Shipping;2023;1;0
15458;USA;United Package;2012;14;1
15459;Mexico;United Package;2017;10;1
15460;Mexico;Federal Shipping;2022;12;0
15461;France;Speedy Express;2019;4;1
15462;Mexico;United Package;2012;23;0
15463;Portugal;Federal Shipping;2016;23;1
15464;Belgium;United Package;2014;0;0
15465;France;United Package;2017;3;0
15466;Switzerland;Speedy Express;2017;3;0
15467;France;United Package;2023;3;0
15468;Argentina;Speedy Express;2019;14;1
15469;Germany;United Package;2016;1;1
15470;Belgium;Federal Shipping;2017;2;0
15471;USA;United Package;2021;3;0
15472;Mexico;Speedy Express;2019;2;0
15473;UK;Federal Shipping;2020;13;0
15474;Germany;Federal Shipping;2019;9;0
15475;Germany;United Package;2014;8;0
15476;Portugal;United Package;2017;2;0
15477;Portugal;Speedy Express;2021;2;0
15478;Canada;United Package;2019;1;0
15479;Germany;Speedy Express;2018;1;0
15480;USA;Speedy Express;2021;2;0
15481;Brazil;Speedy Express;2015;5;0
15482;France;United Package;2014;7;0
15483;Mexico;Speedy Express;2018;2;0
15484;Brazil;United Package;2013;5;0
15485;UK;Speedy Express;2012;2;0
15486;Spain;Speedy Express;2016;16;0
15487;Poland;Speedy Express;2015;6;0
15488;Denmark;Federal Shipping;2016;2;0
15489;USA;Speedy Express;2020;10;0
15490;UK;United Package;2017;6;0
15491;Brazil;United Package;2021;1;0
15492;USA;United Package;2022;2;0
15493;France;United Package;2015;9;0
15494;France;United Package;2014;8;1
15495;Mexico;Federal Shipping;2020;4;0
15496;Denmark;Speedy Express;2013;9;0
15497;Germany;Federal Shipping;2019;4;0
15498;Mexico;Speedy Express;2018;10;1
15499;Germany;Speedy Express;2019;21;1
15500;Canada;Speedy Express;2013;6;0
15501;Germany;Federal Shipping;2020;6;0
15502;Portugal;United Package;2020;6;0
15503;Spain;Speedy Express;2013;6;0
15504;Mexico;United Package;2021;2;0
15505;Brazil;United Package;2016;24;1
15506;Brazil;United Package;2021;8;1
15507;Denmark;Federal Shipping;2018;0;0
15508;Germany;Speedy Express;2017;8;0
15509;Denmark;United Package;2021;15;1
15510;Poland;Federal Shipping;2019;24;1
15511;Mexico;Federal Shipping;2019;16;0
15512;Germany;Speedy Express;2017;3;0
15513;France;Speedy Express;2018;17;1
15514;Venezuela;Speedy Express;2019;9;1
15515;Spain;United Package;2022;15;1
15516;Venezuela;Federal Shipping;2012;3;0
15517;Italy;Federal Shipping;2021;16;1
15518;Mexico;United Package;2015;2;0
15519;Austria;Federal Shipping;2014;13;0
15520;UK;United Package;2021;7;0
15521;Belgium;Federal Shipping;2018;2;0
15522;Brazil;Federal Shipping;2015;2;0
15523;Germany;Federal Shipping;2021;4;1
15524;Sweden;United Package;2012;0;0
15525;France;United Package;2013;20;1
15526;Switzerland;United Package;2013;14;0
15527;Argentina;Federal Shipping;2020;0;0
15528;USA;Federal Shipping;2016;8;0
15529;Portugal;Federal Shipping;2020;3;0
15530;Germany;Speedy Express;2020;8;0
15531;Germany;Federal Shipping;2018;4;0
15532;Sweden;United Package;2023;5;0
15533;UK;Speedy Express;2014;24;1
15534;Spain;Speedy Express;2013;10;1
15535;Sweden;Speedy Express;2019;6;1
15536;USA;Speedy Express;2017;4;0
15537;France;Federal Shipping;2022;12;0
15538;Denmark;Federal Shipping;2016;4;0
15539;Brazil;Federal Shipping;2017;3;0
15540;France;United Package;2018;7;0
15541;Brazil;Federal Shipping;2013;1;0
15542;Spain;Speedy Express;2022;11;1
15543;France;United Package;2013;0;0
15544;UK;Federal Shipping;2016;1;0
15545;Belgium;Federal Shipping;2019;6;1
15546;Canada;Speedy Express;2022;3;0
15547;Canada;United Package;2016;6;0
15548;USA;Federal Shipping;2021;1;0
15549;Mexico;Speedy Express;2019;6;0
15550;Canada;United Package;2022;0;0
15551;France;United Package;2023;5;1
15552;France;United Package;2021;6;0
15553;Portugal;United Package;2020;18;1
15554;USA;Federal Shipping;2019;2;0
15555;UK;Federal Shipping;2014;18;0
15556;Canada;Federal Shipping;2019;7;0
15557;Ireland;Federal Shipping;2014;3;0
15558;France;United Package;2016;6;0
15559;USA;United Package;2019;10;0
15560;Finland;United Package;2012;15;0
15561;Brazil;Federal Shipping;2014;21;0
15562;USA;United Package;2017;24;1
15563;Mexico;Federal Shipping;2014;18;1
15564;USA;Federal Shipping;2021;7;0
15565;France;United Package;2019;11;0
15566;USA;Speedy Express;2023;15;1
15567;Italy;Federal Shipping;2012;15;0
15568;UK;Speedy Express;2016;3;0
15569;France;Federal Shipping;2022;17;0
15570;Switzerland;Speedy Express;2022;2;0
15571;Mexico;Federal Shipping;2017;1;0
15572;Mexico;Speedy Express;2013;16;0
15573;Austria;Speedy Express;2015;1;0
15574;USA;Federal Shipping;2021;2;0
15575;Finland;United Package;2021;5;0
15576;Finland;Federal Shipping;2023;4;0
15577;UK;United Package;2023;4;0
15578;Denmark;United Package;2022;11;0
15579;USA;Speedy Express;2016;6;0
15580;USA;Federal Shipping;2019;12;0
15581;Ireland;Speedy Express;2014;5;0
15582;Germany;Federal Shipping;2018;7;0
15583;Italy;Federal Shipping;2021;21;0
15584;USA;Speedy Express;2022;8;1
15585;France;Federal Shipping;2020;2;0
15586;France;Federal Shipping;2013;0;0
15587;Portugal;Federal Shipping;2021;17;0
15588;France;Federal Shipping;2015;11;0
15589;Switzerland;United Package;2016;3;0
15590;Poland;United Package;2022;6;0
15591;Mexico;Federal Shipping;2015;20;0
15592;USA;Speedy Express;2020;14;1
15593;Sweden;Federal Shipping;2013;5;0
15594;Germany;Speedy Express;2012;2;0
15595;Venezuela;United Package;2018;4;0
15596;Portugal;Speedy Express;2016;14;1
15597;Brazil;United Package;2021;3;0
15598;France;Federal Shipping;2018;1;0
15599;Belgium;United Package;2015;3;0
15600;Portugal;United Package;2017;26;0
15601;Poland;United Package;2021;6;0
15602;Austria;Speedy Express;2022;6;1
15603;France;Speedy Express;2012;5;0
15604;France;United Package;2017;12;0
15605;Argentina;United Package;2019;4;0
15606;Mexico;Speedy Express;2022;6;0
15607;USA;United Package;2014;13;1
15608;Canada;Federal Shipping;2014;11;0
15609;Ireland;Speedy Express;2013;11;0
15610;USA;Federal Shipping;2022;6;1
15611;Canada;United Package;2016;2;0
15612;Germany;Speedy Express;2016;2;0
15613;UK;Speedy Express;2013;5;0
15614;Brazil;Federal Shipping;2023;6;0
15615;UK;Speedy Express;2018;17;0
15616;Mexico;Speedy Express;2016;1;0
15617;UK;United Package;2022;5;0
15618;USA;Speedy Express;2022;5;0
15619;Germany;Speedy Express;2020;1;0
15620;Sweden;United Package;2015;17;1
15621;Mexico;Federal Shipping;2017;5;0
15622;Finland;Speedy Express;2021;3;0
15623;Venezuela;Federal Shipping;2014;5;0
15624;France;Speedy Express;2022;2;0
15625;Germany;Federal Shipping;2022;7;0
15626;Venezuela;Federal Shipping;2018;4;1
15627;Venezuela;Federal Shipping;2022;16;1
15628;Brazil;United Package;2013;3;0
15629;Austria;United Package;2023;1;0
15630;Brazil;United Package;2023;4;0
15631;Germany;Speedy Express;2016;10;1
15632;Canada;Federal Shipping;2019;18;1
15633;Brazil;Federal Shipping;2012;14;1
15634;Brazil;United Package;2020;8;0
15635;Venezuela;Speedy Express;2017;8;1
15636;Germany;Speedy Express;2012;0;0
15637;Denmark;United Package;2022;7;0
15638;Mexico;Federal Shipping;2020;11;1
15639;UK;Speedy Express;2022;1;0
15640;Germany;Federal Shipping;2012;13;0
15641;USA;Speedy Express;2021;1;0
15642;Mexico;Federal Shipping;2022;5;1
15643;Denmark;United Package;2022;22;1
15644;USA;Speedy Express;2018;18;1
15645;Switzerland;Speedy Express;2016;1;0
15646;Mexico;Speedy Express;2013;6;0
15647;Italy;Federal Shipping;2023;8;0
15648;Canada;Federal Shipping;2022;0;0
15649;France;Federal Shipping;2022;16;1
15650;Spain;Speedy Express;2023;8;0
15651;France;Speedy Express;2021;16;0
15652;Germany;Federal Shipping;2020;2;0
15653;Brazil;Speedy Express;2014;0;0
15654;Brazil;United Package;2015;2;0
15655;UK;Speedy Express;2015;0;0
15656;Switzerland;Federal Shipping;2019;17;0
15657;Brazil;United Package;2020;13;1
15658;Austria;Federal Shipping;2013;0;0
15659;Brazil;Speedy Express;2020;10;0
15660;Sweden;Speedy Express;2019;11;0
15661;Venezuela;United Package;2020;20;0
15662;Denmark;Speedy Express;2023;4;1
15663;Brazil;Speedy Express;2015;5;0
15664;Germany;United Package;2014;19;0
15665;Germany;Federal Shipping;2013;0;0
15666;Germany;Federal Shipping;2015;10;0
15667;USA;Speedy Express;2013;3;0
15668;Germany;Speedy Express;2021;7;1
15669;Germany;United Package;2022;5;0
15670;Italy;Federal Shipping;2014;10;0
15671;USA;United Package;2023;0;0
15672;France;United Package;2019;1;0
15673;Canada;United Package;2020;25;0
15674;Poland;Speedy Express;2017;18;1
15675;Italy;United Package;2022;10;0
15676;Germany;United Package;2019;3;1
15677;Brazil;United Package;2013;17;1
15678;France;United Package;2017;6;0
15679;Denmark;United Package;2016;3;0
15680;Brazil;United Package;2022;5;0
15681;Germany;United Package;2023;3;0
15682;Austria;Federal Shipping;2015;10;0
15683;Belgium;Federal Shipping;2012;1;0
15684;USA;United Package;2018;22;1
15685;France;Federal Shipping;2012;4;1
15686;Mexico;United Package;2017;1;0
15687;Canada;United Package;2023;0;0
15688;France;Federal Shipping;2021;1;0
15689;France;Federal Shipping;2013;11;0
15690;USA;Federal Shipping;2015;6;0
15691;France;Federal Shipping;2021;4;0
15692;Mexico;United Package;2020;2;0
15693;Germany;Federal Shipping;2020;6;0
15694;France;Speedy Express;2016;2;0
15695;Brazil;United Package;2018;13;0
15696;UK;United Package;2014;0;0
15697;Spain;United Package;2017;0;0
15698;Germany;Federal Shipping;2018;8;0
15699;Brazil;Federal Shipping;2012;1;0
15700;Venezuela;Speedy Express;2022;10;1
15701;Germany;Speedy Express;2017;8;0
15702;Switzerland;United Package;2021;4;1
15703;Germany;Speedy Express;2017;0;0
15704;Venezuela;Speedy Express;2019;7;0
15705;Finland;Federal Shipping;2013;10;0
15706;Finland;Federal Shipping;2020;24;1
15707;UK;United Package;2013;9;0
15708;USA;Speedy Express;2013;1;0
15709;Canada;United Package;2022;1;0
15710;Germany;Speedy Express;2019;3;0
15711;France;Federal Shipping;2015;2;0
15712;UK;United Package;2021;26;1
15713;France;United Package;2019;25;0
15714;UK;Speedy Express;2018;1;0
15715;Sweden;Federal Shipping;2020;16;1
15716;Spain;Federal Shipping;2023;8;0
15717;Canada;United Package;2023;4;0
15718;USA;United Package;2020;1;0
15719;France;Federal Shipping;2016;22;1
15720;Germany;United Package;2016;5;0
15721;France;Federal Shipping;2012;0;0
15722;France;Speedy Express;2017;5;0
15723;France;Federal Shipping;2023;3;0
15724;USA;Speedy Express;2021;2;0
15725;UK;Speedy Express;2018;5;0
15726;Germany;Speedy Express;2018;18;1
15727;Switzerland;Speedy Express;2020;7;0
15728;Poland;United Package;2016;17;1
15729;Canada;Federal Shipping;2016;20;1
15730;USA;Speedy Express;2014;3;0
15731;Germany;Speedy Express;2021;16;0
15732;Spain;United Package;2021;0;0
15733;Germany;Speedy Express;2020;13;1
15734;USA;Federal Shipping;2014;25;1
15735;Spain;Speedy Express;2020;4;0
15736;Germany;Federal Shipping;2021;7;1
15737;Germany;Speedy Express;2021;0;0
15738;Denmark;Federal Shipping;2013;1;0
15739;Poland;Federal Shipping;2021;4;0
15740;Germany;Federal Shipping;2014;1;0
15741;Brazil;Federal Shipping;2017;0;0
15742;USA;Federal Shipping;2019;3;0
15743;Brazil;Speedy Express;2020;3;0
15744;France;Speedy Express;2015;12;1
15745;France;Federal Shipping;2013;16;1
15746;Venezuela;Federal Shipping;2023;26;1
15747;UK;United Package;2021;2;0
15748;Mexico;Speedy Express;2022;5;0
15749;Canada;Federal Shipping;2019;8;0
15750;Sweden;Speedy Express;2013;1;0
15751;Italy;Federal Shipping;2013;2;0
15752;Mexico;Speedy Express;2021;12;1
15753;UK;United Package;2014;3;0
15754;Italy;Speedy Express;2018;5;0
15755;Brazil;Federal Shipping;2020;11;0
15756;UK;United Package;2016;20;1
15757;USA;Speedy Express;2022;11;1
15758;Switzerland;Speedy Express;2016;3;0
15759;Finland;United Package;2017;6;0
15760;Poland;Speedy Express;2022;2;0
15761;France;Speedy Express;2016;7;0
15762;Venezuela;Speedy Express;2017;11;0
15763;Mexico;Speedy Express;2015;4;0
15764;Brazil;United Package;2017;8;0
15765;Sweden;United Package;2017;1;0
15766;Canada;United Package;2019;0;0
15767;Venezuela;Speedy Express;2020;10;1
15768;Germany;Federal Shipping;2019;8;0
15769;USA;Speedy Express;2018;11;0
15770;France;Federal Shipping;2023;12;1
15771;Belgium;United Package;2023;8;0
15772;Austria;Speedy Express;2018;16;1
15773;UK;Federal Shipping;2021;12;1
15774;USA;United Package;2017;14;1
15775;Germany;United Package;2017;3;0
15776;Germany;Speedy Express;2020;5;1
15777;Austria;Speedy Express;2023;4;0
15778;Argentina;Federal Shipping;2013;1;1
15779;Sweden;Speedy Express;2015;3;0
15780;Venezuela;United Package;2013;3;0
15781;Argentina;Speedy Express;2021;3;0
15782;Brazil;Federal Shipping;2019;1;0
15783;Canada;Speedy Express;2013;9;0
15784;UK;Speedy Express;2022;3;1
15785;Germany;United Package;2016;12;1
15786;Switzerland;Speedy Express;2023;7;0
15787;Italy;United Package;2016;0;0
15788;UK;Federal Shipping;2014;1;0
15789;France;Federal Shipping;2021;1;0
15790;Austria;Federal Shipping;2015;8;0
15791;USA;Federal Shipping;2023;12;0
15792;Germany;Federal Shipping;2018;1;0
15793;UK;Speedy Express;2013;4;0
15794;Denmark;Federal Shipping;2020;12;0
15795;Germany;United Package;2022;9;0
15796;Spain;Federal Shipping;2022;3;0
15797;Denmark;United Package;2022;0;0
15798;USA;Speedy Express;2012;6;0
15799;Germany;Federal Shipping;2015;20;0
15800;USA;Speedy Express;2019;1;0
15801;France;Speedy Express;2015;18;0
15802;Germany;United Package;2021;13;1
15803;UK;Federal Shipping;2015;4;0
15804;Brazil;Speedy Express;2020;3;0
15805;France;United Package;2021;1;0
15806;Sweden;Federal Shipping;2016;14;1
15807;Brazil;United Package;2019;11;0
15808;Brazil;United Package;2016;15;1
15809;Spain;United Package;2023;10;0
15810;France;Speedy Express;2021;12;1
15811;USA;Federal Shipping;2021;0;0
15812;Brazil;Speedy Express;2022;24;1
15813;Brazil;Federal Shipping;2020;5;0
15814;France;United Package;2018;11;0
15815;France;United Package;2014;2;0
15816;Germany;Speedy Express;2023;16;1
15817;Brazil;Speedy Express;2014;1;0
15818;France;Federal Shipping;2018;6;0
15819;Argentina;Federal Shipping;2021;3;0
15820;Brazil;Federal Shipping;2020;1;0
15821;Germany;United Package;2018;7;0
15822;Switzerland;Speedy Express;2013;10;0
15823;Germany;Speedy Express;2020;15;1
15824;Venezuela;Speedy Express;2016;18;0
15825;Portugal;Federal Shipping;2023;3;0
15826;France;Federal Shipping;2015;11;0
15827;France;Federal Shipping;2014;9;0
15828;France;Speedy Express;2017;1;0
15829;Portugal;United Package;2015;5;1
15830;USA;United Package;2017;3;0
15831;Brazil;United Package;2019;6;0
15832;USA;Speedy Express;2020;2;0
15833;Germany;United Package;2016;1;0
15834;Canada;Speedy Express;2021;19;1
15835;Switzerland;Federal Shipping;2016;18;0
15836;Germany;Federal Shipping;2018;18;0
15837;Italy;United Package;2021;0;0
15838;Brazil;Speedy Express;2017;0;0
15839;Italy;Federal Shipping;2021;18;1
15840;Brazil;United Package;2015;19;1
15841;UK;United Package;2021;0;0
15842;Germany;Federal Shipping;2016;1;0
15843;France;Federal Shipping;2017;4;0
15844;Venezuela;United Package;2021;3;0
15845;UK;United Package;2015;0;0
15846;Germany;Federal Shipping;2022;0;0
15847;UK;Federal Shipping;2019;11;0
15848;Austria;Speedy Express;2020;14;1
15849;Germany;United Package;2022;17;0
15850;Venezuela;Speedy Express;2022;0;0
15851;Germany;Federal Shipping;2021;6;0
15852;Mexico;United Package;2014;6;1
15853;Brazil;Federal Shipping;2021;21;1
15854;Mexico;United Package;2014;2;0
15855;France;United Package;2012;12;1
15856;Mexico;Federal Shipping;2016;17;0
15857;France;United Package;2016;1;0
15858;Spain;United Package;2023;9;0
15859;USA;Federal Shipping;2018;1;0
15860;Mexico;Federal Shipping;2019;2;0
15861;USA;Speedy Express;2015;12;0
15862;Mexico;United Package;2022;10;1
15863;USA;Federal Shipping;2016;9;0
15864;Germany;Federal Shipping;2019;6;0
15865;France;Federal Shipping;2013;22;1
15866;USA;Federal Shipping;2019;1;0
15867;USA;Speedy Express;2014;16;1
15868;Mexico;Speedy Express;2019;8;0
15869;UK;United Package;2020;6;0
15870;UK;Speedy Express;2020;3;0
15871;Belgium;Federal Shipping;2020;13;1
15872;Germany;Federal Shipping;2023;20;0
15873;Italy;United Package;2020;0;0
15874;Sweden;Speedy Express;2020;1;0
15875;Sweden;Speedy Express;2018;6;0
15876;UK;Speedy Express;2018;11;1
15877;USA;Federal Shipping;2017;2;0
15878;Germany;United Package;2015;22;0
15879;Canada;United Package;2019;18;1
15880;Poland;Federal Shipping;2019;4;0
15881;Germany;Speedy Express;2019;7;0
15882;Finland;Federal Shipping;2022;2;0
15883;Venezuela;Speedy Express;2019;3;0
15884;Belgium;Speedy Express;2019;4;0
15885;Venezuela;Speedy Express;2019;2;0
15886;Germany;United Package;2013;6;0
15887;Brazil;Speedy Express;2017;1;1
15888;Denmark;Speedy Express;2016;6;0
15889;Mexico;Speedy Express;2021;14;0
15890;France;Speedy Express;2012;16;1
15891;Argentina;Speedy Express;2020;15;0
15892;Brazil;Federal Shipping;2019;0;0
15893;Germany;Federal Shipping;2017;3;0
15894;UK;United Package;2015;14;0
15895;Belgium;United Package;2015;6;0
15896;Venezuela;Speedy Express;2019;19;0
15897;France;Federal Shipping;2013;7;0
15898;USA;Federal Shipping;2023;1;0
15899;Germany;United Package;2013;24;1
15900;France;United Package;2020;20;1
15901;Italy;United Package;2014;1;0
15902;Spain;Federal Shipping;2015;2;0
15903;Sweden;United Package;2013;1;0
15904;Portugal;United Package;2020;18;0
15905;Germany;United Package;2023;1;0
15906;USA;Federal Shipping;2020;3;0
15907;Brazil;Speedy Express;2014;10;1
15908;France;United Package;2015;19;0
15909;Spain;Speedy Express;2016;20;1
15910;Switzerland;Speedy Express;2013;5;1
15911;USA;Speedy Express;2022;12;0
15912;Spain;Speedy Express;2019;5;0
15913;Denmark;Speedy Express;2015;1;0
15914;Italy;Federal Shipping;2022;8;0
15915;Mexico;Federal Shipping;2022;20;1
15916;Germany;Federal Shipping;2015;5;0
15917;Finland;Speedy Express;2018;0;0
15918;Brazil;Federal Shipping;2020;18;0
15919;France;Speedy Express;2022;2;0
15920;Portugal;Federal Shipping;2012;9;0
15921;Mexico;Federal Shipping;2012;21;0
15922;Ireland;United Package;2015;8;0
15923;Sweden;Speedy Express;2015;13;0
15924;UK;Federal Shipping;2015;4;0
15925;France;Federal Shipping;2021;1;0
15926;France;United Package;2018;12;1
15927;UK;Federal Shipping;2013;3;0
15928;France;United Package;2013;2;0
15929;Germany;Federal Shipping;2015;1;0
15930;France;United Package;2014;3;0
15931;Portugal;Federal Shipping;2012;17;1
15932;Mexico;Speedy Express;2019;22;1
15933;USA;Speedy Express;2017;3;0
15934;Brazil;United Package;2019;0;0
15935;Brazil;United Package;2014;8;0
15936;UK;United Package;2023;2;0
15937;France;Federal Shipping;2015;2;0
15938;France;United Package;2018;15;0
15939;Germany;United Package;2015;12;1
15940;Spain;Federal Shipping;2018;1;0
15941;France;United Package;2019;14;1
15942;Denmark;Federal Shipping;2018;6;0
15943;Canada;Federal Shipping;2020;15;0
15944;Germany;Federal Shipping;2022;1;0
15945;Brazil;United Package;2015;10;0
15946;Spain;United Package;2022;11;1
15947;Denmark;United Package;2023;1;0
15948;Poland;Federal Shipping;2015;17;1
15949;UK;Speedy Express;2015;7;0
15950;Austria;United Package;2015;6;1
15951;France;Federal Shipping;2014;7;0
15952;Portugal;Federal Shipping;2020;29;1
15953;France;Federal Shipping;2018;1;0
15954;France;Federal Shipping;2013;6;0
15955;France;Speedy Express;2018;1;0
15956;Spain;United Package;2016;2;0
15957;Switzerland;United Package;2015;3;0
15958;Argentina;Speedy Express;2022;4;0
15959;Finland;Speedy Express;2017;24;1
15960;Germany;Federal Shipping;2012;0;1
15961;USA;United Package;2023;12;0
15962;Italy;Speedy Express;2018;2;0
15963;Brazil;United Package;2022;11;0
15964;Brazil;United Package;2022;1;0
15965;France;United Package;2014;8;0
15966;Germany;Federal Shipping;2017;4;0
15967;Mexico;United Package;2017;7;0
15968;USA;Federal Shipping;2020;5;0
15969;Finland;Federal Shipping;2012;4;0
15970;Austria;Speedy Express;2020;2;0
15971;Switzerland;Federal Shipping;2016;8;0
15972;UK;United Package;2012;15;1
15973;Germany;Speedy Express;2016;4;0
15974;UK;Speedy Express;2015;13;0
15975;UK;Speedy Express;2016;4;0
15976;Venezuela;Federal Shipping;2015;7;1
15977;Mexico;Federal Shipping;2021;20;1
15978;Germany;United Package;2017;22;1
15979;UK;Federal Shipping;2016;13;0
15980;Mexico;United Package;2019;1;0
15981;Brazil;Federal Shipping;2018;12;0
15982;Denmark;Speedy Express;2013;17;0
15983;Spain;Speedy Express;2015;10;0
15984;USA;United Package;2014;20;0
15985;Portugal;Speedy Express;2022;3;0
15986;Portugal;Federal Shipping;2015;11;1
15987;Mexico;Federal Shipping;2023;7;0
15988;France;Federal Shipping;2020;8;0
15989;France;Speedy Express;2022;6;1
15990;USA;Federal Shipping;2020;7;0
15991;Finland;Federal Shipping;2015;0;0
15992;France;United Package;2021;4;0
15993;Venezuela;Speedy Express;2017;2;0
15994;Finland;Speedy Express;2014;12;1
15995;USA;United Package;2023;2;0
15996;Finland;United Package;2013;1;0
15997;Germany;Speedy Express;2013;21;0
15998;Canada;United Package;2016;2;0
15999;USA;United Package;2020;8;0
16000;Mexico;United Package;2012;3;0
16001;France;United Package;2018;10;0
16002;UK;United Package;2021;7;0
16003;Germany;United Package;2012;3;0
16004;Switzerland;United Package;2023;7;0
16005;USA;Speedy Express;2019;5;0
16006;Venezuela;Federal Shipping;2017;18;0
16007;USA;United Package;2021;1;0
16008;France;United Package;2019;0;0
16009;Mexico;United Package;2018;0;0
16010;Brazil;Federal Shipping;2014;7;0
16011;Brazil;Federal Shipping;2014;5;0
16012;Poland;Speedy Express;2022;1;0
16013;USA;Speedy Express;2013;6;0
16014;Austria;Federal Shipping;2021;6;0
16015;Spain;Federal Shipping;2017;7;1
16016;Belgium;Federal Shipping;2015;0;0
16017;Venezuela;Speedy Express;2017;15;1
16018;Argentina;United Package;2020;9;1
16019;France;Speedy Express;2014;0;0
16020;USA;Federal Shipping;2021;11;0
16021;France;Federal Shipping;2023;5;0
16022;Brazil;United Package;2016;1;0
16023;Brazil;Speedy Express;2022;7;0
16024;Mexico;United Package;2021;7;0
16025;Germany;Federal Shipping;2017;0;0
16026;Germany;Federal Shipping;2013;20;0
16027;Brazil;Federal Shipping;2015;0;0
16028;USA;United Package;2023;0;0
16029;Poland;Federal Shipping;2020;1;0
16030;Brazil;Speedy Express;2018;0;0
16031;USA;Federal Shipping;2012;19;1
16032;Mexico;Speedy Express;2019;1;0
16033;Germany;United Package;2015;23;0
16034;Mexico;Federal Shipping;2023;9;0
16035;Denmark;United Package;2021;7;0
16036;Argentina;Speedy Express;2017;1;0
16037;France;United Package;2023;3;0
16038;Mexico;Federal Shipping;2017;5;1
16039;Portugal;United Package;2023;1;0
16040;Spain;Federal Shipping;2020;1;0
16041;Ireland;United Package;2014;15;0
16042;Germany;Federal Shipping;2016;1;0
16043;Poland;Federal Shipping;2012;5;0
16044;Sweden;Speedy Express;2013;3;1
16045;Denmark;Federal Shipping;2015;1;0
16046;Italy;Federal Shipping;2020;3;0
16047;USA;United Package;2013;22;1
16048;Portugal;United Package;2016;21;1
16049;Brazil;Speedy Express;2016;8;0
16050;UK;United Package;2013;0;0
16051;Portugal;United Package;2012;11;0
16052;Finland;United Package;2013;10;1
16053;Canada;Federal Shipping;2020;0;0
16054;Brazil;Federal Shipping;2022;0;0
16055;Brazil;Federal Shipping;2012;14;1
16056;Denmark;Federal Shipping;2022;19;1
16057;Venezuela;United Package;2023;6;0
16058;Brazil;United Package;2022;16;1
16059;France;United Package;2015;1;0
16060;Venezuela;United Package;2014;6;0
16061;Austria;Speedy Express;2022;0;0
16062;USA;Federal Shipping;2015;13;0
16063;USA;Federal Shipping;2017;0;0
16064;USA;United Package;2018;1;0
16065;Austria;Speedy Express;2013;2;0
16066;Germany;United Package;2017;9;0
16067;Argentina;United Package;2020;12;1
16068;USA;Federal Shipping;2013;8;0
16069;USA;Speedy Express;2021;8;0
16070;Venezuela;Federal Shipping;2020;4;0
16071;UK;Speedy Express;2014;4;0
16072;UK;Speedy Express;2017;22;0
16073;Brazil;United Package;2016;2;0
16074;Germany;Speedy Express;2014;1;0
16075;Spain;Speedy Express;2015;17;0
16076;Germany;United Package;2022;5;0
16077;Denmark;United Package;2020;3;0
16078;Germany;Federal Shipping;2017;0;0
16079;Italy;Federal Shipping;2014;3;0
16080;Mexico;Speedy Express;2016;5;0
16081;UK;United Package;2015;0;0
16082;Spain;Federal Shipping;2018;10;0
16083;Brazil;Speedy Express;2016;17;1
16084;USA;Speedy Express;2015;2;0
16085;Sweden;Federal Shipping;2017;0;0
16086;Germany;United Package;2013;3;0
16087;UK;Speedy Express;2023;13;1
16088;Argentina;United Package;2022;8;0
16089;France;Federal Shipping;2016;3;0
16090;UK;Speedy Express;2021;0;0
16091;Brazil;Federal Shipping;2020;9;0
16092;Brazil;Federal Shipping;2021;4;0
16093;Germany;United Package;2018;1;0
16094;Belgium;Federal Shipping;2019;5;0
16095;Mexico;United Package;2013;26;0
16096;Brazil;Speedy Express;2023;3;0
16097;Venezuela;Speedy Express;2019;0;0
16098;France;United Package;2012;5;1
16099;Germany;United Package;2015;1;0
16100;Denmark;Federal Shipping;2019;2;0
16101;Germany;Speedy Express;2023;2;0
16102;Venezuela;Federal Shipping;2013;0;0
16103;France;Speedy Express;2013;7;0
16104;Canada;Federal Shipping;2016;3;0
16105;Brazil;United Package;2012;2;0
16106;Mexico;Federal Shipping;2014;15;0
16107;Spain;United Package;2012;1;0
16108;UK;Speedy Express;2016;10;0
16109;Poland;Speedy Express;2013;9;1
16110;Germany;United Package;2013;6;0
16111;Spain;Federal Shipping;2020;14;1
16112;Brazil;Federal Shipping;2019;0;0
16113;Venezuela;United Package;2018;18;1
16114;Brazil;Speedy Express;2018;6;0
16115;Spain;Speedy Express;2021;8;1
16116;Germany;Speedy Express;2014;4;0
16117;Brazil;Federal Shipping;2023;14;0
16118;USA;United Package;2015;13;0
16119;Mexico;Federal Shipping;2013;5;0
16120;UK;Speedy Express;2021;2;0
16121;USA;Speedy Express;2019;8;0
16122;Finland;Federal Shipping;2023;7;0
16123;Venezuela;United Package;2018;8;0
16124;Brazil;Federal Shipping;2019;17;1
16125;Germany;Speedy Express;2023;9;1
16126;Mexico;United Package;2014;10;1
16127;Germany;Federal Shipping;2022;7;0
16128;Italy;Federal Shipping;2018;1;0
16129;France;United Package;2014;1;0
16130;USA;Federal Shipping;2012;0;0
16131;Brazil;Speedy Express;2017;4;0
16132;Mexico;Speedy Express;2017;25;1
16133;Austria;United Package;2019;18;1
16134;France;Speedy Express;2017;8;1
16135;Norway;Federal Shipping;2020;15;0
16136;Brazil;United Package;2013;7;0
16137;Argentina;United Package;2015;8;0
16138;Portugal;Speedy Express;2023;0;0
16139;Venezuela;Federal Shipping;2013;13;0
16140;Canada;Federal Shipping;2019;5;0
16141;Mexico;United Package;2019;1;0
16142;Argentina;Speedy Express;2020;0;0
16143;UK;Federal Shipping;2021;6;1
16144;UK;Speedy Express;2023;5;1
16145;Brazil;Federal Shipping;2019;5;0
16146;Venezuela;Speedy Express;2022;12;1
16147;Italy;Federal Shipping;2012;7;0
16148;Austria;United Package;2014;25;0
16149;France;United Package;2016;3;0
16150;Venezuela;United Package;2013;1;0
16151;Venezuela;Federal Shipping;2017;3;0
16152;Italy;United Package;2022;2;0
16153;Brazil;Federal Shipping;2023;8;0
16154;USA;Speedy Express;2013;13;1
16155;France;United Package;2023;2;0
16156;Italy;Speedy Express;2016;12;0
16157;Germany;Speedy Express;2013;3;0
16158;Mexico;Federal Shipping;2013;17;1
16159;Spain;United Package;2017;5;0
16160;Brazil;United Package;2013;11;0
16161;Brazil;Federal Shipping;2019;11;0
16162;UK;Federal Shipping;2014;1;0
16163;Belgium;Federal Shipping;2021;2;0
16164;Finland;United Package;2023;7;1
16165;Spain;Federal Shipping;2016;4;0
16166;UK;United Package;2017;0;0
16167;Germany;Speedy Express;2013;14;0
16168;Venezuela;United Package;2015;28;1
16169;Venezuela;Federal Shipping;2016;6;0
16170;Brazil;Federal Shipping;2019;1;0
16171;Brazil;United Package;2016;6;0
16172;Portugal;Federal Shipping;2013;14;0
16173;France;Federal Shipping;2015;0;0
16174;USA;Federal Shipping;2017;3;0
16175;France;United Package;2017;6;0
16176;UK;Federal Shipping;2017;1;0
16177;Belgium;Speedy Express;2019;0;0
16178;UK;United Package;2018;0;0
16179;Sweden;Speedy Express;2021;10;0
16180;France;Speedy Express;2022;25;1
16181;Spain;Federal Shipping;2019;2;0
16182;UK;Federal Shipping;2014;11;1
16183;USA;Federal Shipping;2021;7;1
16184;Mexico;Speedy Express;2020;2;1
16185;Venezuela;United Package;2013;0;0
16186;Venezuela;United Package;2013;25;1
16187;USA;Speedy Express;2023;13;0
16188;Brazil;Federal Shipping;2012;23;1
16189;Germany;Speedy Express;2020;1;0
16190;Brazil;United Package;2018;11;0
16191;France;Speedy Express;2019;2;0
16192;Germany;Speedy Express;2015;21;1
16193;France;Federal Shipping;2017;15;1
16194;Germany;Federal Shipping;2021;3;0
16195;Canada;Speedy Express;2021;16;1
16196;Denmark;United Package;2013;5;0
16197;USA;United Package;2012;1;0
16198;USA;United Package;2013;18;1
16199;Brazil;Federal Shipping;2023;7;0
16200;UK;United Package;2016;9;1
16201;Poland;Federal Shipping;2016;3;0
16202;Sweden;Federal Shipping;2018;5;0
16203;USA;Speedy Express;2021;26;0
16204;France;Speedy Express;2016;23;1
16205;Mexico;Federal Shipping;2017;3;0
16206;Denmark;Federal Shipping;2014;19;0
16207;Germany;Speedy Express;2023;9;0
16208;France;Federal Shipping;2020;6;0
16209;USA;Federal Shipping;2023;15;0
16210;Italy;Speedy Express;2022;2;0
16211;Poland;United Package;2021;6;0
16212;UK;United Package;2022;4;0
16213;Belgium;Federal Shipping;2016;8;1
16214;Brazil;Federal Shipping;2017;2;0
16215;Italy;Speedy Express;2013;5;0
16216;Germany;Federal Shipping;2016;7;0
16217;Germany;United Package;2019;1;0
16218;Argentina;United Package;2015;1;0
16219;UK;United Package;2019;2;0
16220;Norway;United Package;2022;7;0
16221;Canada;Speedy Express;2016;2;0
16222;USA;Speedy Express;2013;6;1
16223;Germany;Federal Shipping;2014;0;0
16224;USA;Federal Shipping;2012;6;0
16225;Ireland;Federal Shipping;2018;5;0
16226;Brazil;Speedy Express;2015;13;0
16227;Brazil;United Package;2014;0;0
16228;Finland;Federal Shipping;2014;12;1
16229;Mexico;United Package;2020;1;0
16230;USA;Federal Shipping;2018;25;0
16231;Venezuela;Federal Shipping;2016;11;1
16232;USA;Speedy Express;2015;2;0
16233;Spain;United Package;2017;24;0
16234;Germany;Speedy Express;2023;17;0
16235;Germany;United Package;2014;5;0
16236;Venezuela;Speedy Express;2015;1;0
16237;Mexico;Federal Shipping;2013;8;0
16238;Venezuela;United Package;2023;5;0
16239;UK;Federal Shipping;2022;7;1
16240;Poland;Speedy Express;2013;2;0
16241;Canada;United Package;2016;10;0
16242;Germany;United Package;2016;16;0
16243;Argentina;Speedy Express;2016;9;0
16244;Venezuela;Speedy Express;2016;12;0
16245;Brazil;Speedy Express;2019;23;1
16246;Italy;Federal Shipping;2020;3;0
16247;France;United Package;2020;10;0
16248;Switzerland;Speedy Express;2021;14;0
16249;USA;Speedy Express;2018;1;0
16250;Germany;Federal Shipping;2013;3;0
16251;USA;United Package;2019;7;0
16252;USA;United Package;2018;8;0
16253;Germany;United Package;2017;11;1
16254;USA;Speedy Express;2020;5;0
16255;Switzerland;Federal Shipping;2016;23;1
16256;Sweden;United Package;2014;14;0
16257;France;Federal Shipping;2022;1;0
16258;Spain;Speedy Express;2016;6;0
16259;Denmark;Federal Shipping;2015;9;0
16260;Brazil;Speedy Express;2020;7;0
16261;Germany;United Package;2019;1;1
16262;Mexico;Speedy Express;2018;2;1
16263;UK;Federal Shipping;2020;4;0
16264;Spain;Federal Shipping;2017;28;1
16265;Italy;Federal Shipping;2022;3;0
16266;Germany;United Package;2020;8;0
16267;Italy;Speedy Express;2018;13;0
16268;Mexico;Federal Shipping;2023;11;0
16269;Germany;Speedy Express;2016;6;0
16270;France;United Package;2013;0;0
16271;Brazil;United Package;2014;13;1
16272;Argentina;United Package;2022;3;0
16273;Venezuela;Speedy Express;2021;22;0
16274;Switzerland;Speedy Express;2015;6;0
16275;USA;Speedy Express;2014;4;0
16276;Finland;Federal Shipping;2012;23;1
16277;France;Federal Shipping;2013;29;1
16278;Germany;Federal Shipping;2016;1;0
16279;USA;Speedy Express;2016;1;0
16280;USA;United Package;2020;5;0
16281;UK;Speedy Express;2014;5;1
16282;Sweden;Federal Shipping;2020;0;0
16283;Sweden;Speedy Express;2014;12;0
16284;Brazil;United Package;2020;0;0
16285;France;United Package;2019;5;1
16286;Brazil;Federal Shipping;2022;0;1
16287;USA;United Package;2013;19;0
16288;Switzerland;Speedy Express;2014;0;0
16289;Brazil;Federal Shipping;2020;13;1
16290;Germany;Speedy Express;2016;2;0
16291;Venezuela;Speedy Express;2020;12;1
16292;France;United Package;2022;3;0
16293;Brazil;Speedy Express;2017;16;1
16294;Austria;Federal Shipping;2012;8;0
16295;Germany;United Package;2020;2;0
16296;Argentina;United Package;2017;1;0
16297;Brazil;Speedy Express;2023;8;0
16298;France;Speedy Express;2014;9;1
16299;UK;Federal Shipping;2014;1;0
16300;Denmark;Speedy Express;2019;7;0
16301;Germany;Federal Shipping;2020;15;1
16302;Portugal;Federal Shipping;2012;8;0
16303;USA;Speedy Express;2017;6;0
16304;Germany;Federal Shipping;2020;14;0
16305;Portugal;Federal Shipping;2015;19;1
16306;France;Speedy Express;2019;3;0
16307;Brazil;Federal Shipping;2013;4;1
16308;Mexico;United Package;2017;8;0
16309;Canada;United Package;2022;9;0
16310;Canada;Speedy Express;2019;18;1
16311;Italy;Speedy Express;2014;4;0
16312;France;United Package;2020;24;1
16313;Mexico;Speedy Express;2019;1;0
16314;Germany;Speedy Express;2012;5;0
16315;UK;Federal Shipping;2021;2;0
16316;Brazil;Federal Shipping;2022;5;1
16317;USA;United Package;2018;13;1
16318;Germany;Federal Shipping;2020;6;0
16319;Germany;United Package;2020;10;1
16320;USA;Federal Shipping;2020;3;0
16321;USA;Federal Shipping;2013;5;0
16322;France;United Package;2017;5;0
16323;France;Federal Shipping;2020;19;1
16324;Austria;United Package;2017;2;0
16325;Argentina;Federal Shipping;2012;14;1
16326;USA;Federal Shipping;2021;11;0
16327;USA;Speedy Express;2021;27;0
16328;Spain;Federal Shipping;2015;2;0
16329;Germany;Federal Shipping;2014;4;0
16330;USA;United Package;2022;12;0
16331;USA;Federal Shipping;2016;1;0
16332;Portugal;Speedy Express;2020;9;0
16333;Argentina;United Package;2020;10;0
16334;Ireland;Federal Shipping;2016;9;1
16335;Germany;Federal Shipping;2018;8;0
16336;Mexico;United Package;2022;2;0
16337;Germany;United Package;2018;1;0
16338;UK;Speedy Express;2022;16;0
16339;Switzerland;Federal Shipping;2015;3;0
16340;USA;Federal Shipping;2016;4;0
16341;Germany;Speedy Express;2013;1;0
16342;Switzerland;United Package;2014;10;0
16343;Mexico;Federal Shipping;2022;8;0
16344;Finland;Speedy Express;2018;0;0
16345;UK;United Package;2013;3;0
16346;Germany;Speedy Express;2016;1;0
16347;Belgium;Federal Shipping;2015;21;1
16348;Finland;Speedy Express;2014;7;0
16349;Brazil;United Package;2019;5;0
16350;Austria;Federal Shipping;2013;1;0
16351;France;Speedy Express;2021;11;0
16352;Denmark;Speedy Express;2020;7;0
16353;Germany;Speedy Express;2013;12;0
16354;UK;United Package;2023;1;0
16355;Portugal;Federal Shipping;2012;9;0
16356;Brazil;United Package;2022;3;0
16357;Brazil;Federal Shipping;2020;17;1
16358;Finland;Federal Shipping;2017;4;1
16359;Germany;United Package;2023;8;0
16360;Italy;Federal Shipping;2021;2;0
16361;Canada;Federal Shipping;2013;0;0
16362;France;United Package;2018;3;0
16363;France;United Package;2019;9;0
16364;Brazil;Federal Shipping;2021;5;0
16365;Venezuela;United Package;2023;1;0
16366;Belgium;Speedy Express;2020;6;0
16367;Italy;United Package;2020;7;0
16368;Argentina;Speedy Express;2019;2;0
16369;Germany;United Package;2018;2;0
16370;Mexico;Speedy Express;2013;2;0
16371;France;Speedy Express;2013;21;0
16372;Finland;Speedy Express;2020;7;0
16373;USA;United Package;2017;3;0
16374;Venezuela;Federal Shipping;2012;10;0
16375;USA;United Package;2013;3;0
16376;USA;Federal Shipping;2018;0;0
16377;Germany;Speedy Express;2018;2;0
16378;USA;Federal Shipping;2020;2;0
16379;Austria;Speedy Express;2014;0;0
16380;Mexico;Federal Shipping;2013;7;0
16381;Mexico;Speedy Express;2019;1;0
16382;Brazil;United Package;2013;2;0
16383;Germany;Speedy Express;2020;5;1
16384;UK;United Package;2013;0;0
16385;Brazil;United Package;2017;16;0
16386;Brazil;United Package;2023;15;0
16387;Brazil;United Package;2023;4;0
16388;Germany;Federal Shipping;2016;21;0
16389;France;Speedy Express;2022;14;1
16390;Brazil;United Package;2018;17;1
16391;Denmark;Speedy Express;2021;2;0
16392;Finland;Speedy Express;2014;13;0
16393;France;United Package;2014;5;0
16394;Brazil;United Package;2014;3;0
16395;UK;United Package;2022;10;1
16396;Germany;Federal Shipping;2022;3;1
16397;UK;United Package;2013;9;0
16398;USA;United Package;2016;27;1
16399;Germany;United Package;2018;7;0
16400;Mexico;United Package;2021;4;0
16401;Germany;United Package;2017;11;0
16402;Spain;United Package;2015;0;0
16403;Germany;Speedy Express;2020;2;0
16404;Germany;Speedy Express;2013;1;0
16405;Sweden;Federal Shipping;2012;0;0
16406;Brazil;United Package;2016;0;0
16407;Germany;Federal Shipping;2023;20;1
16408;USA;Federal Shipping;2020;6;0
16409;Belgium;United Package;2017;8;0
16410;Italy;Speedy Express;2018;22;1
16411;Brazil;Federal Shipping;2017;11;1
16412;Brazil;Speedy Express;2015;14;0
16413;France;Federal Shipping;2022;7;1
16414;Switzerland;Federal Shipping;2017;2;0
16415;Italy;Federal Shipping;2014;2;0
16416;France;Speedy Express;2017;1;0
16417;Austria;Federal Shipping;2018;12;0
16418;USA;Speedy Express;2016;4;0
16419;France;Federal Shipping;2019;12;1
16420;Germany;United Package;2019;2;0
16421;USA;United Package;2020;7;1
16422;Germany;United Package;2016;3;0
16423;Germany;Speedy Express;2019;3;0
16424;UK;Federal Shipping;2023;13;1
16425;Finland;Speedy Express;2016;7;0
16426;Mexico;Federal Shipping;2018;2;0
16427;Canada;United Package;2013;3;0
16428;Brazil;Federal Shipping;2022;6;0
16429;Germany;Speedy Express;2018;15;1
16430;Brazil;Federal Shipping;2012;0;0
16431;France;Speedy Express;2020;8;0
16432;UK;Speedy Express;2021;1;0
16433;USA;Speedy Express;2021;11;0
16434;UK;United Package;2018;5;0
16435;Sweden;Federal Shipping;2019;19;1
16436;Brazil;Federal Shipping;2015;4;0
16437;Austria;Federal Shipping;2017;16;0
16438;Argentina;United Package;2018;3;0
16439;Venezuela;Federal Shipping;2021;5;0
16440;France;Speedy Express;2018;0;0
16441;UK;Federal Shipping;2017;8;1
16442;Brazil;Speedy Express;2014;1;0
16443;Argentina;Federal Shipping;2021;0;0
16444;Germany;Federal Shipping;2020;5;0
16445;Finland;Speedy Express;2019;1;0
16446;Brazil;United Package;2021;9;1
16447;USA;Speedy Express;2020;4;0
16448;France;Federal Shipping;2021;11;0
16449;Brazil;Federal Shipping;2018;1;0
16450;USA;United Package;2013;5;0
16451;USA;Speedy Express;2013;0;0
16452;USA;Speedy Express;2017;1;0
16453;Austria;Federal Shipping;2015;4;0
16454;Venezuela;Speedy Express;2022;0;0
16455;Germany;Federal Shipping;2012;18;0
16456;UK;Federal Shipping;2012;1;0
16457;Austria;Speedy Express;2020;9;0
16458;Germany;Speedy Express;2023;15;1
16459;USA;Speedy Express;2014;10;0
16460;USA;Federal Shipping;2016;10;0
16461;UK;United Package;2013;4;0
16462;Brazil;Federal Shipping;2023;18;1
16463;Belgium;Speedy Express;2013;3;0
16464;USA;Federal Shipping;2020;3;0
16465;Brazil;Federal Shipping;2014;9;0
16466;Germany;Federal Shipping;2020;10;0
16467;Spain;Federal Shipping;2020;8;0
16468;Portugal;Speedy Express;2020;21;1
16469;USA;Federal Shipping;2016;14;0
16470;Germany;Speedy Express;2022;1;0
16471;Venezuela;United Package;2018;9;1
16472;Finland;United Package;2018;4;0
16473;Finland;United Package;2022;3;0
16474;Brazil;United Package;2019;15;0
16475;Mexico;Speedy Express;2014;8;1
16476;Argentina;Federal Shipping;2018;8;0
16477;Italy;Federal Shipping;2017;5;1
16478;Portugal;Speedy Express;2014;2;0
16479;Austria;Federal Shipping;2015;2;0
16480;Venezuela;United Package;2020;3;0
16481;Mexico;Speedy Express;2023;3;0
16482;Belgium;United Package;2015;6;0
16483;Germany;Speedy Express;2023;3;0
16484;Mexico;United Package;2013;5;0
16485;Spain;United Package;2013;16;1
16486;Germany;Federal Shipping;2018;12;0
16487;USA;Speedy Express;2022;10;1
16488;Italy;Speedy Express;2019;0;0
16489;Argentina;Speedy Express;2013;1;0
16490;Brazil;Federal Shipping;2017;12;1
16491;France;Speedy Express;2020;7;0
16492;Mexico;Speedy Express;2012;11;1
16493;USA;Speedy Express;2017;6;0
16494;Brazil;Speedy Express;2018;5;0
16495;Finland;United Package;2019;1;0
16496;UK;United Package;2012;15;0
16497;UK;Federal Shipping;2019;14;1
16498;Venezuela;Federal Shipping;2014;13;0
16499;France;Federal Shipping;2022;6;0
16500;Germany;Federal Shipping;2021;5;1
16501;Switzerland;Speedy Express;2021;13;0
16502;Argentina;Speedy Express;2019;1;0
16503;France;United Package;2019;19;0
16504;USA;United Package;2013;16;1
16505;Brazil;Speedy Express;2014;2;0
16506;Germany;United Package;2023;0;0
16507;Denmark;Federal Shipping;2012;12;0
16508;Germany;Federal Shipping;2022;13;1
16509;UK;Federal Shipping;2017;19;1
16510;Germany;United Package;2016;5;0
16511;Brazil;Federal Shipping;2012;3;0
16512;USA;Speedy Express;2012;9;1
16513;Spain;Federal Shipping;2021;4;1
16514;UK;United Package;2014;2;0
16515;France;Federal Shipping;2016;9;0
16516;Germany;United Package;2017;16;0
16517;Denmark;Federal Shipping;2020;17;1
16518;Brazil;Speedy Express;2016;19;1
16519;UK;Speedy Express;2017;2;0
16520;Mexico;Federal Shipping;2015;8;1
16521;Finland;United Package;2023;5;0
16522;Mexico;United Package;2015;8;0
16523;UK;Speedy Express;2020;17;1
16524;Brazil;Speedy Express;2019;20;1
16525;USA;United Package;2017;7;0
16526;Belgium;Speedy Express;2021;6;0
16527;Germany;United Package;2014;5;0
16528;Venezuela;Federal Shipping;2019;1;0
16529;USA;United Package;2016;0;0
16530;Brazil;Federal Shipping;2017;12;1
16531;France;Federal Shipping;2022;23;1
16532;Germany;Speedy Express;2019;13;0
16533;USA;Speedy Express;2014;8;0
16534;Sweden;Speedy Express;2023;22;1
16535;Brazil;Speedy Express;2015;11;0
16536;Venezuela;United Package;2013;3;0
16537;Germany;United Package;2019;11;0
16538;Germany;Federal Shipping;2012;11;0
16539;Spain;United Package;2014;8;0
16540;USA;United Package;2017;1;0
16541;Germany;United Package;2021;1;1
16542;France;Speedy Express;2013;1;0
16543;USA;Speedy Express;2019;8;0
16544;Brazil;Speedy Express;2022;0;0
16545;France;United Package;2019;2;0
16546;Venezuela;Federal Shipping;2020;5;0
16547;Brazil;United Package;2023;28;1
16548;Belgium;United Package;2016;11;0
16549;Austria;Federal Shipping;2019;5;0
16550;Poland;Federal Shipping;2013;2;0
16551;Mexico;United Package;2012;7;0
16552;Belgium;Federal Shipping;2013;9;0
16553;Germany;Speedy Express;2017;11;0
16554;USA;Federal Shipping;2023;3;0
16555;Austria;Speedy Express;2020;26;1
16556;Germany;Federal Shipping;2022;14;0
16557;Denmark;United Package;2022;4;0
16558;Mexico;Federal Shipping;2022;1;0
16559;Portugal;Federal Shipping;2018;3;0
16560;France;United Package;2019;3;0
16561;Mexico;United Package;2014;4;0
16562;Spain;Federal Shipping;2014;12;1
16563;Germany;United Package;2018;16;1
16564;Canada;United Package;2017;18;1
16565;Germany;United Package;2017;28;1
16566;Brazil;United Package;2018;11;0
16567;Argentina;United Package;2021;9;0
16568;Spain;Speedy Express;2012;2;0
16569;Austria;Federal Shipping;2018;10;0
16570;UK;United Package;2022;21;1
16571;Spain;United Package;2019;4;0
16572;Germany;Speedy Express;2019;10;0
16573;UK;United Package;2021;0;0
16574;France;Speedy Express;2019;0;0
16575;Canada;United Package;2013;10;1
16576;Italy;Speedy Express;2016;2;0
16577;Venezuela;United Package;2021;18;1
16578;UK;Speedy Express;2023;0;0
16579;France;Federal Shipping;2013;9;0
16580;USA;Speedy Express;2019;10;0
16581;Finland;United Package;2019;11;0
16582;USA;Federal Shipping;2020;6;0
16583;Mexico;United Package;2017;17;1
16584;Brazil;United Package;2016;6;1
16585;Brazil;United Package;2013;5;0
16586;Venezuela;United Package;2016;11;1
16587;Germany;Federal Shipping;2017;20;0
16588;UK;Speedy Express;2017;3;0
16589;Switzerland;Federal Shipping;2015;2;0
16590;USA;Speedy Express;2012;18;1
16591;USA;United Package;2020;7;0
16592;Spain;United Package;2013;4;0
16593;Germany;United Package;2023;6;1
16594;USA;Federal Shipping;2022;9;1
16595;France;Speedy Express;2018;0;0
16596;Brazil;Speedy Express;2013;8;0
16597;USA;Speedy Express;2012;3;0
16598;Finland;United Package;2016;2;0
16599;Sweden;Federal Shipping;2019;17;1
16600;Brazil;Speedy Express;2015;0;0
16601;France;Federal Shipping;2019;3;0
16602;Venezuela;United Package;2013;2;0
16603;Brazil;Federal Shipping;2014;10;1
16604;USA;Federal Shipping;2015;3;0
16605;Germany;Federal Shipping;2014;2;0
16606;Venezuela;United Package;2016;18;1
16607;Germany;United Package;2018;6;0
16608;USA;Speedy Express;2021;2;0
16609;Mexico;Speedy Express;2020;17;1
16610;Finland;United Package;2014;1;0
16611;Germany;Federal Shipping;2014;13;1
16612;USA;Federal Shipping;2015;23;1
16613;USA;United Package;2013;5;0
16614;Ireland;Speedy Express;2020;19;0
16615;Poland;United Package;2018;8;0
16616;Portugal;United Package;2018;2;0
16617;Brazil;United Package;2013;20;1
16618;France;Speedy Express;2022;12;0
16619;France;Speedy Express;2018;6;1
16620;Ireland;United Package;2018;7;0
16621;Venezuela;Federal Shipping;2016;22;0
16622;Austria;Speedy Express;2020;1;0
16623;UK;Federal Shipping;2015;3;1
16624;Germany;Federal Shipping;2014;7;1
16625;Mexico;United Package;2020;0;0
16626;France;United Package;2017;2;0
16627;Germany;Federal Shipping;2021;1;0
16628;Germany;Speedy Express;2021;3;0
16629;UK;Federal Shipping;2014;18;1
16630;France;United Package;2022;2;0
16631;Germany;United Package;2019;2;0
16632;Denmark;Speedy Express;2022;12;0
16633;USA;United Package;2017;0;0
16634;Germany;Federal Shipping;2023;2;0
16635;France;Speedy Express;2022;0;0
16636;UK;Speedy Express;2018;2;0
16637;UK;Federal Shipping;2023;18;1
16638;Brazil;United Package;2021;21;0
16639;Italy;Speedy Express;2015;17;0
16640;Portugal;Federal Shipping;2022;2;0
16641;UK;Speedy Express;2015;11;1
16642;Canada;United Package;2016;1;0
16643;Brazil;United Package;2014;11;1
16644;USA;United Package;2014;12;1
16645;Brazil;United Package;2021;3;0
16646;Italy;Speedy Express;2022;2;0
16647;Brazil;Speedy Express;2014;1;0
16648;Switzerland;Speedy Express;2017;11;0
16649;Spain;Speedy Express;2017;3;1
16650;USA;Federal Shipping;2022;5;1
16651;USA;United Package;2021;8;0
16652;Venezuela;United Package;2022;2;0
16653;Spain;Speedy Express;2020;21;0
16654;Mexico;Speedy Express;2014;4;0
16655;Italy;Federal Shipping;2018;4;0
16656;Mexico;Federal Shipping;2016;1;1
16657;Brazil;Speedy Express;2019;24;0
16658;Germany;United Package;2014;1;0
16659;Venezuela;United Package;2013;11;0
16660;Venezuela;Speedy Express;2015;10;0
16661;USA;Speedy Express;2017;5;0
16662;Brazil;United Package;2022;13;1
16663;Canada;United Package;2015;2;0
16664;Germany;Federal Shipping;2018;17;1
16665;Italy;Federal Shipping;2022;1;0
16666;Brazil;Federal Shipping;2016;5;0
16667;USA;Federal Shipping;2020;4;0
16668;Mexico;Speedy Express;2017;17;0
16669;Venezuela;Federal Shipping;2023;6;0
16670;Denmark;Speedy Express;2023;17;1
16671;Argentina;Federal Shipping;2020;13;0
16672;UK;Speedy Express;2015;7;0
16673;Germany;United Package;2018;7;0
16674;UK;Federal Shipping;2021;15;1
16675;Sweden;Federal Shipping;2023;15;0
16676;France;United Package;2016;1;0
16677;Denmark;United Package;2017;2;0
16678;Brazil;Speedy Express;2020;5;0
16679;Argentina;Federal Shipping;2017;2;0
16680;USA;Speedy Express;2017;11;1
16681;Germany;United Package;2016;17;1
16682;Norway;Federal Shipping;2017;2;0
16683;Portugal;United Package;2021;0;0
16684;Germany;Federal Shipping;2020;11;1
16685;UK;Speedy Express;2020;3;0
16686;Brazil;United Package;2022;5;0
16687;Sweden;Speedy Express;2021;4;0
16688;USA;Speedy Express;2013;2;0
16689;Poland;Federal Shipping;2019;4;1
16690;UK;Federal Shipping;2012;8;1
16691;Belgium;Federal Shipping;2023;20;1
16692;Finland;Speedy Express;2018;10;0
16693;Germany;Speedy Express;2014;21;1
16694;USA;Speedy Express;2020;1;0
16695;UK;Speedy Express;2023;4;0
16696;France;Speedy Express;2018;15;0
16697;USA;Federal Shipping;2017;14;0
16698;Argentina;Speedy Express;2013;0;0
16699;Belgium;Federal Shipping;2018;20;0
16700;UK;United Package;2018;7;0
16701;Ireland;United Package;2016;3;0
16702;Portugal;Speedy Express;2018;7;0
16703;Mexico;Speedy Express;2013;9;0
16704;Italy;Speedy Express;2017;2;0
16705;Brazil;Federal Shipping;2015;3;0
16706;Canada;Speedy Express;2020;4;0
16707;Spain;Speedy Express;2013;8;0
16708;France;Speedy Express;2016;2;0
16709;Mexico;Federal Shipping;2015;23;1
16710;Belgium;United Package;2023;23;1
16711;France;Speedy Express;2022;5;0
16712;France;Speedy Express;2018;8;0
16713;Venezuela;United Package;2014;5;0
16714;France;Federal Shipping;2020;10;0
16715;Germany;United Package;2022;7;0
16716;UK;Speedy Express;2020;3;0
16717;Italy;Speedy Express;2020;7;1
16718;Switzerland;United Package;2013;23;1
16719;Brazil;United Package;2021;23;1
16720;Norway;Speedy Express;2016;7;0
16721;Brazil;United Package;2022;19;1
16722;Germany;United Package;2018;2;0
16723;Portugal;United Package;2018;2;0
16724;Finland;United Package;2012;4;0
16725;France;United Package;2015;6;1
16726;USA;Speedy Express;2020;16;1
16727;Venezuela;United Package;2013;0;0
16728;Venezuela;Federal Shipping;2021;4;0
16729;Germany;Speedy Express;2016;2;0
16730;France;United Package;2015;1;0
16731;USA;Federal Shipping;2014;9;0
16732;Brazil;Speedy Express;2016;23;1
16733;France;United Package;2016;8;0
16734;Germany;United Package;2021;3;0
16735;Austria;Federal Shipping;2014;7;0
16736;UK;Federal Shipping;2017;24;1
16737;UK;Federal Shipping;2013;15;0
16738;Spain;Federal Shipping;2019;6;1
16739;Spain;Federal Shipping;2012;1;0
16740;Brazil;Speedy Express;2014;1;0
16741;Italy;Speedy Express;2012;11;1
16742;Austria;Federal Shipping;2015;27;1
16743;USA;Federal Shipping;2021;1;0
16744;USA;United Package;2017;5;0
16745;UK;Federal Shipping;2017;3;0
16746;France;United Package;2016;10;0
16747;USA;Speedy Express;2019;1;0
16748;Italy;United Package;2020;2;0
16749;Canada;United Package;2017;1;0
16750;Germany;United Package;2015;8;0
16751;UK;Speedy Express;2022;1;0
16752;Germany;Federal Shipping;2012;10;0
16753;France;Speedy Express;2017;2;0
16754;Canada;Speedy Express;2023;7;1
16755;USA;United Package;2022;3;0
16756;Argentina;Federal Shipping;2017;1;0
16757;Brazil;Federal Shipping;2015;2;0
16758;Argentina;United Package;2023;6;1
16759;USA;United Package;2018;9;0
16760;USA;United Package;2021;10;0
16761;USA;Speedy Express;2013;2;0
16762;Spain;United Package;2014;2;0
16763;Switzerland;Federal Shipping;2012;4;0
16764;Venezuela;Federal Shipping;2014;8;0
16765;France;Speedy Express;2015;1;0
16766;Belgium;United Package;2014;3;0
16767;UK;United Package;2013;7;0
16768;Germany;United Package;2023;3;0
16769;UK;United Package;2020;2;0
16770;UK;Federal Shipping;2020;0;0
16771;UK;United Package;2022;19;1
16772;Brazil;United Package;2023;1;0
16773;France;Federal Shipping;2023;6;0
16774;USA;United Package;2023;8;0
16775;France;United Package;2018;0;0
16776;Germany;United Package;2022;10;0
16777;USA;Federal Shipping;2020;21;1
16778;USA;United Package;2018;10;0
16779;Spain;United Package;2022;8;0
16780;Argentina;Speedy Express;2018;1;0
16781;Germany;United Package;2019;11;0
16782;Finland;Federal Shipping;2022;1;0
16783;Venezuela;United Package;2017;2;0
16784;Canada;Federal Shipping;2020;1;0
16785;UK;Speedy Express;2019;4;0
16786;Spain;United Package;2020;14;0
16787;France;United Package;2015;7;0
16788;Argentina;Federal Shipping;2017;23;1
16789;Germany;Federal Shipping;2018;6;0
16790;Venezuela;Federal Shipping;2017;12;1
16791;Brazil;United Package;2017;1;0
16792;Argentina;United Package;2021;3;0
16793;Belgium;United Package;2014;6;0
16794;Germany;Federal Shipping;2020;18;1
16795;Brazil;Federal Shipping;2015;3;0
16796;USA;Federal Shipping;2022;3;0
16797;USA;Federal Shipping;2021;4;0
16798;Sweden;Speedy Express;2022;4;1
16799;UK;United Package;2018;3;0
16800;Finland;United Package;2014;5;0
16801;UK;United Package;2016;17;0
16802;USA;United Package;2023;4;0
16803;USA;Federal Shipping;2020;7;0
16804;USA;Federal Shipping;2020;9;1
16805;USA;Speedy Express;2015;3;0
16806;Spain;Federal Shipping;2017;12;0
16807;UK;Speedy Express;2014;24;0
16808;Germany;Speedy Express;2020;21;0
16809;Italy;United Package;2014;14;0
16810;Italy;United Package;2017;6;1
16811;Canada;Speedy Express;2019;0;0
16812;France;United Package;2018;8;1
16813;Venezuela;United Package;2015;10;0
16814;Denmark;Federal Shipping;2021;7;0
16815;Argentina;United Package;2013;8;1
16816;Poland;United Package;2013;9;0
16817;France;Speedy Express;2020;14;1
16818;Argentina;United Package;2012;7;1
16819;USA;United Package;2019;27;1
16820;Finland;United Package;2021;18;1
16821;France;Speedy Express;2017;12;0
16822;Argentina;Speedy Express;2020;6;0
16823;Italy;United Package;2020;3;0
16824;Brazil;Speedy Express;2014;24;1
16825;USA;Federal Shipping;2014;23;0
16826;Portugal;United Package;2020;1;0
16827;USA;United Package;2016;1;0
16828;Finland;Federal Shipping;2021;28;1
16829;Brazil;Speedy Express;2023;0;0
16830;France;Speedy Express;2018;7;0
16831;Spain;United Package;2021;0;0
16832;Spain;United Package;2019;9;0
16833;Brazil;Federal Shipping;2023;6;0
16834;Denmark;Speedy Express;2017;0;0
16835;Germany;Federal Shipping;2018;3;0
16836;Germany;United Package;2013;1;0
16837;Brazil;United Package;2013;2;0
16838;Mexico;United Package;2016;3;0
16839;USA;Speedy Express;2022;9;1
16840;Germany;United Package;2016;10;0
16841;UK;Federal Shipping;2017;0;0
16842;USA;Federal Shipping;2016;12;0
16843;Brazil;United Package;2018;4;0
16844;Germany;Speedy Express;2015;1;0
16845;UK;Speedy Express;2015;1;0
16846;Mexico;United Package;2016;4;0
16847;France;Speedy Express;2017;8;0
16848;USA;Federal Shipping;2021;4;0
16849;France;Speedy Express;2023;7;1
16850;Germany;United Package;2022;6;0
16851;Spain;Federal Shipping;2013;10;1
16852;Venezuela;United Package;2017;3;0
16853;Germany;United Package;2022;4;0
16854;Venezuela;Speedy Express;2013;1;0
16855;France;Speedy Express;2018;19;1
16856;UK;United Package;2021;10;1
16857;Spain;United Package;2012;3;0
16858;Argentina;Speedy Express;2016;3;1
16859;Venezuela;Speedy Express;2016;14;0
16860;France;Speedy Express;2023;23;1
16861;Germany;Federal Shipping;2018;1;0
16862;France;Federal Shipping;2014;0;0
16863;Germany;Federal Shipping;2021;9;0
16864;Germany;Federal Shipping;2018;12;1
16865;Germany;United Package;2013;22;1
16866;UK;Federal Shipping;2014;7;0
16867;Brazil;Speedy Express;2015;4;1
16868;Germany;Federal Shipping;2022;16;1
16869;UK;Federal Shipping;2013;1;0
16870;UK;United Package;2019;6;0
16871;Brazil;United Package;2013;5;0
16872;Italy;United Package;2016;2;0
16873;France;United Package;2020;2;0
16874;USA;United Package;2020;6;1
16875;Austria;United Package;2016;11;0
16876;USA;Speedy Express;2022;11;1
16877;Italy;Speedy Express;2019;5;0
16878;Spain;Speedy Express;2015;2;0
16879;Brazil;Speedy Express;2016;6;0
16880;France;United Package;2016;0;0
16881;Finland;Federal Shipping;2016;2;0
16882;Brazil;Speedy Express;2014;3;0
16883;Brazil;Federal Shipping;2020;5;0
16884;Germany;Federal Shipping;2019;2;1
16885;Germany;United Package;2019;1;0
16886;Brazil;Speedy Express;2013;2;0
16887;Germany;Federal Shipping;2022;2;0
16888;Argentina;Speedy Express;2017;19;0
16889;Venezuela;United Package;2014;9;1
16890;Italy;Speedy Express;2014;0;0
16891;Switzerland;Federal Shipping;2018;3;0
16892;Venezuela;Speedy Express;2018;17;0
16893;Germany;Speedy Express;2018;3;0
16894;Mexico;Speedy Express;2022;12;0
16895;France;Speedy Express;2019;1;0
16896;Canada;Speedy Express;2015;11;1
16897;Austria;United Package;2017;13;1
16898;UK;Speedy Express;2016;3;0
16899;France;United Package;2014;14;1
16900;France;United Package;2020;3;1
16901;Poland;United Package;2019;3;0
16902;France;United Package;2015;6;0
16903;Spain;Federal Shipping;2022;8;0
16904;UK;United Package;2018;0;0
16905;Denmark;United Package;2013;1;1
16906;Germany;United Package;2020;1;0
16907;USA;Federal Shipping;2020;9;0
16908;Denmark;United Package;2019;15;1
16909;Spain;Federal Shipping;2016;2;0
16910;Germany;United Package;2017;2;0
16911;UK;Speedy Express;2023;2;0
16912;Denmark;United Package;2019;7;0
16913;Denmark;Federal Shipping;2017;3;1
16914;USA;United Package;2022;0;0
16915;Germany;Speedy Express;2012;1;0
16916;Germany;United Package;2019;2;1
16917;Germany;United Package;2018;7;0
16918;Brazil;Federal Shipping;2019;14;0
16919;Venezuela;Federal Shipping;2022;1;0
16920;Mexico;United Package;2020;2;0
16921;Mexico;Federal Shipping;2021;5;0
16922;USA;Speedy Express;2016;6;1
16923;UK;Federal Shipping;2022;2;0
16924;Germany;United Package;2018;5;1
16925;Finland;Federal Shipping;2017;5;0
16926;Brazil;Federal Shipping;2013;5;0
16927;USA;United Package;2014;4;0
16928;Germany;Federal Shipping;2020;2;0
16929;Venezuela;Speedy Express;2021;14;0
16930;Brazil;Federal Shipping;2018;12;0
16931;Brazil;United Package;2019;9;1
16932;Portugal;Speedy Express;2012;8;0
16933;Portugal;Speedy Express;2015;8;0
16934;Austria;United Package;2021;3;0
16935;Mexico;Speedy Express;2012;1;0
16936;Germany;Speedy Express;2016;9;1
16937;Brazil;Speedy Express;2013;11;1
16938;Switzerland;Federal Shipping;2022;1;0
16939;Austria;United Package;2015;1;0
16940;Brazil;United Package;2023;8;0
16941;Spain;United Package;2013;14;1
16942;Brazil;United Package;2016;4;0
16943;France;Speedy Express;2023;6;1
16944;Brazil;United Package;2017;2;0
16945;Brazil;Speedy Express;2018;8;1
16946;Finland;United Package;2021;2;0
16947;Austria;Speedy Express;2022;21;1
16948;UK;United Package;2014;17;0
16949;UK;Federal Shipping;2018;1;0
16950;Germany;United Package;2014;2;0
16951;Venezuela;Speedy Express;2020;11;0
16952;Mexico;Speedy Express;2017;6;0
16953;USA;Federal Shipping;2023;18;1
16954;Portugal;United Package;2022;10;1
16955;France;Federal Shipping;2015;1;0
16956;Spain;Speedy Express;2015;9;1
16957;Brazil;United Package;2022;8;1
16958;Brazil;Federal Shipping;2012;10;0
16959;UK;Federal Shipping;2014;14;0
16960;Germany;United Package;2018;7;1
16961;USA;United Package;2019;2;0
16962;Italy;Federal Shipping;2019;3;0
16963;Brazil;Speedy Express;2014;23;1
16964;Spain;Federal Shipping;2021;17;1
16965;France;Federal Shipping;2021;22;0
16966;Mexico;Speedy Express;2016;3;0
16967;France;Federal Shipping;2015;1;0
16968;USA;Federal Shipping;2012;9;0
16969;Portugal;United Package;2013;1;0
16970;USA;United Package;2013;12;1
16971;Finland;United Package;2017;4;0
16972;Belgium;Federal Shipping;2018;20;0
16973;Italy;Federal Shipping;2014;8;0
16974;Brazil;Speedy Express;2013;0;0
16975;UK;Federal Shipping;2021;16;1
16976;Germany;United Package;2018;4;0
16977;Venezuela;United Package;2019;23;1
16978;Portugal;Federal Shipping;2023;0;0
16979;UK;United Package;2023;1;0
16980;Germany;United Package;2013;11;0
16981;Germany;United Package;2021;1;0
16982;USA;United Package;2023;13;0
16983;Venezuela;Speedy Express;2017;1;0
16984;France;United Package;2017;3;0
16985;Argentina;Federal Shipping;2020;20;1
16986;Brazil;Federal Shipping;2021;0;0
16987;Brazil;Speedy Express;2015;12;1
16988;USA;Speedy Express;2022;11;0
16989;Venezuela;Speedy Express;2015;1;0
16990;Ireland;Federal Shipping;2021;0;0
16991;UK;Speedy Express;2017;2;0
16992;Italy;Federal Shipping;2013;17;1
16993;Venezuela;Federal Shipping;2012;25;0
16994;Venezuela;Speedy Express;2019;7;1
16995;Venezuela;United Package;2021;15;0
16996;Venezuela;United Package;2019;6;0
16997;France;Speedy Express;2018;9;0
16998;Portugal;Speedy Express;2019;10;0
16999;UK;United Package;2014;8;0
17000;Finland;Federal Shipping;2013;19;1
17001;Sweden;Speedy Express;2018;4;1
17002;France;Speedy Express;2013;12;1
17003;Portugal;Federal Shipping;2022;8;0
17004;USA;Federal Shipping;2016;6;0
17005;Mexico;Speedy Express;2016;4;0
17006;France;Speedy Express;2021;3;0
17007;Argentina;Federal Shipping;2017;1;0
17008;USA;Speedy Express;2022;25;1
17009;Germany;Speedy Express;2022;4;0
17010;Mexico;United Package;2016;14;1
17011;USA;United Package;2016;15;0
17012;USA;United Package;2022;1;0
17013;Germany;Federal Shipping;2013;4;1
17014;UK;United Package;2015;10;0
17015;Finland;United Package;2017;4;0
17016;Canada;Speedy Express;2022;7;0
17017;USA;Federal Shipping;2014;3;0
17018;Brazil;Federal Shipping;2019;1;0
17019;USA;Federal Shipping;2016;21;1
17020;Switzerland;United Package;2023;6;0
17021;USA;United Package;2022;3;0
17022;Brazil;Speedy Express;2022;9;0
17023;Switzerland;United Package;2018;6;0
17024;France;United Package;2014;5;0
17025;UK;Speedy Express;2013;3;0
17026;Germany;United Package;2022;14;1
17027;France;Federal Shipping;2021;5;0
17028;France;Federal Shipping;2013;0;0
17029;Germany;Federal Shipping;2016;6;0
17030;Norway;United Package;2021;0;0
17031;USA;Federal Shipping;2021;4;0
17032;Brazil;Speedy Express;2015;7;1
17033;France;United Package;2013;10;0
17034;Spain;United Package;2019;2;0
17035;Germany;United Package;2015;14;1
17036;Denmark;Federal Shipping;2014;4;0
17037;Belgium;Federal Shipping;2019;1;0
17038;Canada;United Package;2020;3;0
17039;USA;Federal Shipping;2015;3;0
17040;USA;United Package;2017;19;1
17041;Belgium;Federal Shipping;2021;14;1
17042;UK;Speedy Express;2016;4;0
17043;France;Federal Shipping;2022;2;0
17044;Germany;Federal Shipping;2016;15;0
17045;Germany;United Package;2021;3;0
17046;Ireland;Federal Shipping;2015;4;0
17047;USA;Speedy Express;2016;3;0
17048;Germany;Federal Shipping;2019;7;0
17049;Brazil;Speedy Express;2023;20;1
17050;Spain;United Package;2016;28;1
17051;UK;Federal Shipping;2023;22;1
17052;UK;Speedy Express;2017;1;0
17053;France;Federal Shipping;2020;13;0
17054;USA;United Package;2020;18;0
17055;Brazil;Speedy Express;2019;19;0
17056;Canada;Speedy Express;2015;9;0
17057;Canada;United Package;2019;1;0
17058;Germany;United Package;2016;22;0
17059;USA;United Package;2013;2;0
17060;Portugal;Speedy Express;2013;3;0
17061;Venezuela;Federal Shipping;2014;4;0
17062;Canada;Federal Shipping;2016;16;0
17063;France;Federal Shipping;2021;5;0
17064;USA;Federal Shipping;2018;23;1
17065;Germany;Speedy Express;2017;21;0
17066;Germany;Federal Shipping;2015;8;1
17067;Argentina;Speedy Express;2023;1;0
17068;France;United Package;2021;1;0
17069;France;Federal Shipping;2018;5;1
17070;USA;United Package;2015;1;0
17071;Mexico;United Package;2023;3;0
17072;Germany;United Package;2015;12;0
17073;UK;Speedy Express;2021;1;0
17074;Mexico;United Package;2023;19;1
17075;Germany;Federal Shipping;2013;1;0
17076;Mexico;Federal Shipping;2012;3;0
17077;France;Speedy Express;2018;3;0
17078;UK;Speedy Express;2023;13;1
17079;Switzerland;Federal Shipping;2014;5;0
17080;Finland;United Package;2019;8;0
17081;Germany;Federal Shipping;2022;20;0
17082;UK;Federal Shipping;2018;24;1
17083;Portugal;United Package;2015;16;0
17084;UK;United Package;2022;10;0
17085;USA;United Package;2021;10;0
17086;Mexico;Federal Shipping;2020;11;1
17087;Mexico;United Package;2019;6;0
17088;France;Federal Shipping;2012;6;0
17089;UK;Speedy Express;2023;12;1
17090;USA;United Package;2022;5;0
17091;USA;United Package;2022;16;1
17092;France;Speedy Express;2022;11;0
17093;Italy;Federal Shipping;2013;2;0
17094;Norway;Federal Shipping;2021;6;0
17095;Finland;Federal Shipping;2022;3;0
17096;Mexico;Federal Shipping;2017;1;0
17097;Brazil;Speedy Express;2021;22;1
17098;Germany;United Package;2023;23;1
17099;USA;Speedy Express;2020;1;0
17100;Brazil;Federal Shipping;2013;12;0
17101;Canada;United Package;2016;8;0
17102;Austria;United Package;2014;17;1
17103;Germany;Speedy Express;2015;2;0
17104;USA;Federal Shipping;2018;14;0
17105;Germany;United Package;2023;3;0
17106;Argentina;Federal Shipping;2018;9;1
17107;USA;Federal Shipping;2013;3;0
17108;Germany;Speedy Express;2018;2;0
17109;Austria;Speedy Express;2014;5;1
17110;Brazil;Federal Shipping;2018;1;0
17111;Finland;United Package;2016;2;0
17112;France;United Package;2017;1;0
17113;Germany;Federal Shipping;2013;4;0
17114;Germany;Speedy Express;2016;18;1
17115;USA;Federal Shipping;2019;9;0
17116;Germany;Speedy Express;2018;17;1
17117;USA;United Package;2020;3;0
17118;Switzerland;Speedy Express;2015;3;0
17119;USA;United Package;2012;2;0
17120;Mexico;United Package;2022;1;0
17121;USA;Speedy Express;2013;15;0
17122;Brazil;Federal Shipping;2013;14;1
17123;Germany;Speedy Express;2012;4;1
17124;Germany;United Package;2017;6;1
17125;UK;Speedy Express;2022;0;0
17126;Brazil;Federal Shipping;2023;23;0
17127;Italy;Federal Shipping;2017;2;0
17128;Denmark;Federal Shipping;2023;4;0
17129;Brazil;United Package;2017;3;0
17130;Brazil;Speedy Express;2015;25;0
17131;Sweden;Federal Shipping;2018;16;0
17132;USA;Speedy Express;2020;20;1
17133;Ireland;United Package;2015;1;0
17134;USA;Federal Shipping;2018;26;0
17135;Canada;United Package;2020;19;0
17136;Italy;Speedy Express;2018;2;0
17137;Spain;Federal Shipping;2015;12;0
17138;Poland;United Package;2020;18;1
17139;USA;Speedy Express;2014;12;0
17140;Sweden;Federal Shipping;2015;0;0
17141;Germany;Federal Shipping;2020;17;1
17142;Norway;Speedy Express;2016;2;1
17143;Italy;Speedy Express;2021;12;1
17144;Ireland;Speedy Express;2015;2;0
17145;Germany;United Package;2023;1;0
17146;USA;Speedy Express;2013;4;0
17147;Switzerland;Federal Shipping;2021;4;0
17148;USA;Federal Shipping;2020;9;1
17149;Argentina;Federal Shipping;2014;17;1
17150;Germany;United Package;2019;3;0
17151;Poland;Speedy Express;2015;3;1
17152;Argentina;Federal Shipping;2017;9;1
17153;Brazil;United Package;2018;0;0
17154;France;Speedy Express;2017;4;0
17155;Brazil;Speedy Express;2013;8;0
17156;Spain;Federal Shipping;2012;2;0
17157;USA;United Package;2018;5;0
17158;Italy;Federal Shipping;2016;0;0
17159;USA;United Package;2022;8;0
17160;USA;United Package;2015;1;0
17161;Finland;Federal Shipping;2016;17;1
17162;Brazil;United Package;2013;14;1
17163;Poland;United Package;2023;13;0
17164;Brazil;Federal Shipping;2016;5;0
17165;Spain;Federal Shipping;2020;28;1
17166;Brazil;United Package;2017;8;1
17167;USA;Speedy Express;2013;11;0
17168;Portugal;Speedy Express;2016;18;1
17169;Brazil;Speedy Express;2015;7;0
17170;Mexico;Speedy Express;2013;1;0
17171;Brazil;Speedy Express;2016;3;0
17172;USA;Federal Shipping;2021;2;0
17173;Brazil;United Package;2023;26;1
17174;Switzerland;Federal Shipping;2017;20;1
17175;Spain;Speedy Express;2015;14;1
17176;Canada;Federal Shipping;2020;12;0
17177;France;United Package;2022;5;0
17178;USA;United Package;2012;8;0
17179;France;Speedy Express;2021;6;0
17180;Portugal;Speedy Express;2022;0;0
17181;Brazil;United Package;2023;18;1
17182;France;United Package;2015;9;1
17183;Argentina;Federal Shipping;2016;4;0
17184;UK;Federal Shipping;2020;2;0
17185;USA;United Package;2014;21;1
17186;Argentina;United Package;2017;8;0
17187;Germany;Speedy Express;2015;19;0
17188;USA;Federal Shipping;2020;13;0
17189;France;Federal Shipping;2015;14;0
17190;Switzerland;Speedy Express;2018;8;0
17191;USA;Speedy Express;2016;5;0
17192;Germany;Federal Shipping;2014;25;1
17193;Germany;United Package;2018;9;1
17194;USA;Federal Shipping;2020;9;0
17195;USA;Speedy Express;2021;15;1
17196;USA;Federal Shipping;2016;0;0
17197;Norway;Federal Shipping;2013;9;1
17198;Brazil;United Package;2021;0;0
17199;Austria;Speedy Express;2022;2;0
17200;Spain;United Package;2018;0;0
17201;Germany;United Package;2018;7;1
17202;France;Speedy Express;2015;20;1
17203;Italy;Federal Shipping;2022;5;0
17204;UK;United Package;2021;1;0
17205;France;Federal Shipping;2014;17;1
17206;Brazil;United Package;2018;3;1
17207;Canada;United Package;2022;10;0
17208;UK;Speedy Express;2014;3;0
17209;Portugal;Federal Shipping;2015;11;1
17210;Sweden;Speedy Express;2016;17;1
17211;Poland;Speedy Express;2021;2;0
17212;Denmark;Speedy Express;2018;18;0
17213;Spain;Speedy Express;2017;3;0
17214;USA;Federal Shipping;2022;11;0
17215;Brazil;Federal Shipping;2019;2;0
17216;France;United Package;2018;2;0
17217;Switzerland;United Package;2016;20;0
17218;Venezuela;United Package;2018;7;1
17219;Argentina;Speedy Express;2023;22;1
17220;France;United Package;2013;14;1
17221;Venezuela;United Package;2020;8;0
17222;Germany;Federal Shipping;2020;4;1
17223;Germany;Federal Shipping;2022;8;0
17224;Mexico;United Package;2015;2;0
17225;Sweden;United Package;2017;4;0
17226;Finland;United Package;2013;0;0
17227;Denmark;Federal Shipping;2020;0;0
17228;Brazil;United Package;2021;2;0
17229;Venezuela;Speedy Express;2018;1;0
17230;Spain;Speedy Express;2018;15;1
17231;Italy;United Package;2016;6;0
17232;Mexico;Speedy Express;2021;7;0
17233;France;United Package;2021;0;0
17234;Canada;Federal Shipping;2021;24;1
17235;Brazil;United Package;2012;5;0
17236;USA;United Package;2017;3;0
17237;Spain;Federal Shipping;2022;1;0
17238;Canada;Federal Shipping;2015;4;0
17239;Switzerland;Speedy Express;2020;12;0
17240;Germany;Federal Shipping;2018;17;1
17241;Brazil;Speedy Express;2013;4;0
17242;Spain;United Package;2022;20;0
17243;USA;Federal Shipping;2022;5;0
17244;France;United Package;2017;9;0
17245;France;United Package;2021;15;0
17246;Sweden;Federal Shipping;2021;4;0
17247;France;Speedy Express;2017;6;0
17248;Austria;Federal Shipping;2017;2;0
17249;Switzerland;Federal Shipping;2021;2;0
17250;Germany;United Package;2014;14;0
17251;Brazil;Federal Shipping;2014;0;0
17252;Brazil;Speedy Express;2021;4;1
17253;Argentina;Speedy Express;2017;22;0
17254;Venezuela;Speedy Express;2014;0;0
17255;France;Speedy Express;2022;8;0
17256;Portugal;Speedy Express;2018;18;1
17257;Brazil;United Package;2023;5;0
17258;USA;Federal Shipping;2019;10;0
17259;Poland;United Package;2017;6;1
17260;Italy;Federal Shipping;2019;13;0
17261;Norway;United Package;2015;6;0
17262;Portugal;Federal Shipping;2019;6;0
17263;Germany;Federal Shipping;2014;11;0
17264;Germany;Federal Shipping;2017;4;0
17265;France;Federal Shipping;2014;4;0
17266;Germany;United Package;2022;12;1
17267;Brazil;Speedy Express;2017;1;0
17268;Switzerland;United Package;2023;1;0
17269;Mexico;Federal Shipping;2019;1;0
17270;Spain;United Package;2019;2;0
17271;Argentina;Speedy Express;2015;4;0
17272;Belgium;Federal Shipping;2015;9;0
17273;Spain;Speedy Express;2017;19;1
17274;Germany;United Package;2015;11;1
17275;UK;United Package;2022;15;0
17276;Italy;Speedy Express;2023;22;1
17277;Mexico;United Package;2020;3;0
17278;Germany;Speedy Express;2018;5;0
17279;USA;United Package;2012;2;0
17280;Spain;United Package;2019;7;1
17281;Argentina;Speedy Express;2017;22;1
17282;USA;United Package;2014;7;0
17283;Switzerland;United Package;2021;0;0
17284;Germany;United Package;2012;11;0
17285;Germany;Federal Shipping;2018;4;0
17286;Denmark;Speedy Express;2023;17;1
17287;USA;Speedy Express;2020;2;0
17288;UK;United Package;2019;18;1
17289;Sweden;Speedy Express;2015;5;1
17290;Canada;Federal Shipping;2020;18;1
17291;UK;Speedy Express;2020;5;0
17292;Venezuela;United Package;2019;13;0
17293;Germany;Speedy Express;2012;1;0
17294;UK;United Package;2017;12;0
17295;UK;United Package;2017;3;0
17296;Norway;Federal Shipping;2013;2;0
17297;Brazil;Speedy Express;2014;1;0
17298;Mexico;Federal Shipping;2021;12;0
17299;France;Speedy Express;2015;15;0
17300;Mexico;Speedy Express;2017;3;0
17301;USA;United Package;2017;11;0
17302;Spain;Federal Shipping;2017;1;0
17303;Belgium;United Package;2021;13;0
17304;Brazil;United Package;2021;0;0
17305;UK;Speedy Express;2013;15;0
17306;Switzerland;Speedy Express;2023;5;0
17307;Sweden;Speedy Express;2017;6;0
17308;UK;United Package;2022;0;0
17309;Germany;Speedy Express;2021;2;1
17310;USA;Federal Shipping;2013;1;0
17311;UK;United Package;2020;0;0
17312;Portugal;United Package;2022;12;0
17313;USA;United Package;2022;8;0
17314;France;Federal Shipping;2014;19;1
17315;Mexico;Speedy Express;2017;0;0
17316;USA;United Package;2018;10;1
17317;Canada;Speedy Express;2022;1;0
17318;Venezuela;Federal Shipping;2016;25;0
17319;USA;Speedy Express;2014;17;1
17320;Venezuela;Federal Shipping;2020;3;0
17321;Argentina;Speedy Express;2016;4;0
17322;Spain;Speedy Express;2020;9;0
17323;Belgium;United Package;2023;12;0
17324;Germany;Speedy Express;2015;10;1
17325;Ireland;Federal Shipping;2015;13;0
17326;Brazil;Federal Shipping;2018;7;1
17327;Brazil;Federal Shipping;2018;5;0
17328;Germany;Federal Shipping;2021;4;0
17329;USA;Speedy Express;2020;0;0
17330;Brazil;Federal Shipping;2021;13;0
17331;Canada;Speedy Express;2014;4;1
17332;Portugal;United Package;2020;21;1
17333;Canada;Federal Shipping;2016;4;0
17334;Austria;Speedy Express;2020;18;1
17335;Sweden;Federal Shipping;2012;9;0
17336;Argentina;United Package;2016;0;0
17337;Canada;Speedy Express;2023;4;0
17338;UK;Federal Shipping;2017;5;0
17339;Germany;Speedy Express;2021;10;1
17340;France;Federal Shipping;2020;4;0
17341;Italy;United Package;2014;12;1
17342;Ireland;Speedy Express;2020;16;0
17343;Mexico;Speedy Express;2013;3;0
17344;USA;Speedy Express;2019;13;0
17345;France;Federal Shipping;2022;1;0
17346;Sweden;Speedy Express;2013;16;1
17347;Spain;United Package;2016;6;0
17348;Brazil;Speedy Express;2021;7;1
17349;UK;Federal Shipping;2021;14;0
17350;Germany;Speedy Express;2023;2;0
17351;USA;United Package;2014;10;0
17352;Mexico;United Package;2017;13;0
17353;France;United Package;2017;6;1
17354;Germany;Speedy Express;2019;4;0
17355;Italy;Speedy Express;2021;2;0
17356;UK;Federal Shipping;2013;6;0
17357;Italy;Federal Shipping;2021;9;0
17358;France;Speedy Express;2018;2;0
17359;Spain;Federal Shipping;2021;5;0
17360;UK;Speedy Express;2021;1;0
17361;Brazil;Speedy Express;2020;10;0
17362;Spain;Federal Shipping;2013;5;0
17363;USA;United Package;2021;6;1
17364;Germany;United Package;2014;12;0
17365;Belgium;Federal Shipping;2012;11;1
17366;Venezuela;Federal Shipping;2021;7;0
17367;France;Speedy Express;2022;13;1
17368;USA;Federal Shipping;2013;22;0
17369;Germany;Speedy Express;2021;13;0
17370;Poland;Federal Shipping;2013;28;1
17371;Germany;Federal Shipping;2022;2;0
17372;UK;Federal Shipping;2016;1;0
17373;Venezuela;Speedy Express;2015;7;0
17374;France;Federal Shipping;2014;2;0
17375;Finland;Speedy Express;2021;14;1
17376;Finland;United Package;2019;2;0
17377;Germany;Speedy Express;2022;5;0
17378;Argentina;United Package;2018;8;0
17379;USA;Speedy Express;2020;4;0
17380;France;Federal Shipping;2017;2;0
17381;USA;Speedy Express;2015;4;0
17382;Belgium;Speedy Express;2015;9;0
17383;Austria;Speedy Express;2018;13;1
17384;France;United Package;2016;16;1
17385;Brazil;Federal Shipping;2017;24;1
17386;Germany;Federal Shipping;2016;5;0
17387;France;Federal Shipping;2012;2;0
17388;UK;Federal Shipping;2022;4;0
17389;USA;United Package;2014;0;0
17390;France;Federal Shipping;2017;1;0
17391;Brazil;Speedy Express;2016;3;0
17392;France;Federal Shipping;2016;22;0
17393;Austria;Speedy Express;2021;6;0
17394;Germany;United Package;2021;25;1
17395;Canada;Federal Shipping;2014;4;0
17396;Ireland;Speedy Express;2019;7;1
17397;Belgium;Speedy Express;2021;2;0
17398;USA;Federal Shipping;2014;15;0
17399;France;Federal Shipping;2020;6;1
17400;USA;Speedy Express;2018;5;1
17401;Brazil;United Package;2018;16;0
17402;Norway;Speedy Express;2023;11;1
17403;UK;United Package;2023;16;1
17404;Brazil;United Package;2018;4;0
17405;Brazil;Federal Shipping;2014;1;0
17406;France;Federal Shipping;2015;6;0
17407;Denmark;Speedy Express;2015;22;0
17408;UK;Federal Shipping;2021;2;0
17409;France;Speedy Express;2015;1;0
17410;France;United Package;2014;16;0
17411;USA;Speedy Express;2019;1;0
17412;Canada;Federal Shipping;2013;8;1
17413;Argentina;Federal Shipping;2016;0;0
17414;Ireland;United Package;2018;20;1
17415;Spain;United Package;2022;7;0
17416;Venezuela;United Package;2014;4;0
17417;Germany;United Package;2023;6;0
17418;Germany;Federal Shipping;2017;9;0
17419;UK;Federal Shipping;2015;12;0
17420;Italy;United Package;2020;3;0
17421;Spain;United Package;2020;1;0
17422;Germany;Speedy Express;2012;1;0
17423;France;Federal Shipping;2023;1;0
17424;Finland;Speedy Express;2016;1;0
17425;Spain;United Package;2018;3;0
17426;Austria;United Package;2015;3;0
17427;Brazil;Federal Shipping;2014;15;1
17428;Italy;Speedy Express;2015;6;0
17429;Portugal;Speedy Express;2012;6;0
17430;France;Federal Shipping;2021;9;0
17431;Germany;Federal Shipping;2017;6;1
17432;Germany;Speedy Express;2013;9;0
17433;Belgium;Federal Shipping;2013;13;1
17434;Spain;United Package;2017;1;0
17435;Germany;United Package;2017;5;0
17436;Italy;Speedy Express;2013;0;0
17437;Belgium;United Package;2013;15;0
17438;Austria;Federal Shipping;2016;7;0
17439;USA;Speedy Express;2015;1;0
17440;Portugal;Federal Shipping;2023;1;0
17441;Belgium;Federal Shipping;2016;17;1
17442;France;Speedy Express;2022;11;1
17443;Ireland;Speedy Express;2023;1;0
17444;Sweden;Federal Shipping;2020;1;0
17445;Germany;United Package;2019;13;1
17446;Brazil;Federal Shipping;2022;11;0
17447;Sweden;Federal Shipping;2020;1;0
17448;Spain;Federal Shipping;2020;17;0
17449;Sweden;United Package;2014;19;0
17450;UK;Federal Shipping;2023;2;0
17451;Brazil;Speedy Express;2022;1;0
17452;Brazil;Speedy Express;2022;0;0
17453;Argentina;Federal Shipping;2017;3;0
17454;France;Speedy Express;2018;1;0
17455;Germany;Federal Shipping;2015;6;0
17456;Poland;Federal Shipping;2018;6;0
17457;Brazil;United Package;2016;12;1
17458;Switzerland;Federal Shipping;2016;6;1
17459;Finland;United Package;2023;18;0
17460;Spain;Federal Shipping;2021;1;0
17461;Brazil;Speedy Express;2016;4;0
17462;France;Speedy Express;2022;3;0
17463;Spain;Speedy Express;2013;12;1
17464;UK;United Package;2014;4;0
17465;Brazil;Speedy Express;2015;2;0
17466;Italy;United Package;2018;3;0
17467;Brazil;United Package;2015;6;0
17468;Italy;Speedy Express;2018;6;0
17469;Canada;Speedy Express;2022;2;0
17470;Brazil;United Package;2018;2;0
17471;Germany;United Package;2021;2;1
17472;Venezuela;United Package;2017;0;0
17473;Switzerland;Speedy Express;2023;18;1
17474;Germany;Federal Shipping;2021;9;0
17475;France;United Package;2017;10;1
17476;Finland;Speedy Express;2015;2;0
17477;France;United Package;2013;9;0
17478;Mexico;United Package;2015;26;1
17479;France;Speedy Express;2023;3;0
17480;Brazil;Federal Shipping;2015;15;1
17481;Switzerland;Federal Shipping;2013;3;0
17482;Denmark;United Package;2013;9;1
17483;USA;United Package;2020;14;1
17484;Denmark;Speedy Express;2021;3;0
17485;Austria;Federal Shipping;2016;7;0
17486;Brazil;Speedy Express;2022;4;0
17487;Germany;Speedy Express;2021;27;1
17488;UK;Speedy Express;2019;9;0
17489;Brazil;Speedy Express;2016;3;0
17490;Mexico;Federal Shipping;2021;1;0
17491;Brazil;Speedy Express;2020;27;1
17492;USA;Federal Shipping;2022;2;0
17493;Germany;Speedy Express;2017;13;0
17494;USA;Federal Shipping;2012;1;0
17495;USA;United Package;2015;1;0
17496;France;Federal Shipping;2012;10;0
17497;France;Speedy Express;2020;13;1
17498;USA;United Package;2023;13;0
17499;Germany;Federal Shipping;2021;6;0
17500;Germany;Federal Shipping;2023;26;0
17501;Brazil;Federal Shipping;2012;2;0
17502;USA;United Package;2016;5;0
17503;Germany;United Package;2020;11;0
17504;Brazil;United Package;2017;1;0
17505;Poland;United Package;2016;24;0
17506;USA;Speedy Express;2020;2;0
17507;Canada;United Package;2012;10;0
17508;Germany;United Package;2020;3;0
17509;Germany;Speedy Express;2013;5;0
17510;USA;Speedy Express;2012;3;0
17511;Germany;Speedy Express;2013;1;0
17512;Germany;United Package;2022;1;0
17513;Brazil;Speedy Express;2016;15;0
17514;Norway;United Package;2016;16;0
17515;Italy;United Package;2021;14;0
17516;Spain;Federal Shipping;2012;1;0
17517;Ireland;Speedy Express;2017;6;0
17518;Argentina;United Package;2021;4;0
17519;Germany;United Package;2015;4;0
17520;Austria;Federal Shipping;2015;1;0
17521;Austria;Federal Shipping;2023;0;0
17522;USA;Speedy Express;2018;4;0
17523;Poland;Federal Shipping;2020;4;1
17524;Germany;Speedy Express;2021;6;0
17525;UK;United Package;2016;0;0
17526;Mexico;Speedy Express;2020;5;0
17527;Argentina;Speedy Express;2020;19;1
17528;UK;Federal Shipping;2020;14;0
17529;Brazil;Federal Shipping;2016;3;0
17530;Canada;Federal Shipping;2019;10;0
17531;USA;United Package;2021;16;1
17532;USA;Speedy Express;2015;2;0
17533;Mexico;United Package;2015;2;0
17534;UK;Federal Shipping;2022;0;0
17535;UK;United Package;2015;11;0
17536;Germany;Federal Shipping;2019;5;0
17537;USA;Speedy Express;2012;18;0
17538;France;Federal Shipping;2023;3;0
17539;Austria;United Package;2023;1;0
17540;USA;Speedy Express;2019;10;0
17541;UK;Speedy Express;2023;23;1
17542;UK;Federal Shipping;2016;26;1
17543;Germany;Federal Shipping;2015;20;1
17544;Germany;Speedy Express;2021;0;0
17545;France;Federal Shipping;2018;6;1
17546;Norway;Speedy Express;2022;3;1
17547;France;Speedy Express;2020;18;0
17548;Brazil;Speedy Express;2013;0;0
17549;USA;United Package;2019;10;0
17550;Venezuela;United Package;2022;0;0
17551;Norway;Speedy Express;2021;0;0
17552;USA;United Package;2022;9;0
17553;France;Speedy Express;2013;1;0
17554;Brazil;United Package;2013;7;0
17555;Denmark;Federal Shipping;2020;0;0
17556;France;United Package;2013;7;0
17557;Italy;Speedy Express;2020;1;0
17558;France;Federal Shipping;2017;6;0
17559;Brazil;Federal Shipping;2012;10;0
17560;Spain;Speedy Express;2015;1;0
17561;Venezuela;United Package;2016;1;0
17562;Venezuela;United Package;2021;10;0
17563;France;United Package;2021;13;0
17564;Mexico;Speedy Express;2019;11;0
17565;Germany;Federal Shipping;2021;3;0
17566;Germany;United Package;2021;4;0
17567;Mexico;Speedy Express;2014;6;0
17568;USA;United Package;2015;17;1
17569;Poland;Speedy Express;2015;6;1
17570;Canada;Speedy Express;2019;0;0
17571;Brazil;United Package;2018;13;0
17572;Germany;Federal Shipping;2021;3;0
17573;France;United Package;2016;0;0
17574;Italy;Federal Shipping;2021;8;1
17575;UK;Speedy Express;2019;2;0
17576;Canada;United Package;2023;11;0
17577;Belgium;Speedy Express;2018;2;0
17578;Germany;United Package;2017;1;0
17579;France;Federal Shipping;2013;1;0
17580;France;Federal Shipping;2013;0;0
17581;Spain;United Package;2023;8;0
17582;USA;Federal Shipping;2022;11;0
17583;Argentina;United Package;2022;10;0
17584;Canada;Speedy Express;2015;4;0
17585;USA;Federal Shipping;2017;13;1
17586;France;Speedy Express;2013;5;0
17587;Brazil;Speedy Express;2023;11;0
17588;Germany;Speedy Express;2021;3;0
17589;France;Federal Shipping;2022;19;1
17590;Mexico;United Package;2018;7;0
17591;Germany;Speedy Express;2021;2;0
17592;Italy;United Package;2012;17;1
17593;Austria;Federal Shipping;2014;8;1
17594;Germany;Speedy Express;2015;1;0
17595;Austria;Federal Shipping;2018;1;0
17596;Mexico;United Package;2021;9;0
17597;UK;Speedy Express;2021;7;1
17598;Germany;Federal Shipping;2013;11;1
17599;Italy;Federal Shipping;2015;19;1
17600;Brazil;Speedy Express;2020;3;0
17601;UK;Speedy Express;2021;19;1
17602;UK;Speedy Express;2021;1;0
17603;Mexico;Speedy Express;2016;18;1
17604;Germany;Federal Shipping;2021;20;1
17605;Germany;Speedy Express;2023;0;0
17606;Italy;Federal Shipping;2018;3;0
17607;Mexico;Federal Shipping;2014;2;0
17608;Brazil;United Package;2014;1;0
17609;USA;United Package;2017;3;0
17610;USA;Speedy Express;2021;3;0
17611;USA;Federal Shipping;2023;2;0
17612;USA;Speedy Express;2017;1;0
17613;UK;Federal Shipping;2018;3;0
17614;USA;Speedy Express;2021;1;0
17615;Germany;United Package;2022;5;0
17616;Venezuela;Federal Shipping;2014;1;1
17617;Brazil;United Package;2021;19;1
17618;USA;United Package;2016;17;0
17619;USA;Speedy Express;2014;5;0
17620;Brazil;Speedy Express;2020;19;1
17621;Austria;United Package;2016;10;0
17622;Finland;Federal Shipping;2018;4;0
17623;UK;Federal Shipping;2018;9;0
17624;Germany;United Package;2017;2;0
17625;Spain;United Package;2022;17;0
17626;Argentina;Federal Shipping;2014;13;1
17627;Norway;Speedy Express;2013;28;1
17628;France;Federal Shipping;2023;9;0
17629;Mexico;United Package;2019;8;0
17630;Venezuela;United Package;2014;1;0
17631;Mexico;United Package;2021;16;1
17632;Brazil;Federal Shipping;2021;6;0
17633;USA;Federal Shipping;2016;6;0
17634;Austria;Federal Shipping;2022;10;1
17635;Argentina;United Package;2014;1;0
17636;Germany;Federal Shipping;2015;1;0
17637;Germany;Federal Shipping;2018;11;1
17638;France;United Package;2015;14;0
17639;UK;Federal Shipping;2021;5;0
17640;Austria;Speedy Express;2017;19;1
17641;Italy;Speedy Express;2017;12;0
17642;Germany;United Package;2014;2;1
17643;USA;United Package;2019;4;0
17644;USA;Federal Shipping;2020;1;0
17645;Canada;United Package;2012;3;0
17646;Germany;Speedy Express;2017;4;0
17647;Brazil;Speedy Express;2016;15;1
17648;Germany;United Package;2023;3;0
17649;Mexico;United Package;2017;1;0
17650;Germany;Federal Shipping;2018;24;1
17651;Germany;Federal Shipping;2023;13;0
17652;Italy;Federal Shipping;2022;13;1
17653;Argentina;United Package;2022;8;1
17654;USA;Federal Shipping;2016;7;0
17655;Portugal;Federal Shipping;2019;1;0
17656;USA;Speedy Express;2015;9;0
17657;Germany;United Package;2014;4;0
17658;Canada;United Package;2013;24;1
17659;France;Federal Shipping;2020;9;1
17660;Germany;Speedy Express;2020;4;0
17661;USA;Speedy Express;2015;22;0
17662;Mexico;Speedy Express;2020;13;1
17663;Germany;Speedy Express;2015;4;0
17664;Germany;Federal Shipping;2013;1;0
17665;Canada;United Package;2016;8;0
17666;Spain;Speedy Express;2021;9;0
17667;Mexico;United Package;2023;5;0
17668;Germany;Federal Shipping;2021;3;0
17669;Sweden;Speedy Express;2021;2;0
17670;France;Federal Shipping;2014;2;0
17671;Brazil;Speedy Express;2017;1;0
17672;USA;Federal Shipping;2019;9;0
17673;USA;Speedy Express;2015;25;0
17674;France;Federal Shipping;2015;21;1
17675;Germany;Speedy Express;2017;13;1
17676;Germany;United Package;2021;7;0
17677;Germany;United Package;2013;10;0
17678;Germany;United Package;2014;23;1
17679;Brazil;Federal Shipping;2013;6;1
17680;Mexico;United Package;2023;1;0
17681;Belgium;United Package;2014;11;0
17682;UK;Federal Shipping;2021;2;0
17683;Germany;Speedy Express;2019;4;0
17684;Germany;Speedy Express;2023;12;0
17685;France;United Package;2019;9;0
17686;Brazil;United Package;2012;2;0
17687;Belgium;Speedy Express;2018;8;1
17688;Brazil;Federal Shipping;2023;4;0
17689;UK;United Package;2020;2;0
17690;Germany;United Package;2022;6;1
17691;USA;United Package;2015;11;0
17692;Mexico;United Package;2021;0;0
17693;UK;United Package;2022;12;1
17694;USA;United Package;2013;7;0
17695;Norway;United Package;2017;5;0
17696;UK;Federal Shipping;2023;16;0
17697;France;Federal Shipping;2016;2;0
17698;France;United Package;2020;13;1
17699;Norway;United Package;2016;3;0
17700;France;Federal Shipping;2015;3;0
17701;Denmark;United Package;2018;22;0
17702;USA;Federal Shipping;2016;21;0
17703;Germany;Speedy Express;2016;0;0
17704;Switzerland;Federal Shipping;2013;15;0
17705;Argentina;Speedy Express;2017;21;1
17706;UK;Federal Shipping;2018;2;0
17707;Germany;United Package;2015;3;1
17708;France;United Package;2017;1;0
17709;USA;Speedy Express;2013;0;0
17710;Venezuela;Federal Shipping;2022;7;0
17711;Austria;Federal Shipping;2014;1;0
17712;Belgium;Federal Shipping;2013;1;0
17713;Germany;Federal Shipping;2022;6;0
17714;USA;United Package;2021;14;0
17715;Sweden;Federal Shipping;2022;2;0
17716;USA;Federal Shipping;2017;15;0
17717;UK;Speedy Express;2020;13;0
17718;Italy;Speedy Express;2014;13;0
17719;Austria;United Package;2015;7;0
17720;Brazil;Federal Shipping;2021;15;0
17721;Finland;Speedy Express;2019;6;1
17722;France;Federal Shipping;2020;16;1
17723;France;United Package;2019;19;1
17724;Mexico;United Package;2014;9;0
17725;France;Speedy Express;2020;16;0
17726;Germany;Speedy Express;2012;2;0
17727;Germany;Speedy Express;2015;13;0
17728;France;Speedy Express;2013;17;0
17729;Spain;United Package;2015;6;1
17730;UK;Federal Shipping;2015;12;1
17731;Germany;Speedy Express;2021;17;1
17732;Canada;United Package;2023;0;0
17733;Brazil;Federal Shipping;2013;4;0
17734;Finland;Federal Shipping;2018;19;1
17735;Brazil;Federal Shipping;2018;21;0
17736;USA;United Package;2018;6;0
17737;Brazil;United Package;2013;15;0
17738;Denmark;United Package;2020;28;1
17739;USA;Federal Shipping;2016;4;0
17740;Austria;Federal Shipping;2016;3;1
17741;Switzerland;Federal Shipping;2018;4;0
17742;Mexico;Federal Shipping;2019;0;0
17743;Finland;United Package;2018;19;0
17744;Canada;Federal Shipping;2022;4;0
17745;UK;United Package;2015;10;0
17746;USA;Federal Shipping;2017;2;0
17747;Venezuela;Speedy Express;2020;1;0
17748;France;Speedy Express;2019;4;0
17749;Germany;Federal Shipping;2022;6;0
17750;UK;Speedy Express;2019;2;0
17751;Mexico;United Package;2022;0;0
17752;Belgium;Speedy Express;2014;19;1
17753;Germany;Speedy Express;2015;9;0
17754;USA;United Package;2019;9;1
17755;Sweden;United Package;2017;1;0
17756;Brazil;Federal Shipping;2012;9;0
17757;France;Speedy Express;2014;6;0
17758;Mexico;Federal Shipping;2021;4;0
17759;Germany;Federal Shipping;2019;1;0
17760;France;United Package;2017;7;0
17761;Venezuela;Speedy Express;2014;10;0
17762;Spain;United Package;2018;8;0
17763;Germany;Federal Shipping;2017;3;0
17764;Venezuela;United Package;2019;2;0
17765;Brazil;Speedy Express;2018;3;0
17766;France;United Package;2014;16;0
17767;Sweden;Speedy Express;2022;1;1
17768;Brazil;Speedy Express;2016;6;0
17769;Spain;Federal Shipping;2016;3;0
17770;Brazil;Speedy Express;2014;6;0
17771;UK;United Package;2023;10;0
17772;France;Federal Shipping;2015;10;0
17773;UK;Federal Shipping;2022;10;0
17774;Germany;Federal Shipping;2015;11;1
17775;Switzerland;Speedy Express;2015;0;0
17776;USA;Speedy Express;2021;0;0
17777;Germany;Federal Shipping;2019;25;1
17778;Belgium;Federal Shipping;2017;16;0
17779;USA;United Package;2020;16;1
17780;Germany;Federal Shipping;2015;1;0
17781;UK;United Package;2014;26;0
17782;UK;Speedy Express;2021;12;0
17783;Portugal;United Package;2014;6;0
17784;Switzerland;Federal Shipping;2019;1;0
17785;Venezuela;Federal Shipping;2015;9;0
17786;Mexico;Speedy Express;2015;3;0
17787;USA;United Package;2019;5;0
17788;USA;United Package;2022;8;0
17789;Poland;United Package;2019;8;0
17790;USA;United Package;2017;2;0
17791;France;Speedy Express;2016;1;0
17792;France;Federal Shipping;2022;17;1
17793;USA;Speedy Express;2017;6;0
17794;UK;Speedy Express;2016;0;0
17795;Germany;Speedy Express;2023;4;0
17796;Germany;Speedy Express;2013;12;0
17797;Brazil;United Package;2012;1;0
17798;Germany;Federal Shipping;2020;9;1
17799;Spain;Speedy Express;2015;26;1
17800;USA;Speedy Express;2014;6;0
17801;Belgium;Speedy Express;2023;12;0
17802;Germany;Speedy Express;2015;1;0
17803;Sweden;United Package;2016;10;1
17804;Germany;Federal Shipping;2020;17;1
17805;USA;United Package;2018;4;0
17806;Venezuela;United Package;2021;12;1
17807;Mexico;United Package;2019;23;1
17808;Brazil;Speedy Express;2023;17;1
17809;USA;United Package;2018;2;0
17810;Mexico;Speedy Express;2018;13;1
17811;Mexico;United Package;2015;15;0
17812;Mexico;United Package;2018;0;0
17813;USA;Speedy Express;2013;3;0
17814;Ireland;Speedy Express;2019;7;0
17815;UK;United Package;2023;5;0
17816;Venezuela;Federal Shipping;2022;7;0
17817;UK;Speedy Express;2015;1;0
17818;Mexico;Speedy Express;2018;3;0
17819;Germany;Federal Shipping;2014;19;1
17820;Venezuela;Speedy Express;2020;13;0
17821;USA;Speedy Express;2021;27;0
17822;Belgium;Speedy Express;2022;12;0
17823;USA;Federal Shipping;2023;1;0
17824;UK;Federal Shipping;2013;1;0
17825;UK;Speedy Express;2018;1;0
17826;UK;Speedy Express;2019;9;0
17827;UK;United Package;2017;2;0
17828;Finland;Federal Shipping;2014;5;0
17829;Finland;Speedy Express;2020;9;0
17830;Mexico;United Package;2022;11;0
17831;USA;Speedy Express;2012;13;0
17832;France;United Package;2021;0;0
17833;UK;United Package;2018;1;0
17834;Switzerland;Speedy Express;2020;6;0
17835;Italy;United Package;2020;16;1
17836;Poland;United Package;2013;9;0
17837;Finland;United Package;2021;8;0
17838;Mexico;Speedy Express;2017;8;1
17839;Switzerland;United Package;2014;1;0
17840;UK;Speedy Express;2019;7;0
17841;Mexico;United Package;2019;10;0
17842;Italy;Speedy Express;2021;2;0
17843;Brazil;Federal Shipping;2013;1;0
17844;Germany;United Package;2016;6;0
17845;Germany;Speedy Express;2012;11;0
17846;Germany;United Package;2022;9;1
17847;Austria;Federal Shipping;2017;1;0
17848;Venezuela;Federal Shipping;2016;0;0
17849;USA;United Package;2017;6;0
17850;UK;United Package;2018;4;0
17851;France;Federal Shipping;2021;16;0
17852;France;Federal Shipping;2020;3;0
17853;Canada;Speedy Express;2016;8;0
17854;Venezuela;Speedy Express;2018;0;0
17855;Austria;Speedy Express;2023;0;0
17856;Canada;Federal Shipping;2018;12;1
17857;Portugal;United Package;2015;6;1
17858;UK;United Package;2016;4;0
17859;Mexico;Speedy Express;2015;3;0
17860;USA;Federal Shipping;2022;21;1
17861;Venezuela;Speedy Express;2017;12;1
17862;USA;Speedy Express;2021;12;1
17863;Brazil;Speedy Express;2014;3;0
17864;France;Speedy Express;2023;15;1
17865;Portugal;Federal Shipping;2016;12;1
17866;USA;Federal Shipping;2016;12;1
17867;Germany;Speedy Express;2012;1;0
17868;USA;Speedy Express;2016;6;1
17869;Brazil;Speedy Express;2015;3;0
17870;Italy;United Package;2022;0;0
17871;Germany;Federal Shipping;2022;7;0
17872;Germany;Speedy Express;2022;10;0
17873;USA;United Package;2015;3;0
17874;Mexico;Federal Shipping;2021;12;1
17875;Spain;Federal Shipping;2023;2;0
17876;Poland;United Package;2015;0;0
17877;Germany;United Package;2021;18;0
17878;Italy;Speedy Express;2012;1;0
17879;France;United Package;2022;7;1
17880;UK;United Package;2023;4;0
17881;USA;United Package;2022;21;1
17882;USA;Speedy Express;2018;1;0
17883;Portugal;Federal Shipping;2017;2;0
17884;Mexico;Federal Shipping;2020;1;0
17885;Brazil;Speedy Express;2019;2;0
17886;Italy;Federal Shipping;2020;4;0
17887;Germany;United Package;2014;6;0
17888;France;United Package;2017;2;0
17889;Brazil;United Package;2012;15;1
17890;Germany;Federal Shipping;2021;5;0
17891;Canada;United Package;2012;8;0
17892;UK;United Package;2015;2;0
17893;Brazil;Federal Shipping;2018;20;1
17894;Venezuela;United Package;2014;18;0
17895;Brazil;Speedy Express;2013;1;0
17896;Germany;Speedy Express;2014;1;0
17897;France;Federal Shipping;2023;6;1
17898;Germany;United Package;2013;0;0
17899;Sweden;Federal Shipping;2016;19;1
17900;Italy;Speedy Express;2019;3;1
17901;France;United Package;2021;0;0
17902;Venezuela;United Package;2017;17;0
17903;USA;United Package;2018;1;0
17904;Denmark;Federal Shipping;2021;10;0
17905;Norway;Speedy Express;2020;4;0
17906;Venezuela;Federal Shipping;2015;2;0
17907;Venezuela;United Package;2021;12;0
17908;France;Federal Shipping;2018;5;0
17909;Germany;United Package;2019;2;0
17910;Mexico;Federal Shipping;2022;4;0
17911;Germany;Federal Shipping;2016;15;0
17912;Brazil;Speedy Express;2023;1;0
17913;Venezuela;United Package;2016;1;0
17914;Venezuela;United Package;2021;10;0
17915;Poland;Federal Shipping;2018;9;1
17916;Spain;Federal Shipping;2015;3;0
17917;USA;Speedy Express;2016;2;0
17918;France;United Package;2022;11;0
17919;Brazil;Federal Shipping;2022;1;0
17920;Mexico;United Package;2020;4;0
17921;Germany;Speedy Express;2013;23;0
17922;USA;Speedy Express;2023;8;0
17923;USA;Federal Shipping;2015;1;0
17924;UK;Federal Shipping;2023;1;0
17925;Switzerland;Speedy Express;2019;3;0
17926;Brazil;United Package;2017;8;0
17927;Venezuela;United Package;2015;26;0
17928;France;Federal Shipping;2016;20;0
17929;Germany;United Package;2023;1;0
17930;Brazil;Federal Shipping;2017;4;0
17931;France;United Package;2014;4;0
17932;Argentina;Federal Shipping;2021;0;0
17933;Finland;United Package;2018;15;0
17934;Austria;Federal Shipping;2016;16;1
17935;France;United Package;2019;6;0
17936;Norway;United Package;2019;8;0
17937;Germany;Federal Shipping;2013;3;0
17938;Venezuela;United Package;2018;1;0
17939;Mexico;Speedy Express;2015;5;0
17940;France;Speedy Express;2019;5;1
17941;Finland;Federal Shipping;2021;2;0
17942;Switzerland;Speedy Express;2020;5;0
17943;USA;Federal Shipping;2023;2;0
17944;USA;Speedy Express;2018;2;0
17945;Norway;Federal Shipping;2020;0;0
17946;Sweden;Federal Shipping;2015;0;0
17947;Brazil;United Package;2016;13;1
17948;Ireland;Speedy Express;2012;5;0
17949;UK;Federal Shipping;2020;1;0
17950;Finland;Speedy Express;2023;4;0
17951;USA;United Package;2022;14;0
17952;Argentina;United Package;2022;2;0
17953;France;United Package;2012;4;0
17954;Canada;Federal Shipping;2021;0;0
17955;Spain;Federal Shipping;2022;20;0
17956;Mexico;United Package;2018;4;0
17957;Poland;United Package;2015;6;0
17958;Finland;Federal Shipping;2021;12;0
17959;Brazil;Speedy Express;2016;2;0
17960;UK;Federal Shipping;2013;0;0
17961;Brazil;Speedy Express;2017;2;0
17962;Norway;Speedy Express;2020;4;0
17963;Finland;Federal Shipping;2023;20;0
17964;Germany;United Package;2022;7;0
17965;Germany;United Package;2016;11;0
17966;Germany;United Package;2016;0;0
17967;Finland;United Package;2014;0;0
17968;Spain;Speedy Express;2014;2;0
17969;Mexico;Federal Shipping;2020;10;0
17970;USA;Federal Shipping;2015;7;1
17971;France;United Package;2015;7;1
17972;France;Federal Shipping;2020;5;0
17973;Belgium;United Package;2020;3;0
17974;USA;Federal Shipping;2017;6;0
17975;Italy;United Package;2012;3;0
17976;USA;Speedy Express;2019;3;0
17977;France;Speedy Express;2016;1;0
17978;Brazil;Federal Shipping;2023;2;0
17979;France;Federal Shipping;2021;3;0
17980;Brazil;United Package;2019;23;0
17981;UK;Speedy Express;2013;9;0
17982;Canada;Speedy Express;2019;26;0
17983;Austria;United Package;2020;15;0
17984;USA;Federal Shipping;2019;4;0
17985;Brazil;Speedy Express;2015;7;0
17986;Ireland;Federal Shipping;2014;5;0
17987;France;United Package;2018;3;0
17988;Norway;United Package;2012;4;1
17989;USA;Federal Shipping;2018;6;0
17990;Mexico;Speedy Express;2017;13;0
17991;Germany;Federal Shipping;2016;12;1
17992;France;Speedy Express;2014;0;0
17993;Mexico;Speedy Express;2013;3;0
17994;Brazil;United Package;2015;6;0
17995;USA;Speedy Express;2022;7;1
17996;Venezuela;Speedy Express;2013;2;0
17997;Venezuela;Speedy Express;2014;8;0
17998;Belgium;Federal Shipping;2020;0;0
17999;Belgium;Federal Shipping;2017;5;0
18000;Mexico;Federal Shipping;2015;16;0
18001;USA;Federal Shipping;2023;5;0
18002;Mexico;Federal Shipping;2022;0;0
18003;Finland;Speedy Express;2020;6;0
18004;Argentina;United Package;2023;0;0
18005;USA;Federal Shipping;2017;17;0
18006;UK;United Package;2017;8;0
18007;France;Federal Shipping;2019;2;0
18008;Germany;Speedy Express;2021;7;0
18009;Denmark;Federal Shipping;2013;7;0
18010;Argentina;Speedy Express;2017;5;0
18011;Italy;United Package;2016;1;0
18012;Denmark;United Package;2017;3;0
18013;Spain;Federal Shipping;2013;9;0
18014;Germany;Federal Shipping;2022;3;0
18015;France;Speedy Express;2022;11;1
18016;UK;United Package;2013;4;0
18017;Germany;Speedy Express;2012;5;0
18018;Brazil;Federal Shipping;2016;7;0
18019;Germany;Speedy Express;2012;2;0
18020;France;Speedy Express;2014;1;0
18021;Brazil;Speedy Express;2022;8;0
18022;Brazil;Federal Shipping;2018;11;0
18023;Brazil;Federal Shipping;2023;13;0
18024;Germany;United Package;2018;10;0
18025;France;Speedy Express;2022;13;1
18026;Finland;Federal Shipping;2022;9;0
18027;France;United Package;2021;11;1
18028;Argentina;Federal Shipping;2013;7;0
18029;Portugal;Speedy Express;2015;0;0
18030;Sweden;Speedy Express;2018;18;1
18031;Finland;Federal Shipping;2015;4;0
18032;Austria;United Package;2021;5;0
18033;Denmark;United Package;2021;2;0
18034;UK;Federal Shipping;2019;16;1
18035;UK;Speedy Express;2020;3;0
18036;France;United Package;2020;3;0
18037;Germany;Federal Shipping;2020;8;1
18038;USA;Federal Shipping;2015;1;0
18039;Spain;Federal Shipping;2016;3;0
18040;Germany;Federal Shipping;2021;6;0
18041;Spain;United Package;2015;13;1
18042;Brazil;United Package;2020;10;1
18043;France;Federal Shipping;2012;16;0
18044;Italy;United Package;2023;1;0
18045;France;Speedy Express;2013;14;0
18046;Brazil;Federal Shipping;2014;3;0
18047;USA;Federal Shipping;2021;4;1
18048;UK;Speedy Express;2018;16;0
18049;Portugal;United Package;2023;21;1
18050;Germany;Speedy Express;2014;11;0
18051;Brazil;United Package;2016;2;0
18052;Norway;Federal Shipping;2013;22;1
18053;Belgium;Federal Shipping;2014;3;0
18054;Spain;United Package;2021;2;0
18055;Brazil;United Package;2020;1;0
18056;Argentina;Speedy Express;2019;14;1
18057;USA;United Package;2017;0;0
18058;Mexico;Federal Shipping;2013;8;0
18059;Germany;United Package;2018;3;0
18060;Austria;Federal Shipping;2013;5;0
18061;Mexico;United Package;2019;6;0
18062;Germany;Speedy Express;2022;18;1
18063;Finland;Speedy Express;2021;3;0
18064;Argentina;Federal Shipping;2013;12;0
18065;Brazil;Federal Shipping;2018;3;0
18066;Venezuela;Federal Shipping;2019;6;0
18067;Brazil;Speedy Express;2023;12;0
18068;Canada;Speedy Express;2015;3;1
18069;Brazil;United Package;2014;15;1
18070;Brazil;United Package;2019;17;1
18071;Finland;United Package;2022;26;1
18072;USA;Federal Shipping;2014;9;0
18073;Mexico;Speedy Express;2013;4;0
18074;Canada;Federal Shipping;2016;14;0
18075;France;Speedy Express;2018;20;1
18076;Germany;United Package;2020;21;1
18077;USA;Federal Shipping;2013;3;0
18078;Sweden;Federal Shipping;2020;9;0
18079;USA;Speedy Express;2022;5;0
18080;Brazil;Federal Shipping;2012;12;1
18081;Austria;United Package;2013;5;1
18082;Spain;United Package;2018;3;0
18083;Poland;United Package;2017;9;0
18084;Argentina;Federal Shipping;2021;1;0
18085;UK;Speedy Express;2020;12;0
18086;Switzerland;Federal Shipping;2021;9;0
18087;France;United Package;2016;15;0
18088;Portugal;Federal Shipping;2014;5;0
18089;USA;Federal Shipping;2013;5;0
18090;USA;United Package;2016;9;1
18091;UK;Speedy Express;2016;2;0
18092;Brazil;Speedy Express;2020;11;0
18093;Sweden;Speedy Express;2015;7;0
18094;Portugal;United Package;2015;13;0
18095;Germany;United Package;2015;12;0
18096;Brazil;Speedy Express;2013;19;0
18097;Germany;United Package;2015;0;0
18098;Ireland;Speedy Express;2022;6;0
18099;USA;Federal Shipping;2017;5;0
18100;Germany;United Package;2022;6;0
18101;Argentina;Speedy Express;2020;17;0
18102;Mexico;Speedy Express;2014;5;0
18103;Germany;United Package;2015;27;1
18104;Denmark;United Package;2013;4;0
18105;Brazil;Federal Shipping;2021;8;0
18106;Venezuela;United Package;2013;10;0
18107;Argentina;Speedy Express;2019;1;0
18108;Mexico;United Package;2021;14;1
18109;USA;Speedy Express;2020;4;0
18110;USA;Federal Shipping;2022;0;0
18111;UK;United Package;2020;11;0
18112;Brazil;Federal Shipping;2014;3;1
18113;Portugal;Federal Shipping;2018;5;0
18114;Switzerland;Federal Shipping;2017;11;0
18115;UK;Federal Shipping;2018;10;0
18116;USA;Federal Shipping;2013;2;0
18117;Denmark;Speedy Express;2021;3;0
18118;Mexico;Federal Shipping;2022;22;1
18119;Belgium;Federal Shipping;2016;2;0
18120;Germany;Speedy Express;2019;18;0
18121;Brazil;Speedy Express;2019;13;1
18122;Venezuela;Federal Shipping;2017;2;1
18123;USA;United Package;2012;2;0
18124;Portugal;Federal Shipping;2015;6;0
18125;Brazil;Federal Shipping;2018;21;1
18126;UK;United Package;2018;18;1
18127;Venezuela;Speedy Express;2017;21;1
18128;Canada;Federal Shipping;2016;0;0
18129;Venezuela;Speedy Express;2022;10;0
18130;Canada;Speedy Express;2016;23;1
18131;USA;United Package;2021;5;0
18132;Venezuela;Speedy Express;2020;16;0
18133;USA;Speedy Express;2020;17;1
18134;Germany;Speedy Express;2023;21;0
18135;UK;Federal Shipping;2016;6;0
18136;Spain;Federal Shipping;2021;6;0
18137;Austria;Speedy Express;2020;11;0
18138;Mexico;United Package;2016;3;0
18139;Finland;Federal Shipping;2017;2;0
18140;USA;United Package;2021;6;0
18141;USA;United Package;2014;22;1
18142;USA;Speedy Express;2023;1;0
18143;Canada;Speedy Express;2015;3;1
18144;USA;Speedy Express;2012;15;0
18145;Germany;United Package;2023;5;0
18146;USA;Federal Shipping;2020;3;0
18147;Switzerland;Federal Shipping;2017;9;0
18148;USA;Federal Shipping;2015;9;0
18149;France;Speedy Express;2019;12;1
18150;USA;United Package;2013;4;0
18151;Mexico;Federal Shipping;2019;5;0
18152;Poland;Federal Shipping;2022;1;0
18153;USA;Speedy Express;2015;2;0
18154;Germany;United Package;2022;13;1
18155;France;Speedy Express;2023;0;0
18156;USA;Speedy Express;2018;17;1
18157;Argentina;Speedy Express;2017;1;0
18158;Germany;Federal Shipping;2019;2;0
18159;Germany;Speedy Express;2018;24;1
18160;USA;United Package;2019;1;0
18161;France;Speedy Express;2020;5;1
18162;USA;Federal Shipping;2019;11;0
18163;USA;Speedy Express;2020;12;1
18164;Venezuela;Speedy Express;2022;2;0
18165;Germany;Federal Shipping;2016;2;0
18166;Finland;United Package;2022;22;1
18167;Austria;Federal Shipping;2017;11;0
18168;UK;Speedy Express;2019;7;0
18169;Belgium;United Package;2019;13;0
18170;Portugal;Federal Shipping;2015;1;0
18171;Venezuela;Federal Shipping;2021;14;0
18172;Venezuela;Speedy Express;2022;11;1
18173;France;Federal Shipping;2019;3;0
18174;France;Federal Shipping;2017;10;0
18175;USA;Speedy Express;2016;7;0
18176;Brazil;Federal Shipping;2022;1;0
18177;Ireland;Speedy Express;2021;4;0
18178;USA;Speedy Express;2021;21;1
18179;Spain;Federal Shipping;2013;9;1
18180;Sweden;Federal Shipping;2019;1;0
18181;Spain;Federal Shipping;2012;22;1
18182;Argentina;Federal Shipping;2023;11;0
18183;Spain;United Package;2022;4;0
18184;Mexico;Speedy Express;2023;22;1
18185;Finland;Federal Shipping;2015;17;0
18186;Sweden;Federal Shipping;2021;19;1
18187;Italy;United Package;2021;6;0
18188;Switzerland;Federal Shipping;2019;19;0
18189;Belgium;Speedy Express;2018;22;1
18190;USA;Speedy Express;2016;4;0
18191;Switzerland;United Package;2020;8;1
18192;France;Federal Shipping;2015;7;0
18193;Brazil;United Package;2014;8;1
18194;Argentina;Speedy Express;2022;15;0
18195;Portugal;United Package;2023;0;0
18196;Portugal;Speedy Express;2016;27;1
18197;Portugal;United Package;2017;10;0
18198;Germany;United Package;2022;15;1
18199;Germany;Federal Shipping;2021;5;0
18200;Brazil;United Package;2023;4;0
18201;Canada;Speedy Express;2012;20;1
18202;Canada;United Package;2012;1;0
18203;Argentina;Federal Shipping;2020;11;0
18204;USA;United Package;2013;11;0
18205;Denmark;Speedy Express;2013;9;0
18206;Germany;United Package;2013;28;1
18207;Sweden;United Package;2018;4;0
18208;USA;United Package;2018;2;0
18209;Portugal;United Package;2015;13;0
18210;Sweden;United Package;2021;22;1
18211;Brazil;Federal Shipping;2019;14;0
18212;UK;Speedy Express;2018;2;1
18213;Italy;United Package;2015;18;0
18214;UK;United Package;2015;0;0
18215;Spain;Federal Shipping;2017;12;0
18216;UK;Federal Shipping;2021;8;0
18217;Poland;Federal Shipping;2019;12;1
18218;Venezuela;Federal Shipping;2013;2;0
18219;Germany;Federal Shipping;2023;5;0
18220;Germany;Federal Shipping;2018;5;1
18221;Spain;Speedy Express;2019;1;0
18222;Germany;Speedy Express;2022;19;1
18223;UK;Speedy Express;2021;11;1
18224;Venezuela;Speedy Express;2013;2;0
18225;Germany;Speedy Express;2013;11;0
18226;Germany;Speedy Express;2018;13;1
18227;Argentina;Federal Shipping;2015;2;0
18228;USA;United Package;2022;8;1
18229;Switzerland;Speedy Express;2017;21;1
18230;Spain;Speedy Express;2016;10;0
18231;Brazil;Federal Shipping;2022;28;0
18232;Brazil;Federal Shipping;2014;4;0
18233;USA;Speedy Express;2014;8;1
18234;Mexico;Federal Shipping;2014;3;1
18235;Brazil;Speedy Express;2019;22;1
18236;Germany;Federal Shipping;2020;8;0
18237;France;United Package;2016;5;0
18238;UK;Speedy Express;2021;8;0
18239;USA;Speedy Express;2015;4;0
18240;Brazil;Speedy Express;2017;0;0
18241;Germany;Federal Shipping;2012;5;0
18242;USA;Federal Shipping;2015;1;0
18243;USA;United Package;2022;2;0
18244;Germany;United Package;2022;12;0
18245;Spain;Speedy Express;2016;12;0
18246;Brazil;Federal Shipping;2019;8;0
18247;France;Federal Shipping;2018;2;0
18248;USA;Speedy Express;2021;2;0
18249;Italy;Federal Shipping;2021;1;0
18250;Brazil;Federal Shipping;2019;2;0
18251;Germany;Speedy Express;2015;7;0
18252;Austria;United Package;2018;20;1
18253;Brazil;Speedy Express;2023;8;0
18254;Brazil;United Package;2021;0;0
18255;Mexico;United Package;2015;8;0
18256;Mexico;Speedy Express;2017;6;0
18257;Switzerland;Speedy Express;2016;2;0
18258;Germany;Federal Shipping;2019;5;0
18259;Germany;Speedy Express;2018;7;0
18260;Mexico;Speedy Express;2023;1;0
18261;USA;Federal Shipping;2019;2;0
18262;Argentina;United Package;2018;2;1
18263;Germany;Speedy Express;2022;5;0
18264;UK;Federal Shipping;2022;21;1
18265;Canada;Speedy Express;2021;16;1
18266;Brazil;Federal Shipping;2022;6;0
18267;Poland;Federal Shipping;2016;10;0
18268;France;Federal Shipping;2016;3;1
18269;Mexico;Speedy Express;2022;3;0
18270;USA;Speedy Express;2018;7;1
18271;Spain;United Package;2014;8;0
18272;USA;Speedy Express;2023;18;0
18273;France;Speedy Express;2022;12;1
18274;Venezuela;United Package;2017;16;1
18275;Brazil;Federal Shipping;2017;8;0
18276;Norway;Speedy Express;2020;0;0
18277;Spain;Federal Shipping;2017;21;1
18278;USA;Federal Shipping;2014;6;0
18279;France;Speedy Express;2013;6;0
18280;Denmark;Speedy Express;2017;1;0
18281;Germany;Speedy Express;2020;12;0
18282;Brazil;United Package;2019;4;0
18283;France;United Package;2017;2;0
18284;Ireland;Speedy Express;2015;5;0
18285;Finland;United Package;2022;2;0
18286;France;Speedy Express;2014;4;0
18287;Denmark;Federal Shipping;2020;9;0
18288;Venezuela;Speedy Express;2019;23;0
18289;Venezuela;Speedy Express;2020;6;0
18290;Belgium;Federal Shipping;2015;12;0
18291;USA;Federal Shipping;2016;8;0
18292;France;United Package;2023;2;0
18293;Italy;Federal Shipping;2018;0;0
18294;UK;Federal Shipping;2015;6;0
18295;Denmark;Federal Shipping;2013;3;0
18296;USA;Speedy Express;2016;28;1
18297;Mexico;Federal Shipping;2015;3;0
18298;Germany;Federal Shipping;2023;0;0
18299;Sweden;Federal Shipping;2017;3;0
18300;USA;Federal Shipping;2019;1;0
18301;USA;Federal Shipping;2014;1;0
18302;Portugal;Federal Shipping;2023;5;0
18303;France;Federal Shipping;2013;6;0
18304;Denmark;Federal Shipping;2013;7;1
18305;Germany;Federal Shipping;2016;5;0
18306;UK;Federal Shipping;2018;15;0
18307;Germany;Federal Shipping;2018;11;1
18308;Brazil;United Package;2017;3;0
18309;Belgium;Federal Shipping;2019;16;0
18310;UK;Federal Shipping;2014;19;0
18311;Brazil;United Package;2020;5;1
18312;Germany;Federal Shipping;2012;1;0
18313;France;Federal Shipping;2017;1;0
18314;UK;Federal Shipping;2017;10;0
18315;USA;United Package;2016;7;1
18316;France;Federal Shipping;2022;1;0
18317;Germany;Speedy Express;2020;6;0
18318;Germany;United Package;2017;2;0
18319;Finland;Speedy Express;2023;1;0
18320;Sweden;Speedy Express;2023;3;0
18321;USA;Speedy Express;2015;1;0
18322;USA;Speedy Express;2021;4;0
18323;Argentina;United Package;2022;6;0
18324;Mexico;United Package;2017;5;0
18325;UK;Speedy Express;2013;12;1
18326;UK;United Package;2022;1;0
18327;USA;Speedy Express;2014;10;0
18328;USA;Speedy Express;2021;27;0
18329;Austria;Speedy Express;2013;22;1
18330;Spain;Speedy Express;2023;5;1
18331;Brazil;United Package;2022;1;0
18332;Canada;Federal Shipping;2022;10;1
18333;Germany;Speedy Express;2015;18;0
18334;Germany;Speedy Express;2022;9;0
18335;USA;Federal Shipping;2018;12;0
18336;Brazil;United Package;2016;1;0
18337;USA;Speedy Express;2016;8;0
18338;Austria;Speedy Express;2013;9;1
18339;Argentina;Federal Shipping;2019;1;0
18340;France;Speedy Express;2020;6;0
18341;France;Federal Shipping;2017;7;0
18342;USA;Speedy Express;2018;10;1
18343;Belgium;United Package;2014;2;0
18344;Venezuela;United Package;2019;2;0
18345;Denmark;Speedy Express;2019;21;0
18346;Mexico;Federal Shipping;2023;5;0
18347;France;United Package;2022;3;0
18348;Italy;Federal Shipping;2021;1;0
18349;Germany;Federal Shipping;2014;4;1
18350;France;Federal Shipping;2018;10;1
18351;Austria;United Package;2019;6;0
18352;Finland;Speedy Express;2021;5;0
18353;Italy;Speedy Express;2017;3;0
18354;France;United Package;2017;3;0
18355;Poland;Federal Shipping;2016;1;0
18356;Italy;United Package;2019;4;0
18357;Denmark;Speedy Express;2023;21;1
18358;France;Speedy Express;2013;0;0
18359;Spain;United Package;2023;16;1
18360;Portugal;Federal Shipping;2017;5;0
18361;Germany;Speedy Express;2021;11;0
18362;USA;Federal Shipping;2020;5;0
18363;Sweden;Speedy Express;2018;8;0
18364;Mexico;United Package;2017;12;1
18365;Portugal;Speedy Express;2013;8;1
18366;Canada;United Package;2015;25;1
18367;Spain;Speedy Express;2021;1;0
18368;Finland;United Package;2016;7;0
18369;UK;Speedy Express;2018;1;0
18370;Brazil;Speedy Express;2014;16;1
18371;USA;Speedy Express;2019;6;0
18372;Spain;Federal Shipping;2018;4;1
18373;France;Speedy Express;2015;0;0
18374;France;United Package;2021;10;0
18375;France;Speedy Express;2013;4;0
18376;UK;United Package;2015;25;1
18377;Brazil;Federal Shipping;2022;2;0
18378;Spain;United Package;2023;2;0
18379;Brazil;Federal Shipping;2021;18;1
18380;Mexico;Federal Shipping;2019;21;1
18381;Sweden;Speedy Express;2022;9;0
18382;Sweden;Federal Shipping;2013;12;0
18383;UK;Speedy Express;2015;0;0
18384;Poland;Speedy Express;2022;13;1
18385;USA;United Package;2021;4;0
18386;Germany;Federal Shipping;2018;1;0
18387;Brazil;United Package;2021;4;0
18388;Mexico;United Package;2013;16;0
18389;Venezuela;Federal Shipping;2014;5;1
18390;Belgium;United Package;2017;7;0
18391;France;Federal Shipping;2018;19;1
18392;Portugal;Speedy Express;2013;20;1
18393;Brazil;Federal Shipping;2013;7;1
18394;USA;United Package;2021;4;0
18395;Finland;United Package;2017;11;0
18396;Brazil;United Package;2018;0;0
18397;Argentina;United Package;2019;25;0
18398;USA;United Package;2014;22;1
18399;USA;Speedy Express;2019;10;0
18400;Germany;United Package;2017;5;0
18401;Ireland;Federal Shipping;2019;7;0
18402;Denmark;United Package;2018;4;0
18403;Brazil;Federal Shipping;2012;1;1
18404;USA;Speedy Express;2012;18;0
18405;USA;United Package;2013;4;0
18406;France;Speedy Express;2018;8;0
18407;Finland;Federal Shipping;2014;8;1
18408;Germany;United Package;2012;13;0
18409;Canada;United Package;2013;20;0
18410;USA;Speedy Express;2012;3;0
18411;Brazil;Federal Shipping;2021;16;1
18412;Mexico;Federal Shipping;2022;3;0
18413;Germany;Speedy Express;2020;9;1
18414;Sweden;Federal Shipping;2023;7;1
18415;Brazil;Speedy Express;2019;0;0
18416;Brazil;Federal Shipping;2012;10;0
18417;UK;Speedy Express;2022;13;1
18418;Switzerland;Speedy Express;2016;6;0
18419;Argentina;United Package;2020;16;0
18420;Denmark;Speedy Express;2014;2;0
18421;USA;Speedy Express;2023;14;0
18422;Germany;United Package;2021;3;0
18423;France;Speedy Express;2013;7;0
18424;UK;United Package;2015;4;0
18425;Italy;Speedy Express;2017;17;0
18426;France;Federal Shipping;2020;3;0
18427;Germany;United Package;2012;6;1
18428;Argentina;Federal Shipping;2015;14;0
18429;France;Speedy Express;2012;12;0
18430;Brazil;United Package;2017;18;1
18431;Canada;United Package;2021;10;0
18432;USA;Speedy Express;2014;1;0
18433;Mexico;Speedy Express;2016;12;1
18434;Mexico;United Package;2013;2;0
18435;Germany;Speedy Express;2021;12;1
18436;Brazil;Speedy Express;2021;6;1
18437;Norway;Federal Shipping;2014;5;0
18438;USA;Speedy Express;2021;10;0
18439;UK;Speedy Express;2015;14;0
18440;USA;Federal Shipping;2021;6;1
18441;Brazil;United Package;2012;2;0
18442;France;United Package;2016;4;0
18443;Canada;United Package;2012;0;0
18444;Italy;United Package;2016;14;1
18445;USA;United Package;2020;11;0
18446;Germany;Speedy Express;2019;12;0
18447;Switzerland;Federal Shipping;2019;10;0
18448;Canada;Federal Shipping;2014;11;0
18449;Germany;Federal Shipping;2023;10;0
18450;France;Federal Shipping;2019;16;0
18451;France;Federal Shipping;2021;11;0
18452;Germany;Speedy Express;2023;8;0
18453;Ireland;United Package;2015;14;0
18454;France;Federal Shipping;2022;15;0
18455;USA;Speedy Express;2019;3;0
18456;Ireland;United Package;2012;14;1
18457;Brazil;Federal Shipping;2016;6;1
18458;Venezuela;Federal Shipping;2012;13;0
18459;France;Federal Shipping;2019;11;0
18460;Ireland;Federal Shipping;2021;5;0
18461;Brazil;Speedy Express;2019;5;0
18462;Poland;Speedy Express;2019;0;0
18463;France;Federal Shipping;2022;15;1
18464;USA;Federal Shipping;2022;2;1
18465;Mexico;Speedy Express;2016;1;0
18466;USA;Federal Shipping;2020;18;1
18467;Denmark;United Package;2020;8;0
18468;Venezuela;Federal Shipping;2019;3;0
18469;USA;Speedy Express;2020;3;0
18470;USA;United Package;2022;24;1
18471;Germany;Speedy Express;2013;8;0
18472;Argentina;United Package;2021;1;0
18473;Ireland;Federal Shipping;2017;6;0
18474;France;Speedy Express;2014;5;0
18475;UK;Federal Shipping;2014;11;0
18476;Portugal;United Package;2019;9;0
18477;Mexico;United Package;2013;3;0
18478;UK;Speedy Express;2016;11;0
18479;Portugal;Speedy Express;2016;2;0
18480;UK;Speedy Express;2022;1;0
18481;France;United Package;2018;0;0
18482;Sweden;United Package;2016;4;0
18483;France;United Package;2013;11;0
18484;Germany;Federal Shipping;2020;11;0
18485;USA;Federal Shipping;2013;2;0
18486;Switzerland;Federal Shipping;2014;0;0
18487;UK;Federal Shipping;2023;0;0
18488;Finland;United Package;2020;15;0
18489;Belgium;United Package;2018;1;0
18490;UK;United Package;2019;16;0
18491;Germany;United Package;2017;5;1
18492;Norway;Federal Shipping;2019;6;0
18493;UK;Speedy Express;2015;13;0
18494;Italy;Federal Shipping;2016;24;1
18495;Argentina;Federal Shipping;2015;3;0
18496;Brazil;Federal Shipping;2020;2;0
18497;Germany;United Package;2013;4;0
18498;Italy;Speedy Express;2013;3;0
18499;USA;United Package;2022;8;0
18500;France;Federal Shipping;2014;4;0
18501;Finland;United Package;2018;11;0
18502;Mexico;United Package;2020;7;0
18503;Brazil;United Package;2022;23;1
18504;USA;United Package;2012;5;0
18505;Mexico;Speedy Express;2022;4;0
18506;France;United Package;2014;10;1
18507;France;Speedy Express;2015;14;0
18508;UK;Speedy Express;2020;3;0
18509;Spain;Speedy Express;2018;1;0
18510;Austria;United Package;2014;1;0
18511;Argentina;Federal Shipping;2019;5;0
18512;Brazil;Federal Shipping;2019;8;0
18513;Germany;Speedy Express;2020;16;1
18514;Finland;United Package;2019;10;0
18515;USA;Speedy Express;2014;17;1
18516;Mexico;United Package;2021;13;0
18517;France;Federal Shipping;2023;1;0
18518;Germany;Federal Shipping;2014;1;0
18519;Brazil;Federal Shipping;2018;5;0
18520;Argentina;Federal Shipping;2014;3;0
18521;Germany;Speedy Express;2020;12;0
18522;USA;United Package;2022;9;1
18523;Sweden;Speedy Express;2018;13;1
18524;USA;United Package;2018;12;1
18525;Ireland;Speedy Express;2017;26;1
18526;UK;United Package;2015;17;0
18527;USA;United Package;2016;13;0
18528;Spain;United Package;2017;8;0
18529;France;Speedy Express;2019;22;0
18530;France;United Package;2023;15;1
18531;USA;Speedy Express;2014;15;0
18532;Venezuela;Federal Shipping;2018;9;1
18533;Switzerland;United Package;2014;1;0
18534;France;Speedy Express;2023;7;1
18535;Mexico;Federal Shipping;2019;1;0
18536;Mexico;United Package;2013;11;1
18537;UK;United Package;2022;3;0
18538;Mexico;Speedy Express;2018;20;1
18539;USA;Federal Shipping;2018;11;0
18540;USA;Speedy Express;2014;23;0
18541;Finland;Speedy Express;2015;18;0
18542;France;United Package;2014;23;1
18543;USA;United Package;2018;6;0
18544;Germany;Federal Shipping;2014;20;0
18545;Canada;United Package;2022;13;0
18546;Mexico;Speedy Express;2012;19;1
18547;USA;Federal Shipping;2021;5;0
18548;France;Federal Shipping;2017;0;0
18549;Venezuela;United Package;2014;3;1
18550;France;Speedy Express;2021;7;0
18551;Mexico;Speedy Express;2020;26;1
18552;USA;Federal Shipping;2015;15;1
18553;Poland;Federal Shipping;2021;4;0
18554;Germany;United Package;2015;7;1
18555;USA;Federal Shipping;2018;3;0
18556;Germany;Speedy Express;2016;21;1
18557;Canada;Speedy Express;2018;8;1
18558;Italy;Federal Shipping;2023;12;1
18559;UK;Speedy Express;2012;18;0
18560;Spain;Speedy Express;2014;10;0
18561;Italy;Speedy Express;2023;30;1
18562;USA;United Package;2021;9;0
18563;Austria;Federal Shipping;2022;3;0
18564;France;United Package;2017;2;0
18565;Germany;Federal Shipping;2018;23;1
18566;UK;United Package;2017;2;0
18567;Germany;Speedy Express;2018;0;0
18568;Brazil;Speedy Express;2014;4;0
18569;Belgium;Federal Shipping;2014;3;0
18570;Argentina;United Package;2017;5;0
18571;USA;United Package;2014;20;0
18572;Brazil;United Package;2020;11;0
18573;France;Federal Shipping;2016;3;0
18574;USA;Speedy Express;2016;13;1
18575;Brazil;United Package;2020;4;0
18576;Argentina;Federal Shipping;2020;8;0
18577;Brazil;Federal Shipping;2020;1;0
18578;Denmark;Speedy Express;2013;2;0
18579;France;United Package;2014;26;1
18580;France;Speedy Express;2017;3;1
18581;Switzerland;Speedy Express;2019;7;0
18582;Canada;Federal Shipping;2020;4;0
18583;Brazil;Federal Shipping;2015;1;0
18584;USA;Speedy Express;2019;16;1
18585;France;Federal Shipping;2016;8;0
18586;Sweden;Federal Shipping;2015;11;1
18587;Brazil;Speedy Express;2016;0;0
18588;Austria;Speedy Express;2018;13;0
18589;UK;Speedy Express;2020;2;0
18590;Germany;Federal Shipping;2016;4;0
18591;UK;Speedy Express;2012;14;0
18592;Spain;United Package;2022;27;0
18593;Argentina;United Package;2015;20;1
18594;USA;United Package;2015;12;0
18595;Argentina;Federal Shipping;2020;8;0
18596;Finland;United Package;2016;13;0
18597;Argentina;Speedy Express;2023;11;0
18598;Italy;Speedy Express;2018;6;1
18599;USA;Federal Shipping;2015;4;0
18600;Finland;United Package;2017;10;0
18601;Argentina;Federal Shipping;2016;13;0
18602;Spain;United Package;2021;1;0
18603;Switzerland;Speedy Express;2012;25;1
18604;France;Speedy Express;2016;7;0
18605;Mexico;Federal Shipping;2023;22;1
18606;Belgium;Speedy Express;2016;1;0
18607;Switzerland;United Package;2018;4;0
18608;USA;United Package;2012;7;0
18609;UK;United Package;2013;7;0
18610;Spain;United Package;2020;2;0
18611;France;Federal Shipping;2021;4;0
18612;UK;Speedy Express;2019;7;0
18613;France;United Package;2019;5;1
18614;France;United Package;2020;8;0
18615;Poland;Speedy Express;2021;9;0
18616;Finland;Speedy Express;2021;6;0
18617;Canada;Federal Shipping;2023;11;0
18618;Italy;Federal Shipping;2014;15;1
18619;Brazil;United Package;2020;15;0
18620;Mexico;Federal Shipping;2019;6;0
18621;Poland;Speedy Express;2023;0;0
18622;Brazil;Speedy Express;2018;12;0
18623;France;Speedy Express;2013;2;0
18624;France;United Package;2016;5;0
18625;France;Federal Shipping;2016;12;0
18626;USA;Speedy Express;2012;4;0
18627;Venezuela;Speedy Express;2012;3;0
18628;France;United Package;2020;0;0
18629;UK;Federal Shipping;2019;5;0
18630;Mexico;United Package;2021;5;0
18631;France;Federal Shipping;2018;1;0
18632;Switzerland;Speedy Express;2014;11;1
18633;France;United Package;2021;4;0
18634;USA;Federal Shipping;2014;4;0
18635;Venezuela;Speedy Express;2020;5;0
18636;Brazil;Federal Shipping;2016;11;0
18637;USA;Federal Shipping;2020;3;0
18638;USA;United Package;2018;13;1
18639;Germany;Federal Shipping;2020;1;0
18640;Poland;Federal Shipping;2022;16;0
18641;Venezuela;Speedy Express;2014;0;0
18642;Spain;Federal Shipping;2017;22;1
18643;Poland;United Package;2015;4;0
18644;Poland;Federal Shipping;2014;8;0
18645;USA;Federal Shipping;2016;4;0
18646;Spain;Speedy Express;2015;0;0
18647;USA;United Package;2015;3;0
18648;Spain;Federal Shipping;2021;4;0
18649;France;Federal Shipping;2013;2;0
18650;Switzerland;Speedy Express;2016;11;1
18651;USA;United Package;2020;14;0
18652;Argentina;Federal Shipping;2022;0;0
18653;Brazil;United Package;2015;11;0
18654;Brazil;Speedy Express;2014;16;0
18655;France;United Package;2023;8;0
18656;Germany;United Package;2013;13;1
18657;Venezuela;Federal Shipping;2023;6;1
18658;Italy;Speedy Express;2015;23;1
18659;Mexico;Federal Shipping;2015;24;1
18660;Brazil;Federal Shipping;2021;8;0
18661;France;United Package;2023;14;1
18662;Venezuela;Speedy Express;2015;10;0
18663;Canada;Federal Shipping;2015;9;0
18664;Brazil;Speedy Express;2014;6;1
18665;Venezuela;United Package;2016;9;0
18666;Italy;Speedy Express;2013;2;1
18667;UK;Speedy Express;2017;23;1
18668;France;Federal Shipping;2014;9;0
18669;USA;United Package;2022;9;0
18670;Germany;Federal Shipping;2023;20;1
18671;Argentina;Speedy Express;2023;6;0
18672;Italy;United Package;2016;2;0
18673;Brazil;Federal Shipping;2014;2;1
18674;Germany;Speedy Express;2014;9;0
18675;Germany;United Package;2016;10;1
18676;USA;Federal Shipping;2013;17;0
18677;Switzerland;United Package;2013;4;0
18678;USA;Speedy Express;2014;5;0
18679;Venezuela;United Package;2014;6;1
18680;France;Federal Shipping;2015;7;0
18681;UK;Speedy Express;2023;10;1
18682;USA;Federal Shipping;2023;5;0
18683;Norway;United Package;2019;0;0
18684;France;Federal Shipping;2020;2;0
18685;France;Federal Shipping;2014;1;0
18686;Portugal;Speedy Express;2016;3;1
18687;Brazil;Speedy Express;2022;4;1
18688;Poland;Speedy Express;2022;6;0
18689;Brazil;Speedy Express;2018;4;0
18690;USA;United Package;2019;7;0
18691;Canada;Speedy Express;2022;2;0
18692;Brazil;United Package;2015;5;0
18693;Austria;Speedy Express;2018;29;1
18694;Venezuela;Federal Shipping;2017;10;0
18695;France;Federal Shipping;2012;1;0
18696;UK;United Package;2013;2;0
18697;Brazil;Speedy Express;2013;2;0
18698;USA;Federal Shipping;2015;6;0
18699;Germany;United Package;2014;3;0
18700;Venezuela;United Package;2023;1;0
18701;Brazil;Federal Shipping;2022;9;0
18702;USA;United Package;2020;0;0
18703;USA;Federal Shipping;2017;2;0
18704;Italy;Federal Shipping;2019;15;0
18705;France;United Package;2022;27;1
18706;France;Speedy Express;2017;4;0
18707;Sweden;Federal Shipping;2020;16;0
18708;Mexico;United Package;2016;2;0
18709;Spain;Speedy Express;2023;16;0
18710;Brazil;Speedy Express;2017;3;0
18711;USA;Federal Shipping;2012;6;0
18712;France;United Package;2018;4;0
18713;Germany;Federal Shipping;2022;11;1
18714;Germany;United Package;2022;16;1
18715;Spain;Federal Shipping;2020;3;0
18716;France;United Package;2020;4;1
18717;Denmark;Speedy Express;2023;2;0
18718;Brazil;Federal Shipping;2018;28;0
18719;Switzerland;Speedy Express;2022;0;0
18720;USA;United Package;2022;8;0
18721;Italy;Speedy Express;2023;2;0
18722;Brazil;Federal Shipping;2014;5;0
18723;UK;Federal Shipping;2018;1;0
18724;France;Speedy Express;2014;4;1
18725;Germany;United Package;2021;2;0
18726;Germany;Speedy Express;2022;3;0
18727;USA;Federal Shipping;2013;1;0
18728;Norway;United Package;2015;10;1
18729;USA;United Package;2022;26;1
18730;USA;Speedy Express;2012;2;0
18731;Finland;Speedy Express;2021;2;1
18732;UK;United Package;2021;6;0
18733;Portugal;Federal Shipping;2017;7;0
18734;Brazil;United Package;2020;9;0
18735;Sweden;Federal Shipping;2015;3;0
18736;Spain;United Package;2018;24;1
18737;UK;Speedy Express;2013;4;1
18738;Poland;Federal Shipping;2013;6;0
18739;Portugal;Federal Shipping;2021;5;0
18740;Italy;Federal Shipping;2015;1;0
18741;UK;United Package;2016;2;0
18742;Italy;United Package;2016;1;0
18743;France;Speedy Express;2021;13;1
18744;USA;Federal Shipping;2015;26;0
18745;Germany;Federal Shipping;2016;10;0
18746;Brazil;Speedy Express;2021;15;1
18747;Germany;Speedy Express;2020;5;0
18748;Canada;United Package;2023;3;0
18749;Norway;Speedy Express;2012;1;0
18750;Sweden;Federal Shipping;2023;8;0
18751;Denmark;Speedy Express;2018;21;1
18752;USA;United Package;2013;3;0
18753;Spain;United Package;2019;7;0
18754;USA;Speedy Express;2018;3;0
18755;Italy;Federal Shipping;2022;5;0
18756;Spain;United Package;2022;1;0
18757;Germany;Federal Shipping;2016;7;0
18758;USA;Speedy Express;2019;18;0
18759;UK;Speedy Express;2018;9;0
18760;Italy;United Package;2016;4;0
18761;France;Federal Shipping;2016;2;0
18762;Brazil;United Package;2017;14;1
18763;Finland;Speedy Express;2015;9;0
18764;Finland;Federal Shipping;2017;5;0
18765;USA;Federal Shipping;2020;17;0
18766;France;Speedy Express;2020;19;1
18767;Brazil;United Package;2021;1;0
18768;Poland;Speedy Express;2018;23;1
18769;Germany;Federal Shipping;2022;0;0
18770;Venezuela;United Package;2017;1;0
18771;Brazil;Speedy Express;2015;8;1
18772;France;United Package;2022;0;0
18773;Brazil;Federal Shipping;2013;5;0
18774;Portugal;Speedy Express;2017;4;0
18775;Norway;United Package;2022;12;0
18776;France;Speedy Express;2021;12;0
18777;Mexico;United Package;2013;1;0
18778;Mexico;United Package;2022;4;0
18779;USA;United Package;2021;4;0
18780;Belgium;Federal Shipping;2019;10;0
18781;Mexico;Federal Shipping;2015;4;0
18782;France;Speedy Express;2017;0;0
18783;France;Federal Shipping;2014;2;0
18784;Argentina;Federal Shipping;2018;8;0
18785;France;Federal Shipping;2020;3;0
18786;Canada;Speedy Express;2021;7;1
18787;UK;Speedy Express;2016;0;0
18788;Germany;Speedy Express;2018;17;0
18789;France;United Package;2022;5;0
18790;Austria;Federal Shipping;2012;25;1
18791;UK;United Package;2023;20;0
18792;France;United Package;2014;3;0
18793;USA;Federal Shipping;2021;24;1
18794;USA;Speedy Express;2021;2;1
18795;Germany;Speedy Express;2019;15;0
18796;Brazil;Federal Shipping;2019;11;0
18797;Poland;United Package;2018;1;0
18798;Argentina;Federal Shipping;2017;10;1
18799;Italy;Federal Shipping;2016;1;0
18800;Canada;Federal Shipping;2021;8;0
18801;Brazil;United Package;2012;9;0
18802;Denmark;United Package;2018;4;0
18803;France;Federal Shipping;2016;1;0
18804;France;Speedy Express;2017;11;0
18805;Canada;United Package;2021;2;0
18806;Brazil;Federal Shipping;2018;1;0
18807;Spain;Federal Shipping;2015;8;0
18808;Mexico;Federal Shipping;2012;1;0
18809;France;United Package;2016;11;0
18810;Brazil;Federal Shipping;2018;4;1
18811;USA;United Package;2022;4;0
18812;Germany;Speedy Express;2012;8;0
18813;Sweden;United Package;2021;20;1
18814;Germany;Federal Shipping;2016;3;0
18815;Germany;Federal Shipping;2015;3;0
18816;UK;Federal Shipping;2019;3;1
18817;Ireland;United Package;2015;2;1
18818;Brazil;United Package;2012;22;0
18819;Sweden;Speedy Express;2019;19;1
18820;Denmark;United Package;2023;24;1
18821;UK;Federal Shipping;2020;1;0
18822;Sweden;United Package;2021;1;0
18823;France;United Package;2019;0;0
18824;Brazil;Speedy Express;2019;1;0
18825;Canada;Federal Shipping;2012;1;0
18826;USA;Federal Shipping;2022;13;1
18827;Finland;Speedy Express;2013;9;0
18828;Poland;Federal Shipping;2018;1;0
18829;Brazil;Speedy Express;2015;12;0
18830;Sweden;United Package;2013;2;0
18831;Germany;United Package;2019;17;0
18832;USA;Federal Shipping;2016;11;1
18833;Germany;United Package;2012;4;0
18834;Ireland;Speedy Express;2016;10;0
18835;Mexico;Federal Shipping;2014;11;0
18836;USA;Speedy Express;2016;13;0
18837;Sweden;Federal Shipping;2017;14;0
18838;Brazil;Speedy Express;2017;5;0
18839;Brazil;United Package;2019;0;0
18840;France;United Package;2014;0;0
18841;USA;Federal Shipping;2015;11;1
18842;USA;United Package;2022;3;0
18843;Venezuela;Speedy Express;2022;3;0
18844;Finland;United Package;2013;1;0
18845;Brazil;Speedy Express;2014;0;0
18846;France;Speedy Express;2019;12;1
18847;Sweden;United Package;2021;3;0
18848;France;United Package;2018;26;0
18849;Spain;Federal Shipping;2014;12;0
18850;Germany;Federal Shipping;2018;10;0
18851;Germany;Speedy Express;2021;13;0
18852;UK;Federal Shipping;2015;1;0
18853;Spain;United Package;2022;7;0
18854;Brazil;Federal Shipping;2012;26;1
18855;Spain;Speedy Express;2019;4;0
18856;USA;United Package;2022;15;1
18857;France;Federal Shipping;2022;4;0
18858;Germany;United Package;2014;3;0
18859;USA;Federal Shipping;2017;6;0
18860;France;Speedy Express;2017;8;0
18861;France;United Package;2020;4;0
18862;USA;Speedy Express;2015;1;0
18863;Denmark;United Package;2018;9;1
18864;USA;Federal Shipping;2019;0;0
18865;Germany;Speedy Express;2020;5;0
18866;Sweden;Federal Shipping;2013;1;0
18867;Mexico;Speedy Express;2022;18;1
18868;Germany;United Package;2023;6;0
18869;USA;Speedy Express;2019;0;0
18870;France;United Package;2020;15;1
18871;USA;United Package;2020;10;0
18872;France;Speedy Express;2019;17;0
18873;Italy;Federal Shipping;2019;5;0
18874;Mexico;United Package;2016;10;1
18875;USA;United Package;2015;1;0
18876;Argentina;Federal Shipping;2016;11;0
18877;UK;Speedy Express;2018;11;0
18878;France;United Package;2022;2;0
18879;UK;United Package;2015;3;0
18880;Germany;Speedy Express;2014;5;0
18881;Belgium;United Package;2020;11;0
18882;France;Federal Shipping;2013;3;0
18883;Spain;United Package;2021;1;0
18884;Brazil;Federal Shipping;2022;2;0
18885;Brazil;United Package;2019;0;0
18886;USA;Speedy Express;2012;12;0
18887;Germany;United Package;2015;3;0
18888;USA;United Package;2021;1;0
18889;USA;Federal Shipping;2022;0;0
18890;Portugal;United Package;2017;11;0
18891;Brazil;Federal Shipping;2019;0;0
18892;Norway;Speedy Express;2022;1;1
18893;UK;United Package;2015;13;0
18894;France;Speedy Express;2022;16;0
18895;USA;Speedy Express;2017;0;0
18896;USA;Federal Shipping;2020;6;0
18897;UK;United Package;2020;23;1
18898;Argentina;Federal Shipping;2018;1;0
18899;UK;Federal Shipping;2013;16;1
18900;USA;Speedy Express;2018;28;0
18901;USA;United Package;2022;2;0
18902;USA;United Package;2013;4;0
18903;Venezuela;Federal Shipping;2015;14;0
18904;Mexico;Federal Shipping;2017;10;0
18905;Brazil;Speedy Express;2012;7;0
18906;Germany;United Package;2020;2;0
18907;Spain;Speedy Express;2020;6;0
18908;Germany;Federal Shipping;2018;4;0
18909;France;Federal Shipping;2013;0;0
18910;Mexico;Speedy Express;2013;9;1
18911;Ireland;Federal Shipping;2016;4;0
18912;Mexico;United Package;2016;23;1
18913;Germany;Federal Shipping;2020;11;0
18914;Finland;Federal Shipping;2014;15;0
18915;Argentina;Speedy Express;2019;3;0
18916;Mexico;Federal Shipping;2021;1;0
18917;Mexico;Federal Shipping;2017;8;0
18918;Denmark;Speedy Express;2013;4;1
18919;France;Speedy Express;2013;0;0
18920;France;Speedy Express;2022;4;0
18921;Switzerland;Speedy Express;2019;9;0
18922;Germany;United Package;2016;15;0
18923;Brazil;United Package;2021;18;0
18924;France;Federal Shipping;2012;5;0
18925;USA;Federal Shipping;2017;2;0
18926;Switzerland;United Package;2016;3;0
18927;UK;Speedy Express;2021;25;0
18928;Brazil;Speedy Express;2012;1;0
18929;USA;United Package;2014;0;0
18930;USA;United Package;2016;17;1
18931;Germany;Speedy Express;2020;2;0
18932;Germany;Speedy Express;2020;1;0
18933;Venezuela;United Package;2019;1;0
18934;Belgium;United Package;2015;8;0
18935;Italy;Speedy Express;2018;4;0
18936;UK;Speedy Express;2012;5;0
18937;Canada;Federal Shipping;2020;0;0
18938;Brazil;United Package;2016;3;1
18939;Brazil;Speedy Express;2013;3;0
18940;Germany;United Package;2023;17;0
18941;Venezuela;Federal Shipping;2020;19;1
18942;Germany;Federal Shipping;2017;13;1
18943;Brazil;Speedy Express;2018;1;0
18944;USA;Speedy Express;2019;4;0
18945;France;Federal Shipping;2017;8;0
18946;Mexico;Federal Shipping;2013;3;0
18947;Canada;United Package;2019;9;0
18948;Switzerland;Speedy Express;2012;0;0
18949;France;Federal Shipping;2020;2;0
18950;USA;Speedy Express;2019;16;0
18951;Italy;United Package;2014;17;1
18952;France;United Package;2018;0;0
18953;Venezuela;Federal Shipping;2017;13;0
18954;France;Federal Shipping;2020;4;0
18955;Brazil;Speedy Express;2023;10;0
18956;Sweden;Speedy Express;2019;3;0
18957;Brazil;Speedy Express;2015;10;0
18958;France;United Package;2022;10;0
18959;Germany;United Package;2015;12;1
18960;Canada;Federal Shipping;2015;13;0
18961;USA;Speedy Express;2015;12;0
18962;Finland;Speedy Express;2014;10;1
18963;UK;United Package;2016;0;0
18964;Sweden;Federal Shipping;2022;0;0
18965;Germany;Federal Shipping;2019;28;1
18966;France;Speedy Express;2018;1;0
18967;USA;Speedy Express;2020;6;0
18968;Germany;Federal Shipping;2014;2;0
18969;Venezuela;Federal Shipping;2016;1;0
18970;France;Speedy Express;2014;7;0
18971;France;United Package;2018;9;0
18972;Germany;Federal Shipping;2022;5;0
18973;Spain;United Package;2017;18;0
18974;Spain;United Package;2017;0;0
18975;UK;Speedy Express;2023;0;0
18976;UK;Federal Shipping;2018;20;0
18977;USA;Speedy Express;2012;6;0
18978;USA;United Package;2021;18;1
18979;Finland;Federal Shipping;2019;4;0
18980;Brazil;Speedy Express;2020;0;0
18981;Brazil;United Package;2013;6;0
18982;UK;United Package;2020;7;0
18983;Belgium;Federal Shipping;2020;1;1
18984;Argentina;Federal Shipping;2017;1;0
18985;Brazil;United Package;2018;17;0
18986;Switzerland;Federal Shipping;2015;7;0
18987;Germany;Federal Shipping;2020;11;0
18988;Finland;Federal Shipping;2013;16;1
18989;USA;Federal Shipping;2022;1;0
18990;Austria;Federal Shipping;2021;10;0
18991;Spain;United Package;2018;3;0
18992;Argentina;Federal Shipping;2019;25;0
18993;Argentina;Federal Shipping;2018;16;1
18994;Norway;United Package;2012;6;0
18995;Ireland;Federal Shipping;2018;9;0
18996;Ireland;Federal Shipping;2018;3;0
18997;France;Federal Shipping;2023;14;0
18998;UK;United Package;2014;11;0
18999;Brazil;Federal Shipping;2018;14;0
19000;France;Speedy Express;2019;11;0
19001;Mexico;Speedy Express;2019;1;0
19002;Canada;Speedy Express;2015;13;0
19003;Ireland;Speedy Express;2013;15;1
19004;Germany;Federal Shipping;2017;0;0
19005;USA;Federal Shipping;2022;28;1
19006;Italy;United Package;2018;21;1
19007;Germany;Federal Shipping;2023;10;1
19008;Switzerland;Speedy Express;2016;28;1
19009;France;Federal Shipping;2020;0;0
19010;Germany;Speedy Express;2018;11;0
19011;Finland;Speedy Express;2017;2;0
19012;Poland;United Package;2022;19;0
19013;Denmark;Speedy Express;2017;13;0
19014;UK;Speedy Express;2014;3;0
19015;USA;Federal Shipping;2015;1;0
19016;Germany;United Package;2013;0;0
19017;USA;Speedy Express;2013;9;0
19018;Italy;Speedy Express;2013;2;0
19019;Belgium;Federal Shipping;2013;17;0
19020;Brazil;United Package;2016;14;0
19021;Norway;Speedy Express;2020;4;0
19022;Brazil;United Package;2013;11;0
19023;Germany;Speedy Express;2015;0;0
19024;USA;Federal Shipping;2022;10;0
19025;UK;Speedy Express;2015;2;0
19026;USA;Speedy Express;2015;0;0
19027;Italy;United Package;2016;18;1
19028;Germany;Speedy Express;2019;9;0
19029;France;Federal Shipping;2018;3;0
19030;France;United Package;2015;12;0
19031;Brazil;United Package;2019;5;0
19032;Germany;Federal Shipping;2018;3;0
19033;USA;United Package;2023;16;0
19034;Argentina;Speedy Express;2023;1;0
19035;France;Speedy Express;2015;16;0
19036;France;United Package;2016;3;0
19037;UK;Federal Shipping;2013;9;0
19038;Ireland;Federal Shipping;2015;19;1
19039;France;Speedy Express;2016;9;0
19040;France;United Package;2013;9;1
19041;UK;Speedy Express;2020;13;0
19042;UK;United Package;2016;22;1
19043;France;Federal Shipping;2021;18;0
19044;USA;Speedy Express;2015;6;0
19045;Spain;United Package;2021;12;0
19046;Germany;Speedy Express;2015;3;0
19047;UK;Speedy Express;2016;10;0
19048;Italy;Speedy Express;2016;13;1
19049;USA;Federal Shipping;2013;5;0
19050;Spain;Speedy Express;2019;8;1
19051;France;United Package;2018;13;0
19052;Argentina;Federal Shipping;2023;5;0
19053;Spain;United Package;2013;12;1
19054;Germany;Federal Shipping;2018;1;0
19055;USA;Speedy Express;2021;2;0
19056;Italy;United Package;2013;7;1
19057;Brazil;Speedy Express;2017;1;0
19058;France;Speedy Express;2013;30;1
19059;Germany;United Package;2019;0;0
19060;Germany;Federal Shipping;2016;16;1
19061;Canada;United Package;2017;3;0
19062;USA;Speedy Express;2013;6;0
19063;Brazil;United Package;2015;13;1
19064;USA;United Package;2012;28;0
19065;Germany;United Package;2021;15;0
19066;France;Speedy Express;2012;12;0
19067;Brazil;United Package;2019;0;0
19068;Finland;Federal Shipping;2019;3;0
19069;Argentina;Federal Shipping;2020;2;0
19070;Mexico;Speedy Express;2014;4;1
19071;Germany;United Package;2018;2;0
19072;France;Speedy Express;2022;7;0
19073;Germany;United Package;2022;2;0
19074;UK;Federal Shipping;2012;12;0
19075;Germany;Federal Shipping;2014;3;0
19076;UK;United Package;2021;3;0
19077;USA;Federal Shipping;2012;1;0
19078;UK;Federal Shipping;2023;18;1
19079;Venezuela;Federal Shipping;2015;8;0
19080;Venezuela;Federal Shipping;2015;17;0
19081;USA;Federal Shipping;2016;1;0
19082;France;Speedy Express;2014;14;1
19083;France;Federal Shipping;2018;1;0
19084;Spain;United Package;2016;0;0
19085;USA;Federal Shipping;2022;1;0
19086;Spain;United Package;2016;0;0
19087;Venezuela;Federal Shipping;2021;13;1
19088;Germany;United Package;2015;0;0
19089;Brazil;Speedy Express;2014;2;1
19090;Canada;Federal Shipping;2015;6;0
19091;Poland;Federal Shipping;2013;13;1
19092;Germany;United Package;2015;1;0
19093;Brazil;Speedy Express;2013;18;0
19094;Venezuela;United Package;2013;8;0
19095;Germany;Speedy Express;2013;12;0
19096;UK;United Package;2019;16;1
19097;USA;United Package;2023;17;0
19098;Germany;Federal Shipping;2016;17;0
19099;Austria;Speedy Express;2014;9;0
19100;Italy;United Package;2020;1;0
19101;USA;Federal Shipping;2023;2;0
19102;Canada;Federal Shipping;2017;1;0
19103;Italy;Federal Shipping;2020;5;0
19104;Germany;Speedy Express;2015;0;0
19105;USA;United Package;2021;22;0
19106;USA;Speedy Express;2023;3;0
19107;Spain;Federal Shipping;2019;7;0
19108;Portugal;United Package;2014;11;1
19109;Spain;Federal Shipping;2013;5;1
19110;USA;Speedy Express;2015;2;0
19111;USA;Speedy Express;2022;2;0
19112;USA;Speedy Express;2013;15;1
19113;Brazil;United Package;2015;17;0
19114;Germany;Speedy Express;2022;4;0
19115;USA;United Package;2022;6;0
19116;Finland;United Package;2020;0;0
19117;Brazil;Speedy Express;2021;4;0
19118;France;United Package;2013;20;1
19119;Spain;United Package;2020;2;0
19120;UK;Speedy Express;2023;3;0
19121;Brazil;Federal Shipping;2012;1;0
19122;Germany;Federal Shipping;2019;12;0
19123;Brazil;United Package;2023;11;1
19124;Brazil;Federal Shipping;2023;2;0
19125;USA;Speedy Express;2016;1;0
19126;Italy;United Package;2023;2;0
19127;UK;Speedy Express;2023;19;1
19128;Poland;Federal Shipping;2016;2;0
19129;USA;Speedy Express;2023;1;0
19130;France;United Package;2014;15;1
19131;Argentina;United Package;2018;17;0
19132;Venezuela;United Package;2017;3;0
19133;USA;Federal Shipping;2019;1;0
19134;Portugal;Speedy Express;2023;14;0
19135;Portugal;Federal Shipping;2017;5;0
19136;Germany;Federal Shipping;2018;11;0
19137;USA;United Package;2022;0;0
19138;UK;Federal Shipping;2017;5;0
19139;France;Federal Shipping;2015;7;0
19140;Argentina;Federal Shipping;2019;19;1
19141;Italy;United Package;2020;3;0
19142;USA;United Package;2019;10;1
19143;Canada;United Package;2022;9;1
19144;France;Speedy Express;2016;22;1
19145;Venezuela;Federal Shipping;2022;19;1
19146;Argentina;United Package;2022;23;1
19147;Switzerland;Speedy Express;2014;0;0
19148;Ireland;Federal Shipping;2013;6;0
19149;Canada;United Package;2021;1;0
19150;Sweden;United Package;2015;17;1
19151;Germany;Speedy Express;2021;1;0
19152;Germany;Federal Shipping;2020;7;0
19153;France;Speedy Express;2015;14;0
19154;Mexico;United Package;2021;3;0
19155;Brazil;Speedy Express;2014;22;1
19156;UK;Federal Shipping;2016;12;0
19157;Brazil;United Package;2014;13;1
19158;France;United Package;2012;5;0
19159;Sweden;Speedy Express;2019;3;0
19160;Germany;Federal Shipping;2015;5;0
19161;Germany;United Package;2017;2;0
19162;Venezuela;United Package;2023;4;1
19163;Belgium;United Package;2015;25;0
19164;UK;Federal Shipping;2014;2;0
19165;UK;United Package;2022;6;0
19166;Argentina;Speedy Express;2015;22;1
19167;Denmark;Federal Shipping;2015;8;0
19168;France;United Package;2020;0;0
19169;Spain;Speedy Express;2017;0;0
19170;Belgium;Speedy Express;2021;8;0
19171;USA;Federal Shipping;2016;0;0
19172;Switzerland;Speedy Express;2012;1;0
19173;Brazil;Federal Shipping;2018;25;1
19174;Spain;Federal Shipping;2013;28;1
19175;USA;Speedy Express;2023;9;0
19176;Mexico;Federal Shipping;2016;6;0
19177;Argentina;Federal Shipping;2017;9;0
19178;Germany;United Package;2015;24;0
19179;Switzerland;Speedy Express;2023;18;0
19180;Spain;Speedy Express;2020;0;0
19181;UK;United Package;2012;3;0
19182;Portugal;United Package;2014;6;1
19183;Denmark;United Package;2023;15;0
19184;Brazil;Federal Shipping;2013;4;0
19185;Spain;Speedy Express;2012;10;0
19186;USA;Speedy Express;2018;4;0
19187;UK;Speedy Express;2017;12;0
19188;USA;Speedy Express;2023;12;0
19189;Canada;United Package;2022;16;0
19190;France;Speedy Express;2012;5;0
19191;France;Speedy Express;2021;6;0
19192;Venezuela;Federal Shipping;2023;11;0
19193;France;Speedy Express;2023;3;1
19194;USA;Federal Shipping;2013;1;0
19195;Germany;Speedy Express;2014;10;1
19196;Belgium;Federal Shipping;2012;12;1
19197;France;Speedy Express;2021;15;1
19198;France;United Package;2016;6;0
19199;Argentina;United Package;2016;4;0
19200;Brazil;United Package;2022;11;1
19201;Argentina;Speedy Express;2020;18;1
19202;Brazil;Federal Shipping;2021;11;0
19203;France;Federal Shipping;2018;6;0
19204;Argentina;Speedy Express;2014;7;0
19205;USA;United Package;2017;8;0
19206;UK;United Package;2021;21;1
19207;Spain;United Package;2013;15;0
19208;Germany;Speedy Express;2016;23;0
19209;Brazil;United Package;2022;1;0
19210;Canada;Speedy Express;2014;2;0
19211;Germany;Speedy Express;2016;5;0
19212;France;United Package;2017;2;0
19213;Norway;Federal Shipping;2023;9;0
19214;Finland;United Package;2012;8;0
19215;Austria;United Package;2014;0;0
19216;Portugal;United Package;2013;11;0
19217;France;United Package;2020;3;1
19218;France;Federal Shipping;2014;20;1
19219;Germany;Federal Shipping;2021;6;0
19220;Denmark;United Package;2019;2;0
19221;USA;United Package;2017;11;1
19222;Spain;Federal Shipping;2015;7;0
19223;Germany;Federal Shipping;2017;15;1
19224;Germany;Federal Shipping;2015;22;1
19225;Ireland;Speedy Express;2021;5;1
19226;Italy;United Package;2022;0;0
19227;USA;Speedy Express;2018;29;0
19228;Venezuela;Speedy Express;2018;4;0
19229;Denmark;Speedy Express;2019;6;1
19230;Venezuela;Federal Shipping;2017;0;0
19231;Mexico;Federal Shipping;2017;15;0
19232;Mexico;Federal Shipping;2019;2;0
19233;USA;United Package;2014;1;0
19234;Sweden;Speedy Express;2019;5;0
19235;Brazil;Speedy Express;2020;2;0
19236;Canada;Speedy Express;2014;8;0
19237;Italy;United Package;2018;3;0
19238;USA;Speedy Express;2015;1;0
19239;Spain;Speedy Express;2016;3;0
19240;USA;Speedy Express;2018;17;0
19241;Mexico;Federal Shipping;2021;2;0
19242;France;Speedy Express;2018;6;0
19243;Brazil;Federal Shipping;2017;6;0
19244;Brazil;Federal Shipping;2013;1;0
19245;Brazil;Speedy Express;2014;12;1
19246;Austria;Speedy Express;2014;5;1
19247;Brazil;Speedy Express;2018;15;1
19248;UK;United Package;2019;17;1
19249;France;Federal Shipping;2021;21;1
19250;USA;Speedy Express;2020;0;0
19251;Argentina;United Package;2017;4;0
19252;Canada;Speedy Express;2018;11;0
19253;UK;Federal Shipping;2019;1;0
19254;France;Federal Shipping;2015;3;0
19255;Canada;Federal Shipping;2023;15;1
19256;Argentina;Speedy Express;2015;7;0
19257;Sweden;United Package;2022;4;0
19258;USA;United Package;2012;20;1
19259;Austria;Speedy Express;2017;6;1
19260;UK;Speedy Express;2022;3;0
19261;Germany;United Package;2021;3;0
19262;Venezuela;Speedy Express;2020;3;0
19263;Germany;Speedy Express;2022;6;0
19264;Belgium;Speedy Express;2014;2;0
19265;Brazil;Speedy Express;2015;12;0
19266;Brazil;Federal Shipping;2019;3;0
19267;Venezuela;Federal Shipping;2013;1;0
19268;Venezuela;Speedy Express;2020;14;1
19269;Belgium;Speedy Express;2015;13;0
19270;Mexico;Federal Shipping;2017;4;0
19271;Mexico;Speedy Express;2019;6;0
19272;Sweden;Speedy Express;2023;21;1
19273;Italy;Speedy Express;2018;1;0
19274;Germany;United Package;2013;1;0
19275;Germany;United Package;2022;4;0
19276;USA;United Package;2021;3;0
19277;Sweden;Speedy Express;2013;11;0
19278;Germany;United Package;2016;0;0
19279;USA;Federal Shipping;2021;3;1
19280;USA;Federal Shipping;2013;21;1
19281;Finland;United Package;2021;10;0
19282;UK;United Package;2016;8;0
19283;Brazil;United Package;2022;6;0
19284;Brazil;United Package;2015;7;0
19285;Belgium;United Package;2020;11;0
19286;France;United Package;2015;6;0
19287;Spain;Federal Shipping;2023;10;1
19288;Mexico;Speedy Express;2012;1;0
19289;USA;Federal Shipping;2012;8;0
19290;Finland;Federal Shipping;2017;13;1
19291;USA;United Package;2013;5;0
19292;Finland;United Package;2019;0;0
19293;USA;United Package;2020;9;1
19294;Denmark;Federal Shipping;2022;1;0
19295;USA;Federal Shipping;2016;4;0
19296;France;Speedy Express;2014;3;0
19297;Argentina;United Package;2014;9;1
19298;Canada;United Package;2018;13;1
19299;USA;Speedy Express;2015;13;0
19300;Sweden;Federal Shipping;2022;5;0
19301;Canada;Federal Shipping;2015;6;0
19302;Venezuela;Federal Shipping;2021;3;0
19303;France;United Package;2012;4;0
19304;Belgium;United Package;2020;6;0
19305;France;United Package;2016;2;0
19306;Spain;United Package;2019;1;0
19307;Germany;Federal Shipping;2020;1;0
19308;France;Federal Shipping;2015;1;0
19309;Mexico;United Package;2023;2;0
19310;France;United Package;2020;7;1
19311;Brazil;Speedy Express;2022;10;0
19312;Germany;United Package;2020;5;0
19313;France;Speedy Express;2015;22;1
19314;UK;Speedy Express;2023;3;0
19315;France;Federal Shipping;2012;13;1
19316;France;United Package;2023;2;0
19317;Mexico;United Package;2020;7;0
19318;Venezuela;Federal Shipping;2013;1;0
19319;Italy;Federal Shipping;2022;2;0
19320;USA;Speedy Express;2019;1;0
19321;Brazil;Speedy Express;2023;5;0
19322;Mexico;United Package;2013;20;1
19323;Brazil;Speedy Express;2023;0;0
19324;UK;Federal Shipping;2014;9;0
19325;Germany;Federal Shipping;2015;6;0
19326;Portugal;United Package;2013;4;1
19327;Brazil;Federal Shipping;2012;13;0
19328;Germany;Speedy Express;2020;11;0
19329;Brazil;Speedy Express;2013;6;0
19330;USA;Speedy Express;2023;9;0
19331;Spain;United Package;2019;15;0
19332;France;United Package;2013;4;0
19333;Belgium;Speedy Express;2016;24;1
19334;Norway;United Package;2021;11;1
19335;USA;United Package;2012;4;0
19336;Mexico;Speedy Express;2014;9;0
19337;Portugal;Speedy Express;2017;6;0
19338;Germany;United Package;2016;3;1
19339;Ireland;Speedy Express;2021;3;0
19340;Germany;United Package;2023;10;1
19341;Germany;United Package;2016;3;0
19342;USA;Speedy Express;2022;24;1
19343;Brazil;United Package;2018;7;1
19344;UK;Speedy Express;2020;1;0
19345;USA;United Package;2021;15;0
19346;France;Federal Shipping;2016;14;1
19347;Austria;United Package;2023;1;0
19348;UK;United Package;2012;1;0
19349;Canada;United Package;2021;4;0
19350;Argentina;Speedy Express;2012;23;0
19351;Norway;Federal Shipping;2021;1;0
19352;Italy;Federal Shipping;2021;24;0
19353;Germany;Federal Shipping;2016;2;0
19354;Germany;United Package;2023;0;0
19355;Canada;Speedy Express;2022;4;0
19356;UK;Federal Shipping;2023;2;0
19357;France;Speedy Express;2015;3;0
19358;USA;Speedy Express;2019;6;0
19359;Germany;United Package;2018;14;0
19360;Italy;United Package;2016;7;0
19361;Spain;United Package;2019;19;1
19362;Brazil;Speedy Express;2014;8;0
19363;Spain;Federal Shipping;2014;13;0
19364;France;United Package;2022;0;0
19365;Germany;United Package;2015;2;0
19366;France;Speedy Express;2012;3;0
19367;Germany;United Package;2016;21;1
19368;France;Federal Shipping;2013;1;0
19369;USA;United Package;2015;12;0
19370;Canada;Speedy Express;2020;10;0
19371;Brazil;Federal Shipping;2014;16;0
19372;USA;Federal Shipping;2015;12;0
19373;USA;Federal Shipping;2019;4;0
19374;France;Speedy Express;2019;11;0
19375;UK;United Package;2020;13;1
19376;USA;Speedy Express;2018;1;0
19377;USA;Speedy Express;2020;2;0
19378;Germany;Federal Shipping;2022;5;0
19379;France;Federal Shipping;2023;9;0
19380;Germany;Federal Shipping;2020;15;0
19381;UK;United Package;2012;14;1
19382;USA;Speedy Express;2015;10;1
19383;Spain;Speedy Express;2020;6;0
19384;Switzerland;Federal Shipping;2014;14;1
19385;Canada;Federal Shipping;2014;0;0
19386;Germany;Federal Shipping;2015;7;0
19387;Switzerland;Speedy Express;2015;1;1
19388;Belgium;Federal Shipping;2020;9;0
19389;Canada;Speedy Express;2023;15;0
19390;Mexico;Federal Shipping;2021;1;0
19391;France;Federal Shipping;2017;17;1
19392;Argentina;United Package;2019;10;0
19393;France;Speedy Express;2018;7;0
19394;Belgium;Speedy Express;2021;2;0
19395;UK;Speedy Express;2013;5;0
19396;Venezuela;Federal Shipping;2014;1;0
19397;France;Speedy Express;2014;13;1
19398;Germany;United Package;2018;12;0
19399;Germany;United Package;2015;11;0
19400;USA;United Package;2016;2;0
19401;France;United Package;2021;16;1
19402;Germany;United Package;2018;6;1
19403;USA;Speedy Express;2016;3;0
19404;Germany;Speedy Express;2013;19;1
19405;Mexico;Federal Shipping;2017;6;0
19406;Ireland;Speedy Express;2017;2;0
19407;Canada;Speedy Express;2015;2;0
19408;Venezuela;United Package;2022;21;1
19409;Belgium;United Package;2013;10;1
19410;Brazil;Federal Shipping;2021;4;0
19411;Ireland;United Package;2012;14;0
19412;UK;Speedy Express;2013;14;1
19413;UK;Speedy Express;2014;2;0
19414;Austria;Federal Shipping;2019;16;1
19415;Venezuela;United Package;2012;12;0
19416;Spain;Federal Shipping;2016;3;0
19417;Mexico;Speedy Express;2021;13;1
19418;Austria;Federal Shipping;2014;2;0
19419;Brazil;United Package;2022;6;1
19420;Poland;Federal Shipping;2023;3;0
19421;Brazil;United Package;2021;15;0
19422;Mexico;Speedy Express;2020;2;0
19423;Austria;Speedy Express;2012;1;0
19424;Portugal;Federal Shipping;2019;1;0
19425;Germany;Speedy Express;2014;1;0
19426;UK;Federal Shipping;2019;8;1
19427;Spain;Speedy Express;2014;2;0
19428;Germany;Federal Shipping;2023;6;0
19429;Austria;Federal Shipping;2013;1;0
19430;Canada;Federal Shipping;2012;1;0
19431;Germany;Federal Shipping;2013;13;0
19432;Denmark;United Package;2016;0;0
19433;France;Federal Shipping;2016;18;1
19434;France;United Package;2022;1;0
19435;Brazil;Speedy Express;2015;5;0
19436;Austria;Federal Shipping;2013;3;0
19437;Switzerland;Federal Shipping;2023;5;0
19438;UK;United Package;2019;1;0
19439;USA;Speedy Express;2014;21;1
19440;Argentina;Speedy Express;2018;3;0
19441;Portugal;Federal Shipping;2023;5;0
19442;Italy;Federal Shipping;2016;23;1
19443;Argentina;Federal Shipping;2016;13;0
19444;UK;Federal Shipping;2023;17;1
19445;Brazil;Speedy Express;2015;3;0
19446;Sweden;Speedy Express;2022;7;1
19447;USA;Federal Shipping;2016;4;0
19448;Germany;Federal Shipping;2018;2;0
19449;Italy;United Package;2016;3;0
19450;Brazil;United Package;2015;2;0
19451;Italy;United Package;2018;15;0
19452;Brazil;Federal Shipping;2021;9;0
19453;USA;Speedy Express;2013;19;1
19454;Argentina;United Package;2019;7;1
19455;France;United Package;2023;3;0
19456;UK;United Package;2018;9;0
19457;Ireland;United Package;2017;5;0
19458;Mexico;United Package;2019;2;0
19459;Italy;Speedy Express;2012;8;0
19460;Mexico;Speedy Express;2018;4;0
19461;Poland;Federal Shipping;2017;4;1
19462;Belgium;Federal Shipping;2018;4;0
19463;Argentina;United Package;2018;1;0
19464;France;Speedy Express;2014;5;0
19465;USA;Federal Shipping;2021;1;0
19466;USA;Federal Shipping;2015;1;0
19467;Venezuela;Speedy Express;2023;12;1
19468;Austria;Federal Shipping;2019;0;0
19469;Mexico;United Package;2015;3;0
19470;France;Federal Shipping;2016;10;0
19471;Finland;Federal Shipping;2013;0;0
19472;Germany;Speedy Express;2021;22;0
19473;France;Speedy Express;2016;6;0
19474;Mexico;Federal Shipping;2018;5;0
19475;UK;Speedy Express;2022;5;0
19476;Spain;Federal Shipping;2020;6;0
19477;USA;United Package;2014;2;0
19478;Germany;Federal Shipping;2013;25;1
19479;Ireland;Speedy Express;2018;3;0
19480;Italy;United Package;2020;9;0
19481;USA;United Package;2013;18;1
19482;Venezuela;Federal Shipping;2017;0;0
19483;Portugal;United Package;2013;3;0
19484;Canada;Federal Shipping;2021;7;0
19485;UK;United Package;2018;3;0
19486;Canada;United Package;2020;4;1
19487;Brazil;Federal Shipping;2015;13;0
19488;Germany;Speedy Express;2014;7;1
19489;USA;United Package;2019;4;0
19490;Brazil;Speedy Express;2017;1;0
19491;Argentina;Federal Shipping;2014;10;0
19492;Brazil;United Package;2022;0;0
19493;USA;United Package;2016;28;1
19494;Spain;United Package;2014;1;0
19495;Germany;Speedy Express;2020;0;0
19496;Brazil;United Package;2014;7;1
19497;USA;Speedy Express;2019;0;0
19498;Brazil;Federal Shipping;2017;0;0
19499;Brazil;Speedy Express;2021;5;0
19500;UK;Federal Shipping;2015;14;0
19501;Belgium;Speedy Express;2022;9;0
19502;France;Federal Shipping;2016;1;0
19503;France;Federal Shipping;2015;3;0
19504;Portugal;United Package;2017;17;1
19505;Germany;Federal Shipping;2013;20;0
19506;France;Speedy Express;2019;15;1
19507;Belgium;Speedy Express;2014;6;0
19508;Belgium;United Package;2013;1;0
19509;Germany;Federal Shipping;2016;6;0
19510;Germany;Speedy Express;2023;18;0
19511;Italy;Federal Shipping;2013;24;1
19512;UK;United Package;2013;5;0
19513;Germany;Speedy Express;2023;7;0
19514;Germany;United Package;2021;6;0
19515;UK;Federal Shipping;2018;2;0
19516;Brazil;Speedy Express;2014;0;0
19517;Sweden;Speedy Express;2019;24;1
19518;USA;Speedy Express;2021;20;0
19519;USA;United Package;2015;1;0
19520;Germany;United Package;2020;7;1
19521;France;Federal Shipping;2017;10;0
19522;Brazil;Federal Shipping;2014;1;0
19523;Argentina;Federal Shipping;2020;6;0
19524;Portugal;United Package;2017;0;0
19525;Finland;Federal Shipping;2019;1;0
19526;Denmark;Federal Shipping;2016;8;0
19527;Brazil;Speedy Express;2022;5;0
19528;Germany;United Package;2022;11;1
19529;Mexico;Federal Shipping;2022;1;0
19530;Austria;Federal Shipping;2014;25;1
19531;Germany;Speedy Express;2017;12;1
19532;Belgium;United Package;2014;1;0
19533;France;Federal Shipping;2020;1;0
19534;USA;Federal Shipping;2022;1;0
19535;France;United Package;2020;1;0
19536;France;Federal Shipping;2016;1;0
19537;Spain;Speedy Express;2017;3;0
19538;UK;United Package;2020;7;0
19539;Germany;Speedy Express;2012;6;0
19540;USA;Federal Shipping;2019;4;0
19541;France;United Package;2023;5;0
19542;Denmark;Speedy Express;2014;7;0
19543;Germany;Speedy Express;2019;17;1
19544;Venezuela;Federal Shipping;2015;0;0
19545;Germany;United Package;2021;7;1
19546;Italy;Speedy Express;2014;0;0
19547;Brazil;United Package;2019;4;0
19548;Venezuela;United Package;2020;6;0
19549;Belgium;Speedy Express;2023;6;1
19550;Switzerland;Speedy Express;2021;0;0
19551;UK;Federal Shipping;2018;12;0
19552;Mexico;Speedy Express;2013;8;0
19553;Mexico;Federal Shipping;2015;7;1
19554;Brazil;Federal Shipping;2022;3;0
19555;Denmark;Federal Shipping;2022;3;0
19556;Venezuela;United Package;2019;19;0
19557;Sweden;Speedy Express;2021;7;0
19558;Mexico;United Package;2012;4;0
19559;Mexico;Federal Shipping;2014;2;1
19560;Brazil;Federal Shipping;2012;13;0
19561;Ireland;United Package;2019;1;0
19562;France;United Package;2017;16;1
19563;France;Speedy Express;2023;10;0
19564;USA;Federal Shipping;2015;20;1
19565;UK;United Package;2019;1;0
19566;Portugal;United Package;2012;28;0
19567;UK;Federal Shipping;2021;2;0
19568;UK;Federal Shipping;2013;5;0
19569;USA;Speedy Express;2012;2;0
19570;Venezuela;United Package;2020;22;1
19571;Venezuela;United Package;2020;24;1
19572;Finland;Federal Shipping;2014;9;0
19573;USA;Speedy Express;2015;4;0
19574;Finland;Federal Shipping;2017;5;1
19575;Brazil;Federal Shipping;2022;9;1
19576;Brazil;Speedy Express;2018;3;0
19577;Belgium;Federal Shipping;2013;5;0
19578;Germany;Speedy Express;2013;2;0
19579;USA;Speedy Express;2019;27;1
19580;Poland;Speedy Express;2023;5;0
19581;USA;Federal Shipping;2016;0;0
19582;Brazil;Federal Shipping;2013;5;0
19583;France;Speedy Express;2021;11;0
19584;Germany;Speedy Express;2018;6;0
19585;France;Federal Shipping;2017;1;0
19586;Finland;Speedy Express;2023;2;0
19587;USA;United Package;2021;9;1
19588;Sweden;Federal Shipping;2016;2;0
19589;USA;United Package;2015;12;1
19590;UK;United Package;2019;6;1
19591;Germany;United Package;2020;2;0
19592;Finland;United Package;2017;6;0
19593;Finland;Speedy Express;2017;4;0
19594;USA;Speedy Express;2020;5;0
19595;Venezuela;Federal Shipping;2012;9;0
19596;Argentina;United Package;2015;13;0
19597;Mexico;Federal Shipping;2017;4;0
19598;UK;Federal Shipping;2013;2;0
19599;USA;Federal Shipping;2020;28;1
19600;USA;United Package;2018;17;1
19601;USA;United Package;2013;8;1
19602;UK;United Package;2013;7;0
19603;USA;Speedy Express;2019;4;1
19604;Venezuela;Speedy Express;2017;2;1
19605;Argentina;Speedy Express;2015;1;0
19606;USA;Speedy Express;2014;12;1
19607;USA;Speedy Express;2018;0;0
19608;Brazil;United Package;2020;25;0
19609;Germany;Federal Shipping;2019;11;0
19610;USA;Speedy Express;2013;4;0
19611;Germany;United Package;2020;14;1
19612;Norway;United Package;2021;1;0
19613;Italy;Speedy Express;2017;17;0
19614;Sweden;Speedy Express;2015;13;0
19615;USA;Federal Shipping;2023;22;1
19616;Brazil;United Package;2021;12;0
19617;Spain;Federal Shipping;2022;5;0
19618;Portugal;Speedy Express;2020;5;1
19619;USA;Federal Shipping;2014;14;1
19620;USA;United Package;2022;4;0
19621;Canada;United Package;2021;4;0
19622;Brazil;United Package;2022;3;0
19623;Brazil;United Package;2020;1;0
19624;Italy;Federal Shipping;2022;6;1
19625;Mexico;United Package;2019;1;0
19626;Mexico;United Package;2023;1;0
19627;Germany;Federal Shipping;2014;1;0
19628;Brazil;Speedy Express;2021;13;1
19629;UK;Federal Shipping;2016;9;1
19630;Portugal;Speedy Express;2022;8;0
19631;USA;Speedy Express;2018;11;1
19632;France;United Package;2023;1;0
19633;Germany;United Package;2017;2;0
19634;Brazil;Speedy Express;2021;16;0
19635;Germany;Federal Shipping;2014;22;1
19636;USA;United Package;2022;16;1
19637;Brazil;Speedy Express;2023;12;0
19638;Belgium;United Package;2017;6;0
19639;France;Federal Shipping;2023;16;0
19640;Italy;United Package;2021;3;0
19641;Brazil;Speedy Express;2021;11;0
19642;Portugal;Speedy Express;2014;13;0
19643;UK;United Package;2017;2;0
19644;France;United Package;2023;3;1
19645;USA;Speedy Express;2015;5;0
19646;Brazil;Federal Shipping;2013;10;0
19647;Brazil;Speedy Express;2022;15;1
19648;USA;United Package;2014;0;0
19649;Germany;United Package;2017;20;1
19650;Brazil;United Package;2013;1;0
19651;Germany;Federal Shipping;2022;9;0
19652;Mexico;Federal Shipping;2023;0;0
19653;Ireland;United Package;2013;10;0
19654;France;United Package;2019;7;0
19655;USA;Speedy Express;2020;11;0
19656;Sweden;Speedy Express;2017;19;0
19657;USA;Federal Shipping;2013;11;1
19658;UK;Federal Shipping;2021;16;1
19659;Denmark;Speedy Express;2018;1;0
19660;USA;Federal Shipping;2013;9;0
19661;Italy;Federal Shipping;2018;25;1
19662;Venezuela;Speedy Express;2013;14;0
19663;UK;United Package;2017;15;0
19664;Ireland;Speedy Express;2023;1;0
19665;Germany;Federal Shipping;2022;17;1
19666;Italy;United Package;2018;5;0
19667;UK;United Package;2014;10;0
19668;USA;United Package;2018;3;0
19669;Argentina;Federal Shipping;2018;0;0
19670;Venezuela;Federal Shipping;2022;2;0
19671;Germany;United Package;2013;24;1
19672;Spain;Federal Shipping;2019;1;0
19673;France;Federal Shipping;2021;10;0
19674;Poland;United Package;2023;6;0
19675;Argentina;United Package;2015;3;0
19676;Switzerland;Speedy Express;2019;4;0
19677;Germany;United Package;2018;6;0
19678;USA;United Package;2019;3;0
19679;Venezuela;Speedy Express;2019;2;0
19680;Canada;United Package;2023;13;0
19681;Norway;Speedy Express;2020;2;0
19682;USA;Speedy Express;2015;8;1
19683;Argentina;Speedy Express;2023;0;0
19684;Germany;Speedy Express;2021;0;0
19685;France;Speedy Express;2012;18;0
19686;Austria;Federal Shipping;2019;5;0
19687;Germany;United Package;2020;21;1
19688;Germany;Speedy Express;2019;1;0
19689;UK;Speedy Express;2021;1;0
19690;UK;Federal Shipping;2012;3;0
19691;Germany;United Package;2016;12;0
19692;UK;Federal Shipping;2016;7;0
19693;Argentina;Federal Shipping;2015;4;0
19694;Mexico;Federal Shipping;2021;24;0
19695;Portugal;United Package;2017;19;1
19696;USA;Federal Shipping;2021;25;0
19697;Argentina;Federal Shipping;2012;2;0
19698;Germany;Federal Shipping;2022;1;0
19699;UK;Federal Shipping;2014;5;0
19700;USA;Federal Shipping;2018;6;0
19701;France;Federal Shipping;2022;5;0
19702;Austria;United Package;2021;3;0
19703;Belgium;Federal Shipping;2012;9;0
19704;Brazil;Federal Shipping;2014;4;0
19705;Spain;Speedy Express;2015;29;1
19706;USA;Federal Shipping;2013;10;0
19707;USA;Federal Shipping;2019;12;0
19708;USA;United Package;2013;12;1
19709;Switzerland;United Package;2021;1;0
19710;Mexico;United Package;2015;0;0
19711;Venezuela;Speedy Express;2021;3;0
19712;Canada;United Package;2021;6;0
19713;Argentina;Federal Shipping;2019;21;1
19714;Venezuela;Federal Shipping;2019;20;1
19715;USA;Federal Shipping;2018;20;0
19716;Denmark;United Package;2013;16;0
19717;France;Speedy Express;2014;9;1
19718;USA;Federal Shipping;2014;5;0
19719;Brazil;United Package;2015;4;0
19720;Germany;Federal Shipping;2022;4;0
19721;Brazil;United Package;2022;3;1
19722;Germany;Federal Shipping;2020;2;0
19723;Germany;Speedy Express;2019;4;0
19724;Spain;Federal Shipping;2017;3;0
19725;Sweden;Speedy Express;2017;3;0
19726;France;Speedy Express;2014;2;0
19727;Germany;United Package;2016;0;0
19728;USA;United Package;2016;4;0
19729;USA;Speedy Express;2013;1;1
19730;France;United Package;2013;9;0
19731;France;Speedy Express;2021;15;1
19732;UK;United Package;2023;2;0
19733;Germany;United Package;2019;3;0
19734;Denmark;Speedy Express;2017;16;0
19735;Italy;Speedy Express;2018;15;0
19736;Portugal;Speedy Express;2020;3;0
19737;UK;Federal Shipping;2015;2;0
19738;Brazil;Federal Shipping;2016;21;1
19739;Sweden;Speedy Express;2019;10;0
19740;Switzerland;United Package;2016;8;0
19741;Switzerland;Speedy Express;2015;4;0
19742;Italy;United Package;2019;4;0
19743;Canada;United Package;2017;1;0
19744;UK;Federal Shipping;2016;1;0
19745;USA;United Package;2019;13;1
19746;Argentina;United Package;2023;4;0
19747;Mexico;Speedy Express;2017;3;0
19748;Venezuela;Federal Shipping;2023;6;0
19749;Sweden;Federal Shipping;2019;14;0
19750;Germany;United Package;2020;1;0
19751;Germany;United Package;2014;6;0
19752;Brazil;United Package;2017;2;0
19753;Venezuela;Federal Shipping;2018;4;0
19754;UK;United Package;2022;0;0
19755;UK;United Package;2014;2;0
19756;Germany;Speedy Express;2022;4;0
19757;Italy;Speedy Express;2015;11;0
19758;Brazil;Federal Shipping;2021;26;0
19759;Spain;United Package;2018;9;0
19760;France;United Package;2023;1;0
19761;France;Speedy Express;2014;1;0
19762;Germany;Federal Shipping;2018;1;0
19763;Venezuela;Speedy Express;2022;6;0
19764;Austria;United Package;2013;0;0
19765;USA;Speedy Express;2021;21;0
19766;Germany;Speedy Express;2020;9;0
19767;France;Federal Shipping;2018;2;0
19768;Finland;United Package;2014;9;0
19769;Italy;Speedy Express;2014;5;1
19770;Mexico;Federal Shipping;2023;0;0
19771;USA;Federal Shipping;2017;3;0
19772;Germany;Speedy Express;2022;21;0
19773;Sweden;Speedy Express;2013;26;1
19774;Venezuela;Speedy Express;2015;10;1
19775;Canada;United Package;2022;1;0
19776;France;Speedy Express;2014;12;0
19777;Germany;Speedy Express;2020;1;0
19778;Brazil;Speedy Express;2013;17;0
19779;USA;Speedy Express;2015;11;1
19780;France;Federal Shipping;2020;17;1
19781;USA;Federal Shipping;2012;23;1
19782;Italy;Speedy Express;2021;3;0
19783;Germany;United Package;2019;3;0
19784;France;Federal Shipping;2021;0;0
19785;Germany;Federal Shipping;2017;2;0
19786;France;Speedy Express;2020;1;0
19787;Italy;Federal Shipping;2018;15;1
19788;UK;United Package;2022;0;0
19789;Brazil;Speedy Express;2015;4;0
19790;Germany;Federal Shipping;2020;25;1
19791;Germany;United Package;2013;17;0
19792;Ireland;United Package;2015;6;0
19793;USA;United Package;2016;2;0
19794;Denmark;United Package;2016;1;0
19795;Mexico;United Package;2019;0;1
19796;Poland;Federal Shipping;2016;15;0
19797;USA;Speedy Express;2017;4;0
19798;Ireland;Federal Shipping;2016;12;1
19799;Venezuela;Federal Shipping;2019;0;0
19800;Denmark;Federal Shipping;2023;2;0
19801;Austria;Speedy Express;2020;2;0
19802;Argentina;United Package;2013;10;0
19803;France;United Package;2015;12;1
19804;Belgium;Speedy Express;2022;5;1
19805;Germany;Speedy Express;2014;1;0
19806;Belgium;Speedy Express;2017;22;1
19807;Brazil;Federal Shipping;2014;27;1
19808;Brazil;Federal Shipping;2022;1;0
19809;Mexico;Speedy Express;2018;5;1
19810;Brazil;United Package;2016;3;0
19811;UK;Federal Shipping;2021;18;1
19812;Germany;Federal Shipping;2020;17;0
19813;Italy;United Package;2014;23;0
19814;USA;Speedy Express;2023;5;0
19815;Mexico;Federal Shipping;2023;4;0
19816;France;Federal Shipping;2019;3;0
19817;USA;Federal Shipping;2013;14;1
19818;USA;United Package;2018;7;0
19819;Brazil;United Package;2014;0;0
19820;USA;United Package;2016;1;0
19821;Portugal;Federal Shipping;2017;11;1
19822;Switzerland;Federal Shipping;2017;1;0
19823;Spain;Federal Shipping;2018;5;0
19824;Germany;United Package;2018;6;1
19825;France;Federal Shipping;2014;1;0
19826;Belgium;Speedy Express;2020;18;1
19827;Germany;Federal Shipping;2018;26;1
19828;France;Speedy Express;2020;24;1
19829;Spain;Federal Shipping;2021;0;0
19830;France;Speedy Express;2022;1;0
19831;Germany;United Package;2015;3;1
19832;USA;Speedy Express;2016;1;0
19833;Spain;Speedy Express;2019;2;0
19834;Spain;United Package;2014;3;0
19835;Venezuela;United Package;2012;3;1
19836;Germany;Speedy Express;2021;16;1
19837;Austria;United Package;2014;0;0
19838;Germany;United Package;2015;3;1
19839;Germany;Speedy Express;2022;1;0
19840;Germany;United Package;2020;2;1
19841;Spain;Federal Shipping;2015;5;0
19842;Sweden;Speedy Express;2013;3;0
19843;Brazil;Federal Shipping;2023;4;0
19844;USA;Speedy Express;2016;3;0
19845;USA;Federal Shipping;2017;1;0
19846;France;Federal Shipping;2016;17;1
19847;Argentina;Speedy Express;2023;15;0
19848;UK;Speedy Express;2015;5;0
19849;Denmark;Federal Shipping;2021;13;0
19850;France;United Package;2015;4;1
19851;Argentina;United Package;2014;9;0
19852;France;Federal Shipping;2022;5;1
19853;Germany;Speedy Express;2022;6;0
19854;Sweden;United Package;2012;0;0
19855;USA;Speedy Express;2020;6;1
19856;Canada;United Package;2014;3;0
19857;Argentina;United Package;2013;7;1
19858;Sweden;United Package;2012;4;0
19859;France;United Package;2019;13;1
19860;USA;United Package;2020;10;0
19861;UK;Speedy Express;2015;9;0
19862;France;Speedy Express;2013;14;0
19863;USA;Speedy Express;2015;10;0
19864;Finland;Speedy Express;2019;1;0
19865;Belgium;Federal Shipping;2021;1;1
19866;Mexico;Speedy Express;2019;6;0
19867;Spain;United Package;2022;21;1
19868;Sweden;Speedy Express;2014;1;0
19869;Denmark;Federal Shipping;2019;1;0
19870;Argentina;United Package;2013;2;0
19871;UK;United Package;2017;11;1
19872;France;Federal Shipping;2018;0;0
19873;Norway;United Package;2013;7;0
19874;UK;Speedy Express;2015;9;1
19875;Germany;United Package;2023;9;0
19876;USA;Speedy Express;2013;1;0
19877;Germany;Federal Shipping;2020;17;0
19878;Germany;Federal Shipping;2018;20;0
19879;Venezuela;Speedy Express;2019;3;0
19880;USA;Federal Shipping;2013;5;0
19881;USA;Speedy Express;2019;6;0
19882;USA;Federal Shipping;2020;3;0
19883;Germany;Speedy Express;2014;18;1
19884;France;Speedy Express;2018;1;0
19885;Brazil;Speedy Express;2014;0;0
19886;USA;United Package;2021;15;1
19887;Denmark;Federal Shipping;2023;0;0
19888;Italy;Federal Shipping;2015;5;0
19889;Germany;United Package;2019;9;0
19890;Portugal;Speedy Express;2014;17;0
19891;Venezuela;Speedy Express;2013;3;0
19892;USA;United Package;2022;5;0
19893;Mexico;Federal Shipping;2023;1;0
19894;UK;Federal Shipping;2017;5;0
19895;Norway;Speedy Express;2018;5;1
19896;France;Federal Shipping;2012;1;0
19897;USA;Federal Shipping;2018;17;0
19898;Spain;Speedy Express;2017;12;0
19899;Spain;United Package;2015;15;1
19900;France;Federal Shipping;2017;21;1
19901;USA;Federal Shipping;2013;1;0
19902;France;United Package;2023;2;0
19903;Venezuela;Federal Shipping;2013;0;0
19904;France;Speedy Express;2018;5;1
19905;Brazil;Speedy Express;2016;3;0
19906;Austria;United Package;2020;1;0
19907;Austria;Speedy Express;2021;29;1
19908;Brazil;Federal Shipping;2022;2;0
19909;Germany;Federal Shipping;2012;26;1
19910;Finland;Federal Shipping;2018;9;0
19911;Mexico;Federal Shipping;2014;6;0
19912;Italy;United Package;2023;12;1
19913;Brazil;Speedy Express;2014;1;0
19914;France;Federal Shipping;2015;6;1
19915;USA;Federal Shipping;2020;3;1
19916;Brazil;Speedy Express;2017;9;1
19917;Italy;Speedy Express;2015;11;0
19918;Austria;Speedy Express;2022;4;0
19919;Brazil;Federal Shipping;2018;14;1
19920;Brazil;Speedy Express;2023;3;0
19921;Venezuela;United Package;2015;11;1
19922;Germany;Speedy Express;2016;7;0
19923;USA;Speedy Express;2017;7;0
19924;Austria;United Package;2023;7;1
19925;Brazil;Federal Shipping;2018;27;1
19926;Switzerland;Speedy Express;2014;0;0
19927;Italy;United Package;2023;19;1
19928;Belgium;Speedy Express;2014;17;1
19929;Brazil;United Package;2019;1;0
19930;France;United Package;2015;6;0
19931;France;Speedy Express;2014;13;0
19932;Brazil;Speedy Express;2018;21;0
19933;UK;Speedy Express;2017;4;0
19934;Germany;Speedy Express;2014;16;0
19935;Italy;Federal Shipping;2017;14;1
19936;Canada;Federal Shipping;2022;8;0
19937;Germany;Speedy Express;2021;11;1
19938;USA;Federal Shipping;2021;5;0
19939;France;Speedy Express;2021;14;1
19940;Argentina;Federal Shipping;2013;5;1
19941;Germany;Federal Shipping;2015;13;1
19942;Mexico;Speedy Express;2021;11;0
19943;Germany;Federal Shipping;2019;11;1
19944;France;Speedy Express;2013;4;1
19945;USA;Speedy Express;2012;11;0
19946;Canada;United Package;2023;2;0
19947;Germany;United Package;2019;12;0
19948;Denmark;Federal Shipping;2018;2;0
19949;Canada;Speedy Express;2012;16;0
19950;Poland;United Package;2018;24;1
19951;UK;Speedy Express;2017;3;0
19952;USA;United Package;2021;2;1
19953;USA;Federal Shipping;2019;16;0
19954;Spain;Federal Shipping;2016;21;0
19955;Germany;Federal Shipping;2015;5;0
19956;Sweden;United Package;2019;1;0
19957;Argentina;Speedy Express;2012;16;1
19958;Mexico;Federal Shipping;2019;23;1
19959;France;Federal Shipping;2015;9;1
19960;Sweden;Speedy Express;2017;12;0
19961;Italy;Federal Shipping;2018;5;0
19962;Italy;Federal Shipping;2023;5;0
19963;France;United Package;2017;13;1
19964;Canada;Speedy Express;2023;19;1
19965;Poland;Speedy Express;2022;8;0
19966;USA;Federal Shipping;2013;16;1
19967;France;Speedy Express;2020;13;1
19968;Brazil;Speedy Express;2022;0;0
19969;Norway;United Package;2014;2;0
19970;Austria;Speedy Express;2014;15;0
19971;Switzerland;United Package;2013;6;1
19972;Germany;Federal Shipping;2016;5;0
19973;Brazil;United Package;2022;13;1
19974;Mexico;Speedy Express;2017;2;0
19975;USA;Speedy Express;2018;16;1
19976;USA;Federal Shipping;2013;5;0
19977;Brazil;United Package;2021;1;0
19978;Argentina;United Package;2014;3;0
19979;France;Federal Shipping;2023;16;1
19980;Ireland;Speedy Express;2022;4;0
19981;Italy;United Package;2023;0;0
19982;France;Federal Shipping;2020;1;0
19983;Italy;United Package;2022;1;0
19984;UK;Speedy Express;2021;2;0
19985;Venezuela;Speedy Express;2019;18;0
19986;France;Speedy Express;2018;7;0
19987;Poland;Federal Shipping;2013;11;0
19988;France;United Package;2013;3;0
19989;USA;Federal Shipping;2012;5;0
19990;Germany;Federal Shipping;2013;4;0
19991;Brazil;Speedy Express;2012;4;0
19992;USA;Federal Shipping;2015;6;0
19993;Denmark;Federal Shipping;2016;14;0
19994;Portugal;Federal Shipping;2022;14;1
19995;Spain;Federal Shipping;2021;4;0
19996;Austria;Speedy Express;2021;2;0
19997;Austria;Speedy Express;2018;10;0
19998;Denmark;Federal Shipping;2019;8;1
19999;USA;United Package;2013;24;1
20000;Germany;Federal Shipping;2017;5;0
20001;Denmark;Federal Shipping;2019;0;0
20002;Portugal;Federal Shipping;2018;0;0
20003;Brazil;Speedy Express;2015;22;0
20004;Spain;Federal Shipping;2016;1;0
20005;Poland;United Package;2014;2;0
20006;Mexico;Federal Shipping;2013;5;0
20007;USA;United Package;2014;2;0
20008;UK;United Package;2013;1;0
20009;France;Speedy Express;2021;21;0
20010;Argentina;Speedy Express;2015;10;1
20011;Sweden;Speedy Express;2021;1;0
20012;USA;Federal Shipping;2016;8;0
20013;Mexico;Federal Shipping;2017;10;1
20014;USA;United Package;2014;5;0
20015;Brazil;United Package;2020;1;0
20016;France;United Package;2013;2;0
20017;USA;Speedy Express;2014;6;0
20018;Spain;Speedy Express;2020;10;0
20019;France;Federal Shipping;2019;5;0
20020;UK;Speedy Express;2019;3;1
20021;UK;Speedy Express;2022;3;0
20022;Mexico;United Package;2015;0;0
20023;Austria;Speedy Express;2015;6;0
20024;Brazil;Speedy Express;2016;8;1
20025;Canada;Federal Shipping;2019;5;0
20026;Venezuela;Speedy Express;2020;7;0
20027;UK;Speedy Express;2022;6;0
20028;Italy;United Package;2014;12;1
20029;Belgium;Federal Shipping;2018;20;0
20030;Spain;United Package;2015;4;0
20031;Germany;United Package;2021;2;0
20032;Ireland;United Package;2012;1;0
20033;Austria;United Package;2014;0;0
20034;Italy;United Package;2021;24;1
20035;Brazil;Speedy Express;2013;0;0
20036;Canada;Speedy Express;2012;13;1
20037;Germany;United Package;2018;1;0
20038;UK;Federal Shipping;2023;5;0
20039;USA;Federal Shipping;2019;13;0
20040;Portugal;United Package;2015;5;0
20041;Spain;Federal Shipping;2016;5;0
20042;USA;Speedy Express;2022;24;1
20043;USA;Federal Shipping;2013;13;1
20044;UK;United Package;2023;4;0
20045;Belgium;United Package;2022;3;0
20046;Italy;Speedy Express;2015;1;0
20047;Germany;Federal Shipping;2017;6;1
20048;Venezuela;Federal Shipping;2022;14;0
20049;Spain;United Package;2021;3;0
20050;UK;United Package;2017;9;0
20051;France;United Package;2023;10;1
20052;Argentina;Speedy Express;2021;17;1
20053;France;Speedy Express;2016;12;0
20054;USA;United Package;2021;5;0
20055;Germany;United Package;2016;2;0
20056;Switzerland;Federal Shipping;2017;9;0
20057;Argentina;Speedy Express;2021;1;0
20058;UK;United Package;2022;25;0
20059;France;Federal Shipping;2019;4;0
20060;Brazil;United Package;2012;5;0
20061;Brazil;Federal Shipping;2020;9;1
20062;Poland;Speedy Express;2014;2;0
20063;Germany;Speedy Express;2014;13;0
20064;Finland;United Package;2023;14;0
20065;Mexico;United Package;2021;17;1
20066;USA;United Package;2013;11;0
20067;Mexico;United Package;2021;3;0
20068;Mexico;Speedy Express;2013;6;1
20069;UK;Federal Shipping;2021;1;1
20070;Finland;Speedy Express;2020;3;0
20071;USA;Federal Shipping;2015;6;0
20072;Austria;Speedy Express;2014;9;0
20073;USA;Speedy Express;2021;9;0
20074;Venezuela;United Package;2021;11;1
20075;Austria;Speedy Express;2018;14;0
20076;Brazil;Speedy Express;2016;6;0
20077;Switzerland;Speedy Express;2017;9;0
20078;Germany;United Package;2019;9;0
20079;USA;United Package;2017;5;0
20080;Italy;Federal Shipping;2014;6;0
20081;UK;Speedy Express;2019;18;0
20082;Spain;Speedy Express;2015;12;0
20083;Finland;Speedy Express;2015;3;0
20084;UK;Speedy Express;2014;1;0
20085;Germany;United Package;2013;0;0
20086;France;Federal Shipping;2020;18;0
20087;UK;United Package;2012;4;0
20088;Italy;United Package;2022;2;0
20089;Spain;Speedy Express;2022;8;0
20090;France;Speedy Express;2013;2;0
20091;Venezuela;Speedy Express;2020;9;0
20092;Mexico;Federal Shipping;2018;10;0
20093;USA;United Package;2022;6;0
20094;USA;Speedy Express;2020;20;1
20095;France;Federal Shipping;2016;1;0
20096;Norway;Speedy Express;2016;15;0
20097;Mexico;Federal Shipping;2016;4;1
20098;Germany;Speedy Express;2012;7;1
20099;Spain;Speedy Express;2023;6;0
20100;Argentina;Speedy Express;2015;15;0
20101;Germany;Federal Shipping;2022;1;0
20102;France;Speedy Express;2017;2;0
20103;Canada;Speedy Express;2021;8;0
20104;Sweden;United Package;2012;2;0
20105;Brazil;Federal Shipping;2013;5;0
20106;Brazil;Federal Shipping;2012;2;0
20107;France;Federal Shipping;2015;10;1
20108;Mexico;United Package;2012;9;0
20109;Brazil;United Package;2019;21;1
20110;Brazil;United Package;2022;1;0
20111;France;Speedy Express;2013;7;0
20112;UK;United Package;2019;15;1
20113;Brazil;Speedy Express;2013;10;0
20114;Austria;United Package;2016;3;0
20115;USA;Speedy Express;2019;9;0
20116;USA;Federal Shipping;2016;6;0
20117;Germany;United Package;2013;14;1
20118;France;Federal Shipping;2022;5;0
20119;France;Speedy Express;2022;4;1
20120;Germany;Speedy Express;2019;11;0
20121;Germany;Federal Shipping;2023;5;0
20122;Brazil;United Package;2014;1;0
20123;UK;Speedy Express;2012;1;0
20124;Brazil;United Package;2023;10;0
20125;Spain;United Package;2014;6;1
20126;UK;Speedy Express;2019;4;0
20127;Brazil;United Package;2013;26;1
20128;Germany;Federal Shipping;2023;14;0
20129;Portugal;United Package;2014;1;0
20130;Switzerland;Speedy Express;2021;14;0
20131;Sweden;Federal Shipping;2018;1;0
20132;Belgium;Federal Shipping;2017;0;0
20133;USA;Speedy Express;2017;10;0
20134;USA;United Package;2021;17;0
20135;France;United Package;2019;3;0
20136;France;United Package;2012;1;0
20137;France;Speedy Express;2015;1;0
20138;UK;United Package;2015;27;1
20139;Spain;Federal Shipping;2023;2;0
20140;Sweden;United Package;2022;7;0
20141;Italy;Federal Shipping;2016;2;0
20142;France;Speedy Express;2013;1;0
20143;France;United Package;2020;10;1
20144;Canada;United Package;2015;21;0
20145;Sweden;Federal Shipping;2013;2;0
20146;Belgium;United Package;2021;6;0
20147;France;Speedy Express;2018;1;0
20148;UK;Federal Shipping;2019;7;0
20149;Spain;United Package;2013;0;0
20150;Brazil;Speedy Express;2014;17;1
20151;Spain;Federal Shipping;2021;9;0
20152;UK;Speedy Express;2023;17;0
20153;Denmark;United Package;2023;1;0
20154;Italy;Speedy Express;2020;3;0
20155;Mexico;Federal Shipping;2012;17;0
20156;Germany;Federal Shipping;2016;6;0
20157;Belgium;United Package;2021;1;1
20158;Mexico;Federal Shipping;2013;0;0
20159;Italy;Federal Shipping;2018;1;0
20160;UK;United Package;2014;24;1
20161;UK;Federal Shipping;2012;8;1
20162;Sweden;Speedy Express;2014;4;0
20163;USA;United Package;2016;1;0
20164;Germany;Speedy Express;2015;2;0
20165;Mexico;Speedy Express;2020;20;1
20166;Mexico;United Package;2022;3;0
20167;Canada;United Package;2019;7;0
20168;Switzerland;Federal Shipping;2013;0;0
20169;Germany;Speedy Express;2015;12;1
20170;Mexico;United Package;2022;11;0
20171;Brazil;Federal Shipping;2012;5;0
20172;Switzerland;Federal Shipping;2017;6;0
20173;Argentina;United Package;2016;4;0
20174;UK;United Package;2019;18;1
20175;France;Federal Shipping;2013;1;0
20176;Canada;United Package;2020;14;0
20177;France;United Package;2021;2;0
20178;UK;Federal Shipping;2021;6;0
20179;Germany;Federal Shipping;2023;17;1
20180;USA;United Package;2022;0;0
20181;France;Federal Shipping;2016;3;0
20182;Brazil;United Package;2022;20;1
20183;Poland;United Package;2022;1;0
20184;UK;Speedy Express;2013;2;0
20185;UK;Speedy Express;2021;6;0
20186;USA;Speedy Express;2018;8;0
20187;Spain;Speedy Express;2016;5;0
20188;Germany;Speedy Express;2013;11;0
20189;USA;Speedy Express;2015;2;0
20190;France;United Package;2014;1;0
20191;Canada;United Package;2012;0;0
20192;Germany;Speedy Express;2012;4;0
20193;UK;Speedy Express;2013;9;0
20194;USA;Speedy Express;2022;1;0
20195;Spain;Federal Shipping;2020;23;0
20196;Portugal;United Package;2012;0;0
20197;Finland;Federal Shipping;2018;4;0
20198;Finland;Speedy Express;2021;25;0
20199;France;United Package;2021;4;1
20200;UK;United Package;2022;0;0
20201;Venezuela;United Package;2020;2;0
20202;France;Federal Shipping;2017;10;0
20203;Italy;Speedy Express;2012;4;0
20204;Spain;Speedy Express;2019;7;0
20205;France;United Package;2017;16;1
20206;UK;United Package;2020;12;0
20207;USA;Federal Shipping;2022;3;0
20208;Venezuela;Speedy Express;2015;1;0
20209;USA;United Package;2015;3;0
20210;Germany;United Package;2017;5;0
20211;USA;Federal Shipping;2012;6;1
20212;Mexico;Federal Shipping;2021;21;1
20213;Mexico;United Package;2013;11;1
20214;Germany;Federal Shipping;2015;4;1
20215;Argentina;Speedy Express;2013;8;0
20216;USA;United Package;2016;7;1
20217;Germany;Speedy Express;2018;8;0
20218;Brazil;Federal Shipping;2012;3;0
20219;Belgium;Federal Shipping;2019;5;0
20220;Switzerland;Speedy Express;2018;4;0
20221;Canada;Federal Shipping;2014;14;1
20222;Venezuela;United Package;2023;8;0
20223;USA;Federal Shipping;2014;0;0
20224;Brazil;United Package;2018;19;0
20225;France;Speedy Express;2022;1;0
20226;Argentina;United Package;2022;5;0
20227;Germany;Federal Shipping;2023;9;1
20228;France;United Package;2017;1;0
20229;UK;United Package;2014;9;0
20230;Belgium;United Package;2018;26;1
20231;Canada;Federal Shipping;2019;1;0
20232;USA;Federal Shipping;2021;15;0
20233;Argentina;United Package;2016;9;0
20234;Italy;Federal Shipping;2022;4;0
20235;Austria;United Package;2019;4;0
20236;Germany;Federal Shipping;2016;11;1
20237;Norway;Federal Shipping;2022;6;0
20238;USA;Federal Shipping;2020;2;0
20239;Canada;Speedy Express;2016;11;0
20240;USA;Speedy Express;2019;0;0
20241;Portugal;United Package;2014;2;0
20242;UK;Speedy Express;2019;17;0
20243;Germany;Federal Shipping;2015;9;0
20244;Canada;Speedy Express;2013;13;0
20245;USA;Federal Shipping;2021;0;0
20246;France;United Package;2013;7;1
20247;Venezuela;Federal Shipping;2022;5;0
20248;Brazil;United Package;2015;6;0
20249;Finland;Speedy Express;2016;18;0
20250;Portugal;United Package;2015;28;0
20251;France;Speedy Express;2014;2;1
20252;Portugal;Speedy Express;2013;6;1
20253;Denmark;Speedy Express;2020;16;1
20254;Sweden;United Package;2019;5;0
20255;Denmark;United Package;2015;0;0
20256;Austria;United Package;2023;11;0
20257;Argentina;United Package;2022;6;0
20258;Venezuela;Speedy Express;2015;7;0
20259;Argentina;Federal Shipping;2017;9;0
20260;Brazil;Federal Shipping;2022;1;1
20261;Germany;Federal Shipping;2019;1;0
20262;France;Federal Shipping;2015;12;0
20263;Belgium;United Package;2017;7;0
20264;USA;Speedy Express;2021;7;0
20265;Denmark;Speedy Express;2016;3;0
20266;France;United Package;2015;2;0
20267;UK;United Package;2021;0;0
20268;Austria;Federal Shipping;2022;8;0
20269;Spain;United Package;2018;4;0
20270;Mexico;Federal Shipping;2013;17;0
20271;USA;United Package;2020;1;0
20272;Brazil;Speedy Express;2014;10;1
20273;Mexico;Federal Shipping;2014;9;0
20274;UK;Speedy Express;2022;3;0
20275;Germany;United Package;2023;29;1
20276;Poland;United Package;2023;1;0
20277;UK;United Package;2023;6;0
20278;UK;Federal Shipping;2019;1;0
20279;Mexico;Federal Shipping;2023;2;0
20280;Mexico;United Package;2022;22;0
20281;Brazil;Speedy Express;2018;2;0
20282;Denmark;United Package;2021;9;1
20283;France;Speedy Express;2015;0;0
20284;Norway;United Package;2017;1;0
20285;UK;United Package;2014;2;0
20286;Spain;United Package;2021;3;0
20287;Canada;Speedy Express;2020;10;0
20288;Germany;Speedy Express;2016;7;0
20289;USA;Federal Shipping;2016;8;1
20290;Finland;Federal Shipping;2014;18;0
20291;Germany;Federal Shipping;2019;13;0
20292;Mexico;United Package;2016;2;0
20293;USA;United Package;2022;8;0
20294;Venezuela;United Package;2023;1;0
20295;France;United Package;2022;7;0
20296;France;United Package;2018;3;0
20297;UK;Speedy Express;2016;23;0
20298;UK;Federal Shipping;2014;8;0
20299;Mexico;Federal Shipping;2020;2;0
20300;USA;United Package;2017;2;0
20301;Sweden;United Package;2015;15;0
20302;USA;Federal Shipping;2018;7;0
20303;UK;Federal Shipping;2015;0;0
20304;France;Federal Shipping;2012;3;0
20305;Germany;Federal Shipping;2017;12;1
20306;Germany;United Package;2016;7;1
20307;Portugal;Speedy Express;2015;2;0
20308;Venezuela;Speedy Express;2022;7;1
20309;Brazil;United Package;2020;0;0
20310;USA;United Package;2021;7;0
20311;France;United Package;2016;6;0
20312;Brazil;Federal Shipping;2016;7;0
20313;USA;Speedy Express;2023;9;0
20314;Germany;United Package;2019;2;1
20315;USA;Federal Shipping;2017;14;0
20316;USA;United Package;2014;12;0
20317;Brazil;Federal Shipping;2017;7;1
20318;Switzerland;Speedy Express;2020;6;1
20319;Switzerland;Federal Shipping;2017;2;0
20320;Germany;Speedy Express;2015;1;0
20321;Portugal;Federal Shipping;2013;16;0
20322;Sweden;Federal Shipping;2021;15;0
20323;France;Speedy Express;2016;3;1
20324;USA;Speedy Express;2013;2;0
20325;Spain;Speedy Express;2013;6;0
20326;Argentina;Federal Shipping;2020;4;1
20327;UK;Speedy Express;2022;17;0
20328;Sweden;United Package;2019;0;0
20329;USA;Federal Shipping;2018;3;0
20330;Brazil;Speedy Express;2018;3;0
20331;France;Federal Shipping;2016;13;1
20332;Brazil;United Package;2020;3;0
20333;Brazil;Federal Shipping;2021;12;1
20334;France;Federal Shipping;2018;11;0
20335;USA;Speedy Express;2018;4;0
20336;Venezuela;United Package;2017;9;1
20337;Venezuela;Speedy Express;2016;8;0
20338;Mexico;United Package;2019;1;0
20339;USA;Speedy Express;2017;7;0
20340;France;Speedy Express;2014;4;0
20341;Brazil;Federal Shipping;2013;15;1
20342;Sweden;United Package;2019;3;0
20343;USA;Federal Shipping;2014;24;1
20344;Brazil;United Package;2016;18;0
20345;Ireland;United Package;2022;6;0
20346;Germany;United Package;2017;1;1
20347;Germany;Speedy Express;2022;3;0
20348;Canada;Federal Shipping;2015;11;0
20349;Germany;United Package;2016;5;0
20350;Germany;Speedy Express;2013;1;0
20351;USA;Speedy Express;2019;6;0
20352;Germany;Speedy Express;2014;1;0
20353;Denmark;United Package;2017;5;1
20354;UK;Speedy Express;2020;4;1
20355;Brazil;Speedy Express;2016;12;0
20356;Germany;Federal Shipping;2012;8;0
20357;UK;Federal Shipping;2023;1;0
20358;Venezuela;Speedy Express;2016;16;1
20359;Sweden;United Package;2020;12;0
20360;USA;United Package;2018;15;0
20361;Mexico;Speedy Express;2023;11;0
20362;Germany;Speedy Express;2016;2;0
20363;Brazil;Federal Shipping;2016;1;0
20364;Germany;Federal Shipping;2019;10;0
20365;Germany;United Package;2018;2;0
20366;USA;Speedy Express;2016;12;1
20367;France;United Package;2017;3;0
20368;Canada;Speedy Express;2021;5;0
20369;Italy;Speedy Express;2015;3;0
20370;Germany;Speedy Express;2017;16;0
20371;USA;Speedy Express;2022;11;0
20372;France;Speedy Express;2021;17;0
20373;Austria;Federal Shipping;2017;16;0
20374;France;Speedy Express;2014;2;1
20375;Italy;Speedy Express;2019;0;0
20376;UK;Federal Shipping;2020;22;1
20377;Germany;Federal Shipping;2018;26;1
20378;USA;Speedy Express;2022;10;0
20379;Belgium;United Package;2013;1;0
20380;USA;United Package;2018;6;1
20381;USA;United Package;2022;21;1
20382;USA;United Package;2013;3;0
20383;USA;Speedy Express;2014;2;0
20384;Brazil;Speedy Express;2015;0;0
20385;Germany;Speedy Express;2014;5;0
20386;Brazil;United Package;2021;18;0
20387;USA;United Package;2013;20;1
20388;UK;United Package;2019;2;0
20389;Italy;Federal Shipping;2022;7;0
20390;Germany;Speedy Express;2020;8;1
20391;Switzerland;Federal Shipping;2019;6;0
20392;Germany;Speedy Express;2017;5;0
20393;Spain;Federal Shipping;2019;25;1
20394;France;Federal Shipping;2013;2;0
20395;Switzerland;United Package;2017;1;0
20396;Spain;Federal Shipping;2022;10;1
20397;Brazil;Federal Shipping;2021;1;0
20398;Mexico;United Package;2013;6;0
20399;Venezuela;Federal Shipping;2013;6;0
20400;Brazil;Federal Shipping;2017;1;0
20401;UK;United Package;2013;1;0
20402;Venezuela;Speedy Express;2012;19;1
20403;Germany;United Package;2021;5;0
20404;Spain;United Package;2016;22;1
20405;Germany;Speedy Express;2017;5;0
20406;Venezuela;United Package;2020;13;0
20407;France;United Package;2021;17;1
20408;Germany;Federal Shipping;2020;8;0
20409;Germany;Speedy Express;2017;8;0
20410;Mexico;Speedy Express;2013;7;0
20411;Spain;Federal Shipping;2023;10;1
20412;USA;Federal Shipping;2022;8;1
20413;France;Federal Shipping;2023;1;0
20414;France;Federal Shipping;2015;14;0
20415;Argentina;Speedy Express;2021;7;0
20416;Canada;United Package;2013;4;0
20417;Germany;Federal Shipping;2020;3;0
20418;Switzerland;Federal Shipping;2023;3;0
20419;Italy;United Package;2013;11;1
20420;Norway;United Package;2020;2;0
20421;Germany;United Package;2020;17;0
20422;Germany;United Package;2013;19;0
20423;Portugal;Federal Shipping;2018;12;0
20424;Mexico;Speedy Express;2015;2;0
20425;France;Speedy Express;2013;16;1
20426;Portugal;Federal Shipping;2014;2;0
20427;Brazil;United Package;2017;20;1
20428;Germany;Speedy Express;2014;6;0
20429;Germany;United Package;2019;23;0
20430;Brazil;Federal Shipping;2015;2;0
20431;Belgium;Federal Shipping;2017;19;1
20432;USA;Federal Shipping;2020;25;1
20433;Spain;United Package;2021;0;0
20434;Italy;Speedy Express;2014;13;0
20435;Brazil;United Package;2020;1;0
20436;Brazil;Speedy Express;2019;20;0
20437;USA;Federal Shipping;2019;12;1
20438;Portugal;Federal Shipping;2018;14;0
20439;Poland;Federal Shipping;2019;16;1
20440;UK;Federal Shipping;2016;1;0
20441;Germany;United Package;2020;1;0
20442;Germany;Federal Shipping;2017;1;0
20443;Mexico;United Package;2017;27;1
20444;Argentina;United Package;2017;23;1
20445;Mexico;Federal Shipping;2012;4;0
20446;Mexico;Speedy Express;2020;9;1
20447;France;Federal Shipping;2015;3;0
20448;France;Federal Shipping;2023;13;1
20449;Germany;Speedy Express;2014;4;0
20450;UK;Speedy Express;2016;12;0
20451;Portugal;United Package;2017;5;1
20452;USA;United Package;2013;2;0
20453;USA;Federal Shipping;2012;1;0
20454;USA;Speedy Express;2015;2;0
20455;France;Speedy Express;2016;3;0
20456;Brazil;United Package;2020;3;0
20457;Venezuela;Speedy Express;2022;1;0
20458;Mexico;Speedy Express;2016;2;1
20459;USA;United Package;2015;0;0
20460;UK;United Package;2020;1;0
20461;Austria;Federal Shipping;2021;8;0
20462;Venezuela;Speedy Express;2019;21;1
20463;Canada;Federal Shipping;2019;0;0
20464;Canada;United Package;2013;2;0
20465;Brazil;Speedy Express;2021;15;0
20466;Finland;Speedy Express;2013;2;0
20467;Germany;Speedy Express;2020;17;1
20468;Germany;Federal Shipping;2015;3;1
20469;Switzerland;Speedy Express;2013;3;0
20470;Germany;Speedy Express;2014;0;0
20471;Denmark;Federal Shipping;2018;0;0
20472;France;United Package;2015;3;0
20473;USA;Federal Shipping;2017;4;0
20474;Canada;Federal Shipping;2017;4;0
20475;France;Speedy Express;2021;20;1
20476;Mexico;Federal Shipping;2014;12;1
20477;Germany;United Package;2014;2;0
20478;Mexico;United Package;2017;7;0
20479;UK;Speedy Express;2014;4;0
20480;Brazil;United Package;2015;6;0
20481;USA;Speedy Express;2020;17;1
20482;Canada;United Package;2021;0;0
20483;Denmark;United Package;2015;4;0
20484;USA;Speedy Express;2019;3;0
20485;Germany;Speedy Express;2021;6;0
20486;France;Speedy Express;2022;6;0
20487;Germany;Speedy Express;2013;17;1
20488;Mexico;United Package;2015;23;1
20489;France;Federal Shipping;2021;12;0
20490;Sweden;Federal Shipping;2019;1;0
20491;Germany;Speedy Express;2015;2;0
20492;France;Speedy Express;2013;15;0
20493;USA;Speedy Express;2021;11;0
20494;Mexico;Speedy Express;2018;13;1
20495;Denmark;Federal Shipping;2022;5;0
20496;USA;Federal Shipping;2018;0;0
20497;Belgium;Federal Shipping;2018;3;1
20498;Germany;Speedy Express;2018;6;1
20499;USA;Speedy Express;2023;7;1
20500;Germany;Federal Shipping;2021;1;0
20501;Germany;Federal Shipping;2023;11;0
20502;Norway;Federal Shipping;2018;13;0
20503;UK;United Package;2021;8;0
20504;Spain;Speedy Express;2014;0;0
20505;Germany;Speedy Express;2021;2;0
20506;Brazil;Speedy Express;2013;3;0
20507;Venezuela;Federal Shipping;2016;18;1
20508;Germany;Federal Shipping;2021;8;0
20509;Germany;Speedy Express;2021;24;1
20510;UK;United Package;2022;0;0
20511;France;Speedy Express;2016;0;0
20512;France;Speedy Express;2015;10;1
20513;USA;Federal Shipping;2019;22;1
20514;Argentina;Federal Shipping;2020;5;0
20515;UK;Speedy Express;2012;10;1
20516;Denmark;Speedy Express;2015;9;1
20517;Austria;Federal Shipping;2019;8;0
20518;USA;Speedy Express;2016;6;0
20519;USA;Speedy Express;2013;17;1
20520;Belgium;Speedy Express;2017;7;0
20521;UK;Federal Shipping;2022;20;1
20522;USA;Federal Shipping;2015;0;0
20523;Germany;Speedy Express;2013;10;0
20524;France;United Package;2016;4;0
20525;France;Federal Shipping;2023;5;0
20526;Germany;United Package;2023;7;0
20527;Venezuela;Speedy Express;2018;4;0
20528;France;Speedy Express;2020;14;0
20529;Italy;United Package;2014;2;0
20530;Germany;United Package;2016;16;1
20531;Sweden;United Package;2020;10;1
20532;Germany;Speedy Express;2016;11;0
20533;Germany;United Package;2020;23;1
20534;Austria;Speedy Express;2020;0;0
20535;Sweden;Speedy Express;2016;2;0
20536;Mexico;United Package;2022;0;0
20537;Austria;United Package;2019;21;1
20538;Germany;Speedy Express;2019;9;0
20539;USA;Speedy Express;2016;1;0
20540;France;Federal Shipping;2015;17;1
20541;France;United Package;2023;9;0
20542;Portugal;Federal Shipping;2012;3;1
20543;UK;Federal Shipping;2017;13;1
20544;Spain;Federal Shipping;2013;4;0
20545;Germany;United Package;2017;3;0
20546;Mexico;United Package;2015;12;0
20547;France;Speedy Express;2013;6;0
20548;France;United Package;2018;0;0
20549;France;United Package;2020;6;0
20550;Venezuela;Federal Shipping;2017;1;0
20551;UK;United Package;2015;0;0
20552;Denmark;Federal Shipping;2019;26;0
20553;Austria;Speedy Express;2019;8;0
20554;USA;Speedy Express;2015;5;0
20555;USA;Federal Shipping;2019;11;1
20556;Germany;United Package;2018;1;0
20557;Denmark;Federal Shipping;2016;9;0
20558;Brazil;Speedy Express;2015;19;1
20559;USA;Speedy Express;2021;4;0
20560;Austria;Federal Shipping;2018;18;1
20561;Italy;Federal Shipping;2020;3;0
20562;Germany;Speedy Express;2023;3;0
20563;Spain;United Package;2019;23;1
20564;France;Speedy Express;2020;5;0
20565;USA;Speedy Express;2020;23;0
20566;France;Federal Shipping;2020;3;0
20567;Germany;Federal Shipping;2017;4;0
20568;Austria;Speedy Express;2017;0;0
20569;Brazil;Federal Shipping;2021;14;1
20570;Brazil;United Package;2023;1;0
20571;Norway;United Package;2019;2;0
20572;USA;United Package;2021;3;0
20573;Brazil;United Package;2022;25;1
20574;Brazil;United Package;2021;7;0
20575;Brazil;United Package;2016;15;1
20576;USA;Speedy Express;2020;4;0
20577;Belgium;United Package;2019;0;0
20578;Germany;United Package;2020;0;0
20579;Brazil;United Package;2023;10;1
20580;France;Federal Shipping;2020;13;0
20581;Mexico;Federal Shipping;2019;9;1
20582;Mexico;Federal Shipping;2023;23;1
20583;France;Speedy Express;2017;12;0
20584;France;United Package;2023;3;0
20585;UK;Speedy Express;2022;13;0
20586;Germany;Speedy Express;2019;2;0
20587;Belgium;Federal Shipping;2019;4;0
20588;Germany;United Package;2017;17;0
20589;USA;Speedy Express;2017;9;1
20590;Spain;United Package;2018;2;0
20591;Germany;Federal Shipping;2016;1;0
20592;USA;Speedy Express;2022;3;0
20593;Brazil;United Package;2022;3;0
20594;Argentina;Federal Shipping;2022;5;0
20595;USA;Federal Shipping;2023;19;0
20596;Spain;Speedy Express;2012;8;0
20597;France;Federal Shipping;2017;7;0
20598;Ireland;Federal Shipping;2018;22;1
20599;Mexico;Federal Shipping;2023;3;0
20600;USA;Speedy Express;2021;6;0
20601;UK;Federal Shipping;2016;14;0
20602;Ireland;Speedy Express;2018;2;1
20603;Germany;Speedy Express;2018;21;1
20604;Spain;United Package;2017;11;1
20605;Argentina;Speedy Express;2013;6;0
20606;UK;Speedy Express;2016;7;0
20607;USA;Speedy Express;2021;15;1
20608;France;Federal Shipping;2014;16;1
20609;USA;Federal Shipping;2020;10;0
20610;Poland;Speedy Express;2022;5;0
20611;Portugal;Speedy Express;2022;20;1
20612;USA;Speedy Express;2014;1;0
20613;Spain;Speedy Express;2019;20;1
20614;Finland;United Package;2020;14;1
20615;Germany;United Package;2019;5;0
20616;Denmark;Federal Shipping;2014;9;0
20617;UK;Federal Shipping;2014;22;1
20618;Denmark;United Package;2020;10;1
20619;Brazil;Speedy Express;2016;9;0
20620;Mexico;United Package;2018;10;0
20621;Switzerland;Speedy Express;2014;20;1
20622;Germany;Federal Shipping;2018;6;0
20623;Germany;Speedy Express;2015;0;0
20624;Germany;United Package;2016;2;0
20625;Germany;United Package;2017;14;0
20626;Mexico;Speedy Express;2022;13;1
20627;France;Federal Shipping;2012;2;0
20628;USA;Speedy Express;2022;15;0
20629;UK;Federal Shipping;2016;2;0
20630;Brazil;Federal Shipping;2017;1;0
20631;Brazil;United Package;2016;1;0
20632;France;United Package;2012;1;0
20633;Argentina;Speedy Express;2015;11;0
20634;UK;Federal Shipping;2016;11;1
20635;Argentina;United Package;2023;5;0
20636;USA;United Package;2018;12;0
20637;Brazil;Speedy Express;2017;12;1
20638;Argentina;United Package;2023;2;0
20639;France;United Package;2021;1;0
20640;Austria;Speedy Express;2015;3;0
20641;UK;Federal Shipping;2019;5;1
20642;Austria;Federal Shipping;2014;1;0
20643;France;United Package;2016;2;0
20644;USA;United Package;2015;3;0
20645;Venezuela;Federal Shipping;2018;17;0
20646;France;United Package;2023;0;0
20647;Brazil;Speedy Express;2023;1;0
20648;Canada;Speedy Express;2020;6;0
20649;Mexico;United Package;2014;5;0
20650;Canada;Speedy Express;2015;8;0
20651;Italy;Speedy Express;2013;2;0
20652;France;United Package;2023;11;1
20653;Norway;United Package;2016;17;0
20654;Canada;United Package;2016;3;0
20655;France;United Package;2019;8;1
20656;Spain;Federal Shipping;2017;2;0
20657;Brazil;Federal Shipping;2013;29;1
20658;France;Federal Shipping;2017;20;1
20659;Mexico;United Package;2020;11;1
20660;Brazil;United Package;2016;7;1
20661;Italy;Speedy Express;2019;1;0
20662;Poland;United Package;2021;1;0
20663;Finland;United Package;2017;0;0
20664;USA;Speedy Express;2015;1;0
20665;Denmark;Speedy Express;2023;10;1
20666;Mexico;Speedy Express;2013;2;0
20667;France;Federal Shipping;2020;11;1
20668;UK;Federal Shipping;2014;7;0
20669;Portugal;United Package;2018;0;0
20670;Argentina;United Package;2018;4;0
20671;Mexico;Federal Shipping;2014;2;0
20672;Germany;Speedy Express;2022;10;0
20673;Venezuela;Speedy Express;2014;4;0
20674;UK;United Package;2023;16;0
20675;USA;Speedy Express;2020;4;0
20676;Germany;Speedy Express;2019;9;1
20677;France;Speedy Express;2013;1;0
20678;USA;Speedy Express;2021;5;0
20679;Switzerland;Federal Shipping;2016;2;0
20680;UK;Speedy Express;2022;8;0
20681;Poland;Federal Shipping;2022;8;0
20682;Sweden;Speedy Express;2016;25;1
20683;UK;United Package;2021;8;0
20684;UK;Speedy Express;2018;7;0
20685;Germany;Speedy Express;2018;13;0
20686;Argentina;United Package;2012;14;0
20687;Portugal;Speedy Express;2020;20;1
20688;Switzerland;Speedy Express;2023;17;0
20689;France;Federal Shipping;2015;12;0
20690;Finland;United Package;2017;22;1
20691;Norway;Federal Shipping;2012;5;0
20692;Norway;Speedy Express;2013;1;0
20693;Spain;United Package;2018;1;0
20694;Mexico;Speedy Express;2023;10;0
20695;Venezuela;Federal Shipping;2020;5;0
20696;UK;Federal Shipping;2016;4;1
20697;Finland;Speedy Express;2015;20;1
20698;Portugal;United Package;2019;15;1
20699;USA;Federal Shipping;2017;10;1
20700;Belgium;Speedy Express;2023;20;1
20701;Argentina;Speedy Express;2020;21;1
20702;Argentina;Speedy Express;2018;2;1
20703;Brazil;Speedy Express;2019;12;0
20704;USA;Federal Shipping;2020;6;0
20705;Austria;United Package;2022;15;1
20706;USA;United Package;2017;1;0
20707;Finland;United Package;2014;1;0
20708;USA;Speedy Express;2014;3;0
20709;UK;United Package;2023;3;0
20710;USA;United Package;2015;1;0
20711;Germany;Speedy Express;2022;3;0
20712;USA;United Package;2021;12;0
20713;USA;United Package;2012;7;0
20714;Germany;Speedy Express;2017;5;0
20715;Switzerland;Speedy Express;2016;6;1
20716;USA;Federal Shipping;2018;2;0
20717;Switzerland;Federal Shipping;2014;5;0
20718;UK;Federal Shipping;2023;7;1
20719;France;Speedy Express;2013;5;0
20720;USA;Federal Shipping;2022;3;0
20721;Germany;Federal Shipping;2014;11;0
20722;Italy;Federal Shipping;2016;1;0
20723;USA;United Package;2020;12;0
20724;USA;United Package;2018;0;0
20725;Germany;United Package;2022;26;1
20726;Spain;Federal Shipping;2017;4;0
20727;Mexico;Speedy Express;2023;21;0
20728;France;United Package;2020;7;0
20729;Argentina;Speedy Express;2019;0;0
20730;UK;Federal Shipping;2022;0;0
20731;Spain;United Package;2021;4;0
20732;Brazil;Speedy Express;2019;16;1
20733;Brazil;United Package;2012;1;0
20734;France;Federal Shipping;2016;23;0
20735;Portugal;Federal Shipping;2022;8;0
20736;UK;Speedy Express;2019;4;0
20737;Mexico;Federal Shipping;2021;12;0
20738;USA;United Package;2022;9;1
20739;USA;Federal Shipping;2023;5;0
20740;Argentina;United Package;2023;3;0
20741;Argentina;Speedy Express;2014;4;0
20742;France;United Package;2019;8;0
20743;USA;Federal Shipping;2022;3;0
20744;UK;United Package;2014;13;0
20745;Brazil;Speedy Express;2019;18;1
20746;Canada;Speedy Express;2018;0;0
20747;Austria;Speedy Express;2014;10;0
20748;France;Federal Shipping;2017;2;0
20749;Germany;Federal Shipping;2017;5;0
20750;Brazil;Federal Shipping;2016;7;1
20751;France;Federal Shipping;2018;22;1
20752;Austria;Speedy Express;2021;0;0
20753;Germany;Federal Shipping;2015;3;1
20754;USA;United Package;2012;6;0
20755;Germany;Speedy Express;2022;5;1
20756;Germany;Speedy Express;2021;3;0
20757;France;Speedy Express;2018;7;0
20758;Brazil;United Package;2020;20;0
20759;Canada;Federal Shipping;2023;20;1
20760;France;United Package;2020;4;0
20761;USA;United Package;2023;2;0
20762;Belgium;Federal Shipping;2017;26;0
20763;Brazil;United Package;2012;8;0
20764;France;Speedy Express;2015;7;1
20765;Belgium;Speedy Express;2017;0;0
20766;France;Federal Shipping;2023;7;1
20767;Brazil;Federal Shipping;2022;18;0
20768;Brazil;Federal Shipping;2019;6;0
20769;Canada;Speedy Express;2013;25;1
20770;USA;Speedy Express;2012;7;0
20771;France;Speedy Express;2016;27;1
20772;UK;United Package;2015;25;0
20773;Spain;Speedy Express;2019;7;1
20774;Germany;Speedy Express;2014;8;1
20775;Mexico;Speedy Express;2019;3;0
20776;USA;Speedy Express;2012;11;1
20777;USA;United Package;2020;15;0
20778;Ireland;Federal Shipping;2016;0;0
20779;USA;United Package;2019;15;0
20780;USA;United Package;2023;4;0
20781;Canada;United Package;2013;3;0
20782;Sweden;Speedy Express;2018;9;0
20783;Spain;United Package;2021;0;0
20784;Germany;Speedy Express;2021;14;1
20785;Brazil;Federal Shipping;2016;25;1
20786;France;Speedy Express;2020;17;0
20787;Germany;Speedy Express;2023;17;1
20788;Denmark;Speedy Express;2021;22;0
20789;Argentina;Federal Shipping;2015;10;0
20790;Venezuela;United Package;2019;1;0
20791;Finland;Federal Shipping;2017;2;0
20792;Argentina;United Package;2015;1;0
20793;Denmark;Federal Shipping;2014;5;0
20794;Finland;United Package;2016;4;0
20795;UK;Federal Shipping;2019;20;1
20796;Spain;United Package;2023;5;0
20797;Canada;United Package;2021;4;0
20798;Germany;Federal Shipping;2016;14;0
20799;USA;United Package;2013;10;0
20800;Poland;Federal Shipping;2021;18;1
20801;USA;Federal Shipping;2022;1;0
20802;UK;Federal Shipping;2015;8;0
20803;UK;Speedy Express;2019;1;0
20804;Brazil;United Package;2020;1;0
20805;USA;Federal Shipping;2018;8;0
20806;Germany;Speedy Express;2016;8;1
20807;France;United Package;2013;3;0
20808;UK;Speedy Express;2016;14;1
20809;Venezuela;Federal Shipping;2012;8;1
20810;Argentina;United Package;2021;3;0
20811;Italy;Speedy Express;2015;8;0
20812;Brazil;Speedy Express;2019;9;0
20813;Mexico;United Package;2017;4;0
20814;Finland;Federal Shipping;2022;1;0
20815;Germany;United Package;2016;10;0
20816;Venezuela;Federal Shipping;2017;1;0
20817;Spain;Federal Shipping;2021;6;0
20818;Sweden;United Package;2015;5;0
20819;Germany;Federal Shipping;2017;23;0
20820;Brazil;Speedy Express;2013;4;0
20821;UK;Speedy Express;2013;4;0
20822;Brazil;United Package;2023;5;0
20823;Spain;Speedy Express;2013;2;0
20824;USA;Federal Shipping;2016;6;0
20825;Germany;Federal Shipping;2013;2;0
20826;USA;United Package;2017;11;0
20827;Belgium;United Package;2019;1;1
20828;Germany;Federal Shipping;2013;16;0
20829;UK;Federal Shipping;2014;19;1
20830;Germany;Speedy Express;2017;13;0
20831;Italy;Federal Shipping;2014;5;0
20832;UK;United Package;2023;10;0
20833;UK;Speedy Express;2018;2;0
20834;Argentina;Speedy Express;2021;9;0
20835;Canada;United Package;2016;15;0
20836;France;United Package;2013;7;0
20837;France;Speedy Express;2016;4;0
20838;Denmark;Speedy Express;2018;15;0
20839;Germany;Speedy Express;2023;6;0
20840;France;Federal Shipping;2016;5;0
20841;Germany;Speedy Express;2022;0;0
20842;USA;Federal Shipping;2014;15;1
20843;Venezuela;United Package;2022;19;1
20844;Germany;United Package;2022;10;0
20845;Germany;Federal Shipping;2021;12;1
20846;Sweden;United Package;2023;1;0
20847;UK;Federal Shipping;2022;1;0
20848;Austria;United Package;2016;0;0
20849;Portugal;United Package;2021;10;1
20850;USA;Federal Shipping;2021;15;0
20851;Brazil;Speedy Express;2022;5;0
20852;Portugal;Federal Shipping;2022;10;1
20853;Germany;United Package;2016;1;0
20854;France;United Package;2021;3;0
20855;Canada;Speedy Express;2017;6;0
20856;UK;Federal Shipping;2023;0;0
20857;Spain;Speedy Express;2017;5;0
20858;Norway;Federal Shipping;2021;23;1
20859;Brazil;United Package;2012;2;0
20860;Mexico;United Package;2022;3;0
20861;USA;Federal Shipping;2020;1;0
20862;Spain;Speedy Express;2019;8;0
20863;France;United Package;2018;0;0
20864;UK;United Package;2012;11;0
20865;Germany;United Package;2021;22;1
20866;Argentina;United Package;2021;6;1
20867;USA;United Package;2018;2;0
20868;Mexico;Speedy Express;2018;1;0
20869;USA;Speedy Express;2018;1;0
20870;Norway;United Package;2021;16;1
20871;Spain;United Package;2019;21;0
20872;Brazil;Federal Shipping;2013;15;1
20873;France;United Package;2013;12;0
20874;Denmark;Speedy Express;2016;3;0
20875;Germany;Speedy Express;2015;11;0
20876;Germany;Federal Shipping;2015;18;0
20877;Germany;United Package;2021;0;0
20878;France;United Package;2021;1;0
20879;Canada;Speedy Express;2015;15;0
20880;Italy;Federal Shipping;2022;3;0
20881;France;United Package;2018;6;0
20882;Belgium;Speedy Express;2013;7;0
20883;UK;Federal Shipping;2022;26;1
20884;Denmark;Federal Shipping;2012;18;0
20885;Sweden;United Package;2019;15;0
20886;France;Federal Shipping;2020;16;0
20887;Brazil;United Package;2022;27;0
20888;Germany;Speedy Express;2015;0;0
20889;Venezuela;Federal Shipping;2020;9;0
20890;Brazil;Federal Shipping;2020;4;0
20891;USA;Speedy Express;2018;12;0
20892;Canada;United Package;2020;2;0
20893;Sweden;Speedy Express;2017;0;0
20894;Germany;Federal Shipping;2015;1;0
20895;Finland;Speedy Express;2017;2;1
20896;Germany;United Package;2021;0;0
20897;USA;Speedy Express;2023;5;0
20898;Argentina;Speedy Express;2022;10;0
20899;Brazil;United Package;2023;7;0
20900;Brazil;Speedy Express;2017;22;0
20901;Brazil;Speedy Express;2016;7;1
20902;Brazil;Speedy Express;2014;3;0
20903;Brazil;Federal Shipping;2015;10;1
20904;Belgium;Speedy Express;2016;0;0
20905;Mexico;United Package;2014;14;0
20906;Brazil;Speedy Express;2020;7;0
20907;France;United Package;2013;1;0
20908;Italy;Federal Shipping;2021;3;0
20909;USA;United Package;2023;7;1
20910;Germany;Federal Shipping;2019;2;0
20911;France;Speedy Express;2014;15;1
20912;France;Speedy Express;2016;4;0
20913;Canada;Federal Shipping;2020;3;0
20914;Germany;United Package;2018;20;0
20915;USA;United Package;2013;2;0
20916;Portugal;Speedy Express;2023;2;0
20917;Switzerland;Speedy Express;2013;6;1
20918;Germany;Speedy Express;2016;10;0
20919;Venezuela;Federal Shipping;2022;0;0
20920;Finland;Federal Shipping;2015;13;0
20921;UK;United Package;2018;2;0
20922;Belgium;Federal Shipping;2021;1;0
20923;USA;United Package;2020;3;0
20924;Mexico;United Package;2014;6;0
20925;Switzerland;United Package;2019;7;0
20926;Germany;Federal Shipping;2018;12;0
20927;Mexico;Federal Shipping;2022;5;0
20928;USA;United Package;2022;7;0
20929;USA;Speedy Express;2014;7;0
20930;France;Federal Shipping;2020;7;1
20931;Argentina;Speedy Express;2022;8;1
20932;Germany;Federal Shipping;2020;3;0
20933;Canada;United Package;2022;2;0
20934;France;Federal Shipping;2019;23;1
20935;USA;Federal Shipping;2018;2;0
20936;Austria;Speedy Express;2015;8;0
20937;Portugal;United Package;2015;0;0
20938;Germany;Federal Shipping;2014;5;1
20939;Canada;Speedy Express;2019;6;0
20940;Argentina;Federal Shipping;2012;16;0
20941;Argentina;Federal Shipping;2020;7;0
20942;USA;United Package;2012;4;0
20943;Argentina;Federal Shipping;2019;9;0
20944;Mexico;Speedy Express;2018;2;0
20945;Brazil;United Package;2021;3;0
20946;Canada;United Package;2014;1;0
20947;Germany;Speedy Express;2021;26;0
20948;Brazil;Speedy Express;2015;16;0
20949;Mexico;United Package;2012;1;0
20950;Germany;Speedy Express;2014;4;0
20951;Canada;Federal Shipping;2022;9;0
20952;Spain;Federal Shipping;2018;2;0
20953;Norway;Federal Shipping;2017;7;0
20954;UK;Federal Shipping;2022;8;1
20955;Argentina;United Package;2022;12;0
20956;USA;Federal Shipping;2022;6;0
20957;Brazil;United Package;2021;1;0
20958;Germany;Federal Shipping;2022;14;1
20959;Switzerland;Federal Shipping;2021;9;0
20960;Brazil;United Package;2021;9;1
20961;France;United Package;2013;2;0
20962;Austria;Federal Shipping;2022;0;0
20963;Mexico;United Package;2018;1;0
20964;Argentina;Speedy Express;2016;12;0
20965;France;Speedy Express;2020;4;0
20966;Brazil;Federal Shipping;2022;3;0
20967;Austria;Speedy Express;2016;5;1
20968;Brazil;Federal Shipping;2013;11;0
20969;Spain;United Package;2012;10;1
20970;France;United Package;2020;15;0
20971;Canada;Federal Shipping;2014;5;0
20972;Brazil;Speedy Express;2016;10;0
20973;UK;Federal Shipping;2014;3;0
20974;USA;Federal Shipping;2021;7;0
20975;France;United Package;2023;0;0
20976;Germany;Federal Shipping;2012;4;1
20977;Mexico;United Package;2012;8;1
20978;Spain;Federal Shipping;2019;2;0
20979;Canada;United Package;2022;1;0
20980;Italy;Federal Shipping;2016;0;0
20981;Denmark;Speedy Express;2016;0;0
20982;Denmark;United Package;2014;22;0
20983;Germany;Speedy Express;2012;10;0
20984;UK;United Package;2015;9;0
20985;UK;Speedy Express;2015;1;0
20986;France;Speedy Express;2022;2;0
20987;USA;Federal Shipping;2022;1;0
20988;Venezuela;United Package;2022;4;1
20989;Germany;Speedy Express;2013;17;1
20990;USA;Speedy Express;2013;4;0
20991;Sweden;Federal Shipping;2014;2;0
20992;Brazil;United Package;2016;1;0
20993;Venezuela;Federal Shipping;2020;3;0
20994;Germany;Federal Shipping;2019;4;0
20995;UK;Speedy Express;2021;3;0
20996;Italy;Federal Shipping;2014;6;0
20997;Canada;Speedy Express;2016;12;0
20998;Brazil;United Package;2014;8;0
20999;Finland;Speedy Express;2021;1;0
21000;Brazil;United Package;2016;7;0
21001;USA;Federal Shipping;2013;6;0
21002;Germany;Federal Shipping;2023;6;0
21003;Mexico;Federal Shipping;2017;3;0
21004;Germany;United Package;2016;6;0
21005;Finland;Speedy Express;2022;10;1
21006;Austria;United Package;2016;15;1
21007;Switzerland;Speedy Express;2018;18;1
21008;UK;United Package;2014;18;1
21009;UK;Speedy Express;2019;0;0
21010;France;Speedy Express;2018;25;1
21011;Germany;Federal Shipping;2014;8;1
21012;Portugal;Speedy Express;2016;4;0
21013;UK;Speedy Express;2021;0;0
21014;Mexico;United Package;2022;3;0
21015;Portugal;Federal Shipping;2014;1;0
21016;France;Federal Shipping;2022;1;0
21017;UK;Speedy Express;2016;5;1
21018;Germany;Federal Shipping;2023;1;0
21019;Germany;United Package;2022;4;0
21020;Germany;United Package;2019;22;1
21021;Brazil;United Package;2013;11;0
21022;Germany;Federal Shipping;2015;1;1
21023;Poland;United Package;2017;12;0
21024;Mexico;United Package;2016;9;1
21025;Finland;Speedy Express;2023;7;1
21026;USA;United Package;2012;5;0
21027;Finland;United Package;2014;3;0
21028;Canada;Federal Shipping;2019;17;0
21029;Mexico;Speedy Express;2017;13;1
21030;France;Federal Shipping;2023;6;1
21031;Spain;United Package;2017;8;1
21032;Argentina;Federal Shipping;2014;3;1
21033;Norway;Speedy Express;2021;7;0
21034;Italy;Federal Shipping;2020;12;0
21035;France;United Package;2022;3;0
21036;USA;Federal Shipping;2013;1;0
21037;Brazil;United Package;2014;2;0
21038;Brazil;Speedy Express;2020;0;0
21039;USA;Federal Shipping;2013;2;0
21040;Brazil;Speedy Express;2015;10;0
21041;Mexico;Federal Shipping;2022;0;0
21042;USA;United Package;2022;25;0
21043;Denmark;Federal Shipping;2017;17;0
21044;Spain;Federal Shipping;2017;4;1
21045;USA;Speedy Express;2015;2;0
21046;UK;Federal Shipping;2014;16;0
21047;Mexico;Federal Shipping;2013;3;0
21048;Portugal;Federal Shipping;2018;7;1
21049;USA;Federal Shipping;2019;8;1
21050;UK;Federal Shipping;2020;8;0
21051;Austria;Speedy Express;2022;10;0
21052;UK;Federal Shipping;2018;21;1
21053;Sweden;Speedy Express;2022;4;0
21054;Germany;United Package;2019;6;0
21055;USA;United Package;2018;4;0
21056;Germany;United Package;2013;16;0
21057;Venezuela;Federal Shipping;2017;3;0
21058;Canada;United Package;2019;2;0
21059;UK;Speedy Express;2019;1;0
21060;Mexico;Federal Shipping;2017;5;0
21061;USA;United Package;2020;17;1
21062;USA;United Package;2020;2;0
21063;UK;Federal Shipping;2016;8;0
21064;Mexico;Federal Shipping;2012;5;0
21065;Mexico;Speedy Express;2014;13;1
21066;Mexico;Federal Shipping;2015;22;1
21067;France;United Package;2016;22;1
21068;Germany;Federal Shipping;2014;11;0
21069;France;Federal Shipping;2013;0;0
21070;USA;Federal Shipping;2016;11;0
21071;USA;Speedy Express;2023;0;0
21072;Germany;Speedy Express;2012;20;1
21073;Portugal;United Package;2013;3;0
21074;Denmark;United Package;2020;1;0
21075;Brazil;Federal Shipping;2017;6;0
21076;USA;Federal Shipping;2014;12;0
21077;UK;Speedy Express;2021;5;0
21078;UK;Federal Shipping;2016;1;0
21079;UK;United Package;2022;20;1
21080;Canada;Federal Shipping;2015;5;0
21081;UK;Speedy Express;2018;7;0
21082;Venezuela;Federal Shipping;2015;1;0
21083;Denmark;United Package;2020;6;0
21084;Poland;Speedy Express;2022;17;1
21085;Italy;Speedy Express;2014;5;0
21086;USA;Federal Shipping;2022;7;0
21087;Finland;United Package;2016;4;0
21088;UK;Speedy Express;2017;1;0
21089;France;Federal Shipping;2019;4;0
21090;USA;United Package;2020;8;0
21091;Portugal;United Package;2013;8;0
21092;USA;United Package;2021;4;0
21093;USA;United Package;2023;1;0
21094;UK;Federal Shipping;2023;4;1
21095;France;Federal Shipping;2013;0;0
21096;Germany;Federal Shipping;2015;9;1
21097;Germany;Federal Shipping;2019;11;1
21098;Mexico;Federal Shipping;2019;17;0
21099;France;Speedy Express;2022;16;1
21100;Brazil;United Package;2019;2;0
21101;Portugal;Federal Shipping;2021;0;0
21102;USA;Speedy Express;2014;15;0
21103;USA;United Package;2019;1;0
21104;Mexico;Federal Shipping;2013;2;0
21105;Brazil;Speedy Express;2018;21;1
21106;Sweden;Federal Shipping;2020;11;1
21107;Switzerland;Federal Shipping;2021;19;0
21108;USA;United Package;2020;9;1
21109;UK;Federal Shipping;2020;3;0
21110;France;Federal Shipping;2014;1;1
21111;USA;United Package;2018;0;0
21112;France;United Package;2022;5;0
21113;Canada;Federal Shipping;2019;9;1
21114;Venezuela;Federal Shipping;2013;0;0
21115;USA;United Package;2018;25;1
21116;UK;Federal Shipping;2013;7;0
21117;USA;Speedy Express;2022;1;0
21118;Poland;Speedy Express;2015;0;0
21119;Venezuela;Speedy Express;2018;5;0
21120;Italy;United Package;2016;6;0
21121;Germany;Speedy Express;2014;16;0
21122;Finland;United Package;2015;2;0
21123;USA;United Package;2016;23;1
21124;Germany;United Package;2020;16;1
21125;Austria;Federal Shipping;2017;9;1
21126;France;Federal Shipping;2023;5;0
21127;Austria;Federal Shipping;2015;14;1
21128;Venezuela;Federal Shipping;2013;13;0
21129;Venezuela;Federal Shipping;2020;11;0
21130;Austria;United Package;2019;8;0
21131;Germany;United Package;2023;8;0
21132;Germany;United Package;2020;10;0
21133;Canada;Federal Shipping;2013;0;0
21134;Argentina;Federal Shipping;2019;0;0
21135;USA;Speedy Express;2018;0;0
21136;Germany;United Package;2022;6;1
21137;USA;Federal Shipping;2019;4;1
21138;Germany;Federal Shipping;2018;1;0
21139;Ireland;Speedy Express;2018;18;0
21140;Germany;United Package;2014;3;1
21141;Germany;United Package;2015;11;0
21142;France;Speedy Express;2016;6;0
21143;France;Federal Shipping;2015;4;0
21144;USA;Federal Shipping;2017;8;1
21145;Spain;Federal Shipping;2015;3;0
21146;Austria;United Package;2014;3;0
21147;Canada;Federal Shipping;2021;2;0
21148;Germany;United Package;2021;2;0
21149;Argentina;United Package;2020;3;0
21150;Germany;Speedy Express;2014;4;0
21151;USA;Federal Shipping;2016;3;0
21152;Ireland;Federal Shipping;2015;4;0
21153;UK;Speedy Express;2019;12;0
21154;Spain;Speedy Express;2018;12;0
21155;Switzerland;United Package;2015;6;1
21156;UK;United Package;2020;7;1
21157;Brazil;Federal Shipping;2016;2;0
21158;Norway;United Package;2022;17;0
21159;France;Federal Shipping;2019;4;0
21160;USA;United Package;2016;0;0
21161;Brazil;United Package;2023;6;0
21162;Germany;Federal Shipping;2014;3;0
21163;UK;United Package;2021;23;1
21164;USA;United Package;2023;3;0
21165;France;Federal Shipping;2015;20;0
21166;Mexico;Speedy Express;2019;2;0
21167;Poland;United Package;2016;9;1
21168;Brazil;United Package;2023;17;0
21169;USA;United Package;2014;3;0
21170;USA;United Package;2014;0;0
21171;Italy;Federal Shipping;2013;15;0
21172;USA;Speedy Express;2014;4;0
21173;Germany;Speedy Express;2021;16;1
21174;Mexico;United Package;2018;7;0
21175;Mexico;Federal Shipping;2013;9;0
21176;Germany;Federal Shipping;2019;11;0
21177;Germany;Federal Shipping;2012;10;0
21178;France;Speedy Express;2017;1;0
21179;France;United Package;2023;2;0
21180;Denmark;Federal Shipping;2022;15;1
21181;Brazil;Federal Shipping;2019;20;1
21182;Germany;United Package;2016;11;1
21183;Italy;Federal Shipping;2019;11;0
21184;Mexico;United Package;2018;1;0
21185;Germany;Speedy Express;2023;1;0
21186;Denmark;United Package;2021;3;0
21187;Spain;Speedy Express;2012;3;0
21188;Brazil;Speedy Express;2014;4;0
21189;Germany;Federal Shipping;2017;11;0
21190;Spain;Federal Shipping;2021;19;1
21191;USA;United Package;2016;22;1
21192;USA;Speedy Express;2018;3;0
21193;USA;United Package;2023;16;1
21194;Venezuela;United Package;2019;21;1
21195;Brazil;Speedy Express;2017;9;0
21196;France;United Package;2015;13;1
21197;France;United Package;2015;2;1
21198;Portugal;United Package;2021;11;1
21199;Venezuela;Federal Shipping;2018;6;1
21200;USA;Federal Shipping;2013;9;0
21201;Mexico;United Package;2013;6;0
21202;Portugal;Federal Shipping;2017;0;0
21203;Germany;United Package;2016;4;1
21204;Germany;Speedy Express;2023;0;0
21205;Brazil;Federal Shipping;2016;17;0
21206;Germany;Speedy Express;2019;20;1
21207;UK;United Package;2013;0;0
21208;Germany;Speedy Express;2014;3;0
21209;Germany;Speedy Express;2014;7;0
21210;Germany;Speedy Express;2022;8;0
21211;Argentina;Federal Shipping;2018;7;0
21212;Brazil;Speedy Express;2016;10;1
21213;USA;Federal Shipping;2023;12;1
21214;Spain;United Package;2012;16;1
21215;Germany;Speedy Express;2019;1;0
21216;France;Federal Shipping;2013;1;0
21217;Canada;Federal Shipping;2014;1;0
21218;Germany;Speedy Express;2014;14;1
21219;Germany;Federal Shipping;2017;8;1
21220;Denmark;United Package;2016;1;0
21221;France;Federal Shipping;2022;13;1
21222;Ireland;Federal Shipping;2020;6;0
21223;Portugal;Speedy Express;2018;15;1
21224;UK;Speedy Express;2018;3;0
21225;Spain;Speedy Express;2021;8;0
21226;Germany;Speedy Express;2015;8;0
21227;Brazil;United Package;2014;6;0
21228;France;Federal Shipping;2014;13;1
21229;Argentina;Federal Shipping;2018;7;1
21230;UK;Federal Shipping;2017;0;0
21231;UK;Speedy Express;2021;2;0
21232;Italy;Federal Shipping;2020;7;0
21233;Portugal;Federal Shipping;2012;9;1
21234;USA;United Package;2019;4;0
21235;Switzerland;Speedy Express;2016;6;0
21236;Venezuela;Federal Shipping;2020;10;0
21237;Spain;United Package;2016;3;0
21238;USA;Speedy Express;2023;7;0
21239;Germany;United Package;2018;7;0
21240;USA;Speedy Express;2017;1;0
21241;Brazil;Federal Shipping;2019;2;0
21242;Germany;Federal Shipping;2013;10;0
21243;Canada;Federal Shipping;2012;17;0
21244;USA;United Package;2015;1;0
21245;Venezuela;United Package;2016;12;0
21246;Portugal;United Package;2019;16;0
21247;USA;Federal Shipping;2012;5;0
21248;Belgium;Speedy Express;2018;13;0
21249;USA;Federal Shipping;2020;5;0
21250;France;Speedy Express;2016;1;0
21251;France;Federal Shipping;2022;9;0
21252;UK;United Package;2017;26;1
21253;USA;United Package;2022;2;0
21254;Argentina;United Package;2016;4;0
21255;Germany;Speedy Express;2013;0;0
21256;USA;Speedy Express;2019;4;0
21257;Spain;Federal Shipping;2017;0;0
21258;Sweden;United Package;2020;5;1
21259;Mexico;Speedy Express;2018;5;1
21260;Germany;United Package;2021;1;0
21261;UK;Speedy Express;2023;16;1
21262;USA;Federal Shipping;2022;12;0
21263;Austria;Federal Shipping;2017;7;1
21264;UK;United Package;2015;2;0
21265;UK;United Package;2016;22;0
21266;USA;Speedy Express;2017;2;0
21267;Germany;Speedy Express;2014;3;0
21268;USA;Federal Shipping;2016;1;0
21269;Brazil;United Package;2022;2;0
21270;Germany;Federal Shipping;2017;18;1
21271;USA;Federal Shipping;2020;13;1
21272;Canada;United Package;2023;2;0
21273;Germany;Speedy Express;2014;14;1
21274;Spain;Federal Shipping;2018;19;0
21275;UK;Federal Shipping;2021;8;0
21276;Brazil;Federal Shipping;2021;26;0
21277;Germany;Speedy Express;2022;3;0
21278;Germany;United Package;2014;21;1
21279;Switzerland;Speedy Express;2012;1;0
21280;Italy;Federal Shipping;2021;2;0
21281;France;United Package;2012;3;1
21282;Brazil;Speedy Express;2022;2;0
21283;Switzerland;Speedy Express;2020;1;0
21284;USA;Federal Shipping;2017;4;0
21285;Canada;Speedy Express;2019;19;1
21286;France;United Package;2015;6;0
21287;Germany;Federal Shipping;2016;1;0
21288;Mexico;United Package;2015;7;0
21289;Brazil;Speedy Express;2015;1;0
21290;Germany;Speedy Express;2014;0;0
21291;Brazil;United Package;2021;2;0
21292;UK;Speedy Express;2014;2;0
21293;France;United Package;2014;10;0
21294;Spain;United Package;2023;9;0
21295;France;Speedy Express;2017;2;0
21296;Ireland;United Package;2019;16;0
21297;Mexico;Federal Shipping;2021;21;1
21298;USA;Federal Shipping;2013;1;0
21299;UK;United Package;2016;3;0
21300;Spain;Speedy Express;2015;8;1
21301;Germany;Speedy Express;2015;1;0
21302;Argentina;United Package;2015;2;0
21303;Canada;United Package;2015;2;0
21304;UK;United Package;2017;1;0
21305;France;Federal Shipping;2020;3;0
21306;Brazil;Speedy Express;2014;0;0
21307;France;United Package;2019;12;0
21308;USA;Federal Shipping;2014;12;1
21309;France;Federal Shipping;2016;5;0
21310;Switzerland;Speedy Express;2023;10;0
21311;Germany;Federal Shipping;2014;5;0
21312;USA;Federal Shipping;2018;7;0
21313;Sweden;United Package;2020;17;0
21314;Mexico;Speedy Express;2017;10;1
21315;Germany;Speedy Express;2016;4;0
21316;Brazil;Federal Shipping;2020;6;1
21317;Brazil;Speedy Express;2021;5;0
21318;Canada;Federal Shipping;2014;6;1
21319;Germany;Federal Shipping;2015;1;0
21320;UK;United Package;2017;1;0
21321;Switzerland;Speedy Express;2015;1;0
21322;USA;United Package;2012;1;0
21323;Brazil;Speedy Express;2017;4;0
21324;USA;Federal Shipping;2023;2;0
21325;Venezuela;United Package;2023;3;0
21326;Spain;Speedy Express;2023;14;0
21327;Canada;Federal Shipping;2022;18;1
21328;Germany;United Package;2020;9;0
21329;Spain;Speedy Express;2020;5;0
21330;Mexico;Federal Shipping;2014;19;1
21331;Canada;Federal Shipping;2022;11;0
21332;UK;United Package;2018;3;0
21333;Argentina;United Package;2023;12;1
21334;USA;United Package;2020;15;0
21335;Switzerland;Speedy Express;2023;1;0
21336;Canada;Speedy Express;2021;6;1
21337;Canada;Speedy Express;2015;0;0
21338;USA;Federal Shipping;2023;23;1
21339;Germany;Speedy Express;2022;18;0
21340;Switzerland;Speedy Express;2016;6;0
21341;USA;Federal Shipping;2016;4;0
21342;Finland;Federal Shipping;2013;15;0
21343;France;Speedy Express;2015;11;0
21344;Italy;Speedy Express;2017;6;0
21345;Venezuela;Speedy Express;2023;15;1
21346;USA;United Package;2020;3;0
21347;Venezuela;Speedy Express;2013;6;1
21348;USA;United Package;2021;24;1
21349;Germany;Federal Shipping;2020;3;0
21350;France;Federal Shipping;2014;5;0
21351;Germany;Speedy Express;2014;3;0
21352;Brazil;Federal Shipping;2015;5;0
21353;Germany;United Package;2018;5;0
21354;USA;Federal Shipping;2023;12;0
21355;Mexico;Speedy Express;2017;4;0
21356;USA;United Package;2020;21;1
21357;UK;United Package;2016;1;0
21358;UK;Speedy Express;2023;2;0
21359;Switzerland;Speedy Express;2016;2;0
21360;Austria;United Package;2017;1;0
21361;USA;Speedy Express;2013;5;0
21362;Switzerland;Speedy Express;2019;16;1
21363;Venezuela;United Package;2013;11;1
21364;Argentina;Federal Shipping;2016;1;0
21365;Germany;Federal Shipping;2018;22;1
21366;Canada;Speedy Express;2023;7;0
21367;Spain;Speedy Express;2012;3;1
21368;Denmark;United Package;2012;20;0
21369;Venezuela;Federal Shipping;2022;21;0
21370;Austria;Speedy Express;2014;3;1
21371;Canada;Speedy Express;2022;9;0
21372;Brazil;Speedy Express;2019;2;0
21373;Canada;Speedy Express;2022;17;1
21374;France;Federal Shipping;2013;1;0
21375;Italy;Speedy Express;2013;6;0
21376;UK;United Package;2020;5;0
21377;Italy;Federal Shipping;2020;4;0
21378;Italy;United Package;2019;5;0
21379;Canada;United Package;2012;22;1
21380;France;Speedy Express;2022;14;0
21381;USA;Federal Shipping;2019;3;0
21382;UK;United Package;2020;0;0
21383;Venezuela;Speedy Express;2015;3;1
21384;Argentina;Speedy Express;2023;23;1
21385;USA;Speedy Express;2015;18;1
21386;USA;United Package;2022;1;0
21387;Brazil;United Package;2019;18;0
21388;Germany;United Package;2016;9;0
21389;Germany;Speedy Express;2016;10;0
21390;UK;Federal Shipping;2018;1;0
21391;Mexico;United Package;2022;4;0
21392;Germany;Federal Shipping;2022;1;0
21393;Denmark;United Package;2023;5;0
21394;France;United Package;2021;1;0
21395;Canada;Speedy Express;2020;3;0
21396;USA;United Package;2019;0;0
21397;Canada;Speedy Express;2014;1;0
21398;Austria;Speedy Express;2021;1;0
21399;Belgium;Federal Shipping;2020;10;1
21400;Canada;Speedy Express;2021;8;0
21401;France;Speedy Express;2015;2;0
21402;Argentina;Speedy Express;2019;12;0
21403;Belgium;Federal Shipping;2015;25;1
21404;USA;United Package;2016;7;0
21405;Brazil;Federal Shipping;2022;22;1
21406;Mexico;Speedy Express;2019;16;0
21407;Mexico;United Package;2023;10;1
21408;Germany;Speedy Express;2014;1;0
21409;USA;Federal Shipping;2021;8;0
21410;USA;United Package;2023;1;0
21411;Canada;Federal Shipping;2017;11;1
21412;Canada;United Package;2013;1;0
21413;Argentina;United Package;2013;13;1
21414;USA;Speedy Express;2013;2;0
21415;Venezuela;Speedy Express;2019;7;0
21416;Finland;Speedy Express;2021;2;0
21417;Italy;Federal Shipping;2019;6;0
21418;Brazil;Federal Shipping;2019;7;0
21419;France;Speedy Express;2015;8;0
21420;Argentina;United Package;2019;3;0
21421;Argentina;Federal Shipping;2015;20;1
21422;Switzerland;Speedy Express;2020;27;1
21423;UK;Federal Shipping;2017;3;0
21424;Venezuela;United Package;2023;26;1
21425;Germany;Speedy Express;2023;1;0
21426;France;United Package;2023;5;0
21427;Germany;Speedy Express;2020;13;1
21428;UK;Federal Shipping;2021;2;0
21429;USA;Speedy Express;2018;5;0
21430;Mexico;Federal Shipping;2015;18;0
21431;Mexico;Federal Shipping;2017;15;0
21432;Italy;Federal Shipping;2019;18;0
21433;Mexico;Speedy Express;2020;2;0
21434;Spain;United Package;2022;8;0
21435;UK;Speedy Express;2019;4;1
21436;Mexico;Federal Shipping;2017;9;0
21437;Argentina;United Package;2012;5;0
21438;Finland;United Package;2019;7;0
21439;USA;United Package;2013;2;0
21440;France;Federal Shipping;2017;1;0
21441;Brazil;Speedy Express;2019;5;0
21442;Germany;Speedy Express;2021;1;0
21443;USA;Speedy Express;2018;4;1
21444;Argentina;Federal Shipping;2016;8;0
21445;Brazil;Federal Shipping;2017;2;0
21446;UK;Speedy Express;2019;0;0
21447;USA;Speedy Express;2012;3;0
21448;USA;Speedy Express;2019;9;0
21449;Portugal;United Package;2020;9;1
21450;Mexico;United Package;2022;3;0
21451;Sweden;Federal Shipping;2018;1;0
21452;Belgium;Federal Shipping;2014;3;0
21453;UK;Speedy Express;2016;4;0
21454;Brazil;Federal Shipping;2022;19;0
21455;Venezuela;United Package;2020;2;0
21456;Brazil;Speedy Express;2014;8;0
21457;Denmark;Federal Shipping;2022;11;0
21458;Sweden;United Package;2015;10;1
21459;Sweden;United Package;2023;3;0
21460;UK;Federal Shipping;2021;0;0
21461;Belgium;United Package;2023;0;0
21462;Poland;United Package;2019;3;0
21463;Finland;Speedy Express;2017;2;0
21464;Brazil;United Package;2017;13;0
21465;Denmark;Federal Shipping;2022;16;0
21466;Argentina;Federal Shipping;2014;2;0
21467;USA;Speedy Express;2018;0;0
21468;Brazil;United Package;2018;3;0
21469;Austria;Federal Shipping;2021;3;0
21470;Norway;Speedy Express;2014;0;0
21471;Germany;Federal Shipping;2020;3;0
21472;France;Federal Shipping;2020;13;0
21473;France;United Package;2018;4;0
21474;Germany;Speedy Express;2020;20;0
21475;UK;Federal Shipping;2017;3;0
21476;Germany;Speedy Express;2013;1;0
21477;Argentina;United Package;2020;0;0
21478;UK;Federal Shipping;2020;5;0
21479;Germany;Federal Shipping;2020;22;1
21480;USA;United Package;2014;20;1
21481;UK;Federal Shipping;2022;25;0
21482;France;United Package;2021;8;0
21483;USA;Speedy Express;2015;14;1
21484;USA;Federal Shipping;2013;5;0
21485;Sweden;Speedy Express;2013;4;0
21486;Brazil;Speedy Express;2020;23;1
21487;Italy;United Package;2015;6;0
21488;Argentina;Federal Shipping;2021;11;0
21489;Brazil;Federal Shipping;2013;22;1
21490;France;Federal Shipping;2019;4;0
21491;Germany;United Package;2014;24;1
21492;Brazil;Federal Shipping;2019;9;0
21493;Norway;Speedy Express;2015;2;0
21494;Venezuela;Federal Shipping;2015;5;1
21495;Switzerland;Federal Shipping;2019;18;0
21496;USA;Speedy Express;2021;3;0
21497;France;Speedy Express;2016;4;0
21498;Canada;Speedy Express;2021;5;0
21499;USA;Federal Shipping;2019;4;0
21500;Brazil;Speedy Express;2023;6;1
21501;Finland;Federal Shipping;2016;1;0
21502;UK;Speedy Express;2013;2;0
21503;Germany;Federal Shipping;2020;3;0
21504;Germany;Federal Shipping;2023;6;0
21505;Germany;United Package;2017;5;0
21506;UK;United Package;2023;12;0
21507;France;Speedy Express;2018;4;0
21508;Germany;Speedy Express;2016;0;0
21509;Italy;Speedy Express;2014;17;0
21510;Portugal;Speedy Express;2021;14;0
21511;UK;United Package;2017;8;0
21512;Italy;United Package;2013;5;1
21513;France;Speedy Express;2017;1;0
21514;Sweden;Federal Shipping;2023;6;0
21515;Canada;Speedy Express;2022;9;0
21516;UK;United Package;2015;6;1
21517;USA;United Package;2015;6;0
21518;Venezuela;Speedy Express;2017;2;0
21519;UK;United Package;2015;21;0
21520;Canada;Federal Shipping;2013;9;0
21521;Italy;Federal Shipping;2022;14;0
21522;USA;United Package;2013;12;1
21523;Belgium;Speedy Express;2022;2;0
21524;France;Speedy Express;2020;3;0
21525;UK;Federal Shipping;2012;20;0
21526;Poland;Federal Shipping;2019;10;0
21527;Venezuela;United Package;2022;12;1
21528;Sweden;Speedy Express;2020;0;0
21529;Germany;United Package;2019;1;0
21530;Finland;Federal Shipping;2012;11;1
21531;Mexico;Federal Shipping;2014;3;0
21532;Mexico;Federal Shipping;2018;1;0
21533;Germany;Federal Shipping;2017;1;0
21534;Denmark;United Package;2013;21;1
21535;France;United Package;2018;3;0
21536;France;Speedy Express;2018;1;0
21537;Brazil;Speedy Express;2019;2;0
21538;Brazil;United Package;2021;6;0
21539;Finland;United Package;2014;2;0
21540;Mexico;Speedy Express;2022;0;0
21541;Switzerland;United Package;2019;7;0
21542;Brazil;Speedy Express;2022;4;0
21543;USA;Speedy Express;2021;1;0
21544;Argentina;Speedy Express;2017;14;0
21545;USA;Speedy Express;2015;15;0
21546;USA;United Package;2012;4;0
21547;Mexico;United Package;2018;1;0
21548;Germany;Speedy Express;2016;1;0
21549;Canada;United Package;2017;3;0
21550;Mexico;Speedy Express;2015;16;0
21551;Spain;United Package;2016;3;0
21552;USA;Speedy Express;2017;0;0
21553;Belgium;Federal Shipping;2015;23;0
21554;Germany;Speedy Express;2014;5;0
21555;Spain;Federal Shipping;2021;6;0
21556;UK;Federal Shipping;2017;0;0
21557;Austria;Speedy Express;2012;25;1
21558;Finland;United Package;2020;14;0
21559;UK;Federal Shipping;2012;5;0
21560;USA;Federal Shipping;2016;8;1
21561;USA;Federal Shipping;2019;13;0
21562;UK;United Package;2020;13;1
21563;Mexico;Federal Shipping;2014;0;0
21564;Argentina;Federal Shipping;2014;1;0
21565;USA;United Package;2015;9;0
21566;Germany;United Package;2022;5;1
21567;Germany;Federal Shipping;2014;12;0
21568;France;United Package;2022;1;0
21569;Finland;Federal Shipping;2021;2;0
21570;Mexico;Speedy Express;2021;2;0
21571;USA;Federal Shipping;2018;0;0
21572;USA;United Package;2013;21;1
21573;UK;Federal Shipping;2014;16;0
21574;Switzerland;United Package;2022;0;0
21575;Germany;United Package;2018;2;0
21576;France;United Package;2022;1;0
21577;USA;United Package;2021;18;1
21578;Argentina;Federal Shipping;2021;8;0
21579;USA;Federal Shipping;2017;1;0
21580;Switzerland;United Package;2017;8;1
21581;Germany;United Package;2018;5;0
21582;USA;Speedy Express;2013;2;0
21583;USA;United Package;2023;4;0
21584;USA;United Package;2023;4;0
21585;Mexico;Federal Shipping;2017;4;0
21586;Spain;United Package;2013;22;1
21587;USA;Federal Shipping;2021;6;1
21588;UK;United Package;2018;23;0
21589;Brazil;Speedy Express;2015;4;0
21590;Brazil;Federal Shipping;2013;24;1
21591;Brazil;Speedy Express;2013;1;0
21592;Italy;Federal Shipping;2022;14;1
21593;USA;Federal Shipping;2022;0;0
21594;Venezuela;Federal Shipping;2015;20;0
21595;UK;United Package;2018;20;0
21596;Venezuela;Speedy Express;2014;1;1
21597;USA;Federal Shipping;2020;19;1
21598;Belgium;Federal Shipping;2018;1;0
21599;Argentina;United Package;2020;6;0
21600;USA;United Package;2020;3;0
21601;Portugal;United Package;2014;15;1
21602;Mexico;Speedy Express;2013;4;0
21603;Spain;Federal Shipping;2015;1;0
21604;USA;Speedy Express;2022;6;0
21605;France;United Package;2021;14;1
21606;UK;United Package;2022;8;0
21607;Ireland;Federal Shipping;2021;14;1
21608;Brazil;Federal Shipping;2023;15;1
21609;Mexico;United Package;2021;10;0
21610;France;United Package;2014;1;0
21611;UK;Speedy Express;2016;21;1
21612;Mexico;Speedy Express;2021;4;0
21613;UK;United Package;2022;8;1
21614;Finland;Speedy Express;2017;3;0
21615;Sweden;Federal Shipping;2013;1;1
21616;Brazil;United Package;2022;2;0
21617;Germany;Speedy Express;2013;24;1
21618;Mexico;United Package;2019;5;0
21619;Austria;Speedy Express;2012;1;0
21620;Switzerland;Speedy Express;2020;1;0
21621;Venezuela;Federal Shipping;2023;9;1
21622;Brazil;Speedy Express;2022;1;0
21623;USA;Speedy Express;2019;11;0
21624;Mexico;United Package;2014;0;0
21625;USA;United Package;2021;1;0
21626;Argentina;Speedy Express;2017;6;0
21627;Switzerland;Speedy Express;2023;6;0
21628;Poland;United Package;2017;14;0
21629;USA;Speedy Express;2022;7;0
21630;Denmark;United Package;2017;22;1
21631;Brazil;United Package;2020;6;0
21632;Switzerland;Speedy Express;2023;4;0
21633;Austria;Federal Shipping;2016;2;0
21634;USA;United Package;2013;1;0
21635;UK;Speedy Express;2016;14;0
21636;Belgium;Speedy Express;2023;3;0
21637;Brazil;Speedy Express;2016;2;0
21638;Argentina;United Package;2012;11;0
21639;Brazil;Federal Shipping;2014;5;0
21640;France;United Package;2016;6;0
21641;USA;United Package;2014;9;0
21642;Brazil;Federal Shipping;2015;2;0
21643;USA;Speedy Express;2013;9;0
21644;Austria;Speedy Express;2019;10;0
21645;Belgium;Speedy Express;2014;1;1
21646;USA;United Package;2023;18;0
21647;Mexico;United Package;2015;10;1
21648;UK;Speedy Express;2012;4;1
21649;Germany;United Package;2020;1;0
21650;USA;Speedy Express;2019;13;0
21651;Mexico;Federal Shipping;2020;26;1
21652;Brazil;Speedy Express;2013;3;0
21653;UK;Speedy Express;2016;0;0
21654;Belgium;United Package;2017;4;0
21655;France;United Package;2015;20;0
21656;France;United Package;2012;1;0
21657;UK;Federal Shipping;2014;6;1
21658;Finland;Federal Shipping;2022;3;0
21659;Mexico;Federal Shipping;2014;0;0
21660;Germany;United Package;2022;8;0
21661;Sweden;Federal Shipping;2015;16;0
21662;Belgium;Speedy Express;2023;13;0
21663;Poland;Speedy Express;2018;1;0
21664;Germany;Speedy Express;2016;16;1
21665;UK;Speedy Express;2015;0;0
21666;UK;United Package;2014;1;0
21667;France;Speedy Express;2017;0;0
21668;Brazil;United Package;2020;6;0
21669;France;Federal Shipping;2014;5;0
21670;Venezuela;United Package;2021;16;0
21671;UK;Federal Shipping;2012;17;0
21672;Portugal;United Package;2022;21;0
21673;Brazil;Speedy Express;2023;5;0
21674;Brazil;Speedy Express;2015;19;1
21675;Germany;United Package;2013;0;0
21676;Mexico;United Package;2020;18;0
21677;France;United Package;2016;4;0
21678;USA;United Package;2013;14;0
21679;Mexico;United Package;2018;12;1
21680;UK;Speedy Express;2012;11;0
21681;Italy;United Package;2018;0;0
21682;Mexico;Federal Shipping;2022;1;0
21683;Sweden;Speedy Express;2015;8;0
21684;UK;Speedy Express;2013;4;0
21685;Brazil;United Package;2012;9;0
21686;Poland;Speedy Express;2014;13;0
21687;Germany;Speedy Express;2013;10;0
21688;France;Federal Shipping;2023;2;0
21689;Sweden;Speedy Express;2021;7;1
21690;Germany;United Package;2016;28;0
21691;USA;Speedy Express;2019;1;0
21692;USA;United Package;2022;27;1
21693;Brazil;Federal Shipping;2021;16;1
21694;Switzerland;United Package;2019;11;0
21695;France;Federal Shipping;2015;2;0
21696;USA;Federal Shipping;2016;6;0
21697;Brazil;Federal Shipping;2013;10;0
21698;Germany;Speedy Express;2013;5;0
21699;USA;Speedy Express;2018;6;0
21700;UK;United Package;2014;18;0
21701;Germany;Speedy Express;2014;24;1
21702;UK;Federal Shipping;2014;28;1
21703;Switzerland;United Package;2016;14;0
21704;USA;Speedy Express;2021;10;0
21705;Brazil;United Package;2020;5;0
21706;Spain;United Package;2022;19;0
21707;Germany;United Package;2020;2;0
21708;Ireland;Speedy Express;2022;6;0
21709;Ireland;Speedy Express;2023;5;0
21710;Mexico;Federal Shipping;2018;11;0
21711;Brazil;Speedy Express;2022;1;0
21712;Germany;United Package;2016;4;1
21713;Austria;Speedy Express;2020;1;0
21714;Italy;United Package;2013;1;0
21715;Sweden;Speedy Express;2021;23;1
21716;Belgium;Speedy Express;2018;2;0
21717;UK;United Package;2017;23;1
21718;Germany;United Package;2018;1;0
21719;Germany;Federal Shipping;2017;0;0
21720;Canada;United Package;2022;3;0
21721;USA;Speedy Express;2022;2;0
21722;Germany;United Package;2013;7;0
21723;France;Federal Shipping;2012;3;0
21724;UK;Speedy Express;2015;13;0
21725;UK;Speedy Express;2021;2;0
21726;Germany;United Package;2017;4;0
21727;France;United Package;2022;16;0
21728;Germany;Speedy Express;2014;5;0
21729;UK;United Package;2021;15;0
21730;USA;United Package;2022;2;0
21731;USA;Federal Shipping;2014;22;1
21732;UK;Federal Shipping;2023;14;1
21733;Germany;Federal Shipping;2019;1;0
21734;Germany;United Package;2016;13;1
21735;France;Federal Shipping;2017;6;1
21736;Germany;United Package;2019;5;0
21737;Spain;Federal Shipping;2023;29;1
21738;USA;United Package;2020;1;0
21739;UK;Federal Shipping;2013;7;1
21740;Austria;Federal Shipping;2015;6;0
21741;Brazil;Federal Shipping;2021;9;0
21742;Belgium;Speedy Express;2018;1;0
21743;Brazil;United Package;2016;7;0
21744;Germany;Federal Shipping;2016;12;0
21745;USA;Speedy Express;2020;3;0
21746;Germany;Federal Shipping;2015;4;0
21747;Germany;Federal Shipping;2022;8;0
21748;USA;Federal Shipping;2015;5;0
21749;Argentina;Federal Shipping;2017;0;0
21750;Germany;United Package;2017;4;1
21751;France;Speedy Express;2015;0;0
21752;Canada;Federal Shipping;2015;10;0
21753;Germany;United Package;2013;9;0
21754;Italy;Federal Shipping;2014;23;1
21755;Germany;Speedy Express;2023;1;0
21756;Canada;Federal Shipping;2013;10;1
21757;Italy;Federal Shipping;2017;1;0
21758;France;Speedy Express;2021;3;0
21759;Finland;Speedy Express;2022;14;0
21760;UK;Federal Shipping;2019;0;0
21761;France;United Package;2018;7;1
21762;Germany;Federal Shipping;2014;1;0
21763;USA;United Package;2023;4;0
21764;Mexico;United Package;2021;2;0
21765;Switzerland;Federal Shipping;2017;12;0
21766;Argentina;United Package;2022;22;0
21767;Denmark;Federal Shipping;2022;1;0
21768;Norway;Speedy Express;2016;1;0
21769;UK;United Package;2015;23;1
21770;UK;Speedy Express;2018;19;0
21771;Germany;United Package;2012;25;1
21772;Venezuela;United Package;2016;0;0
21773;UK;Federal Shipping;2020;2;0
21774;UK;Federal Shipping;2023;8;0
21775;Spain;Federal Shipping;2021;0;0
21776;Germany;Speedy Express;2013;4;0
21777;Sweden;Federal Shipping;2013;3;0
21778;Switzerland;Federal Shipping;2020;23;1
21779;France;Speedy Express;2012;0;0
21780;UK;Federal Shipping;2022;4;0
21781;USA;United Package;2023;1;0
21782;Argentina;United Package;2017;1;0
21783;Poland;Federal Shipping;2016;22;1
21784;Germany;Federal Shipping;2023;20;1
21785;Portugal;Federal Shipping;2021;7;0
21786;Brazil;Speedy Express;2020;0;0
21787;USA;Federal Shipping;2021;3;0
21788;UK;Speedy Express;2020;22;1
21789;France;United Package;2020;4;0
21790;UK;Speedy Express;2013;13;0
21791;Austria;United Package;2013;1;0
21792;France;Speedy Express;2013;9;1
21793;Sweden;Federal Shipping;2023;7;0
21794;Brazil;United Package;2015;24;1
21795;Sweden;Speedy Express;2019;8;0
21796;Venezuela;Federal Shipping;2023;3;1
21797;Belgium;United Package;2014;9;0
21798;Portugal;Speedy Express;2016;18;1
21799;USA;Speedy Express;2023;9;0
21800;France;United Package;2012;0;0
21801;Brazil;Federal Shipping;2017;1;0
21802;Venezuela;United Package;2013;0;0
21803;Germany;United Package;2014;2;0
21804;Portugal;United Package;2020;8;0
21805;USA;Speedy Express;2013;11;0
21806;Finland;Federal Shipping;2019;1;0
21807;Germany;Speedy Express;2019;19;1
21808;Italy;United Package;2014;15;1
21809;Denmark;Speedy Express;2021;4;0
21810;Poland;Speedy Express;2014;23;1
21811;France;Speedy Express;2016;12;1
21812;Germany;United Package;2017;8;0
21813;Brazil;Federal Shipping;2019;17;1
21814;France;Federal Shipping;2016;15;1
21815;Austria;Federal Shipping;2021;13;1
21816;Germany;Federal Shipping;2015;23;1
21817;USA;Speedy Express;2018;3;0
21818;Brazil;Speedy Express;2023;13;0
21819;UK;United Package;2022;5;0
21820;USA;Speedy Express;2022;7;1
21821;Venezuela;Speedy Express;2013;1;0
21822;Sweden;United Package;2012;3;0
21823;Venezuela;United Package;2017;5;0
21824;USA;United Package;2014;1;0
21825;Sweden;Federal Shipping;2017;2;0
21826;Italy;United Package;2017;24;1
21827;UK;Federal Shipping;2014;15;1
21828;Spain;Speedy Express;2019;8;1
21829;USA;Federal Shipping;2013;5;1
21830;Canada;Speedy Express;2016;5;0
21831;Austria;United Package;2017;12;0
21832;Germany;Speedy Express;2018;0;0
21833;Switzerland;United Package;2023;14;0
21834;USA;Speedy Express;2019;27;0
21835;Germany;United Package;2019;8;1
21836;Germany;United Package;2017;0;0
21837;Austria;Speedy Express;2016;11;0
21838;France;Speedy Express;2015;4;0
21839;USA;Federal Shipping;2014;0;0
21840;USA;Federal Shipping;2019;14;1
21841;Canada;Speedy Express;2023;11;1
21842;Switzerland;United Package;2018;2;0
21843;USA;Federal Shipping;2013;0;0
21844;UK;United Package;2018;19;0
21845;Poland;United Package;2014;9;0
21846;Venezuela;United Package;2012;2;0
21847;Spain;Speedy Express;2015;8;1
21848;UK;Speedy Express;2016;5;0
21849;Germany;Speedy Express;2020;11;0
21850;Sweden;United Package;2018;7;0
21851;Sweden;United Package;2018;3;0
21852;USA;United Package;2019;5;0
21853;Germany;Speedy Express;2018;0;0
21854;USA;United Package;2015;9;0
21855;France;United Package;2023;9;0
21856;Canada;United Package;2012;23;1
21857;Finland;Speedy Express;2014;7;0
21858;USA;United Package;2018;12;0
21859;Brazil;United Package;2019;10;1
21860;Canada;Federal Shipping;2021;1;0
21861;Portugal;Federal Shipping;2016;4;0
21862;USA;Speedy Express;2021;8;0
21863;France;Federal Shipping;2016;22;0
21864;Sweden;Speedy Express;2020;8;0
21865;Brazil;Federal Shipping;2013;0;0
21866;Germany;Speedy Express;2021;2;0
21867;UK;Speedy Express;2023;1;0
21868;Sweden;United Package;2015;7;1
21869;Argentina;Federal Shipping;2018;2;0
21870;USA;United Package;2013;5;0
21871;Venezuela;Federal Shipping;2019;8;1
21872;Sweden;Federal Shipping;2017;5;0
21873;Portugal;Federal Shipping;2021;18;1
21874;France;Speedy Express;2022;7;0
21875;Mexico;Speedy Express;2018;4;0
21876;France;United Package;2014;2;0
21877;Germany;Speedy Express;2019;8;0
21878;Brazil;United Package;2019;5;0
21879;USA;Federal Shipping;2022;2;0
21880;Austria;United Package;2021;7;0
21881;Germany;Federal Shipping;2014;16;1
21882;Venezuela;Speedy Express;2019;1;0
21883;Argentina;Federal Shipping;2020;5;0
21884;Spain;United Package;2015;3;0
21885;USA;United Package;2021;9;0
21886;France;Speedy Express;2018;18;1
21887;Italy;Federal Shipping;2014;14;0
21888;USA;United Package;2016;0;0
21889;Mexico;Federal Shipping;2023;13;0
21890;UK;Federal Shipping;2019;6;0
21891;Italy;Federal Shipping;2014;10;0
21892;Mexico;Federal Shipping;2021;13;1
21893;UK;United Package;2016;6;1
21894;Austria;Federal Shipping;2018;2;0
21895;USA;Speedy Express;2016;1;0
21896;Mexico;Speedy Express;2014;7;0
21897;Germany;United Package;2020;3;0
21898;USA;Federal Shipping;2020;8;0
21899;USA;Speedy Express;2020;0;0
21900;Sweden;Federal Shipping;2018;17;1
21901;USA;Speedy Express;2017;16;1
21902;Spain;Federal Shipping;2013;7;0
21903;France;Speedy Express;2017;14;0
21904;Spain;Speedy Express;2022;7;0
21905;Mexico;Federal Shipping;2020;1;1
21906;Germany;Speedy Express;2013;4;0
21907;Brazil;Speedy Express;2023;7;1
21908;France;United Package;2015;5;0
21909;France;Speedy Express;2020;5;0
21910;Brazil;Speedy Express;2013;9;0
21911;Denmark;Speedy Express;2018;16;0
21912;Germany;Federal Shipping;2014;3;0
21913;USA;United Package;2019;4;1
21914;Sweden;Federal Shipping;2021;7;1
21915;Brazil;Speedy Express;2016;4;1
21916;France;Speedy Express;2012;18;0
21917;USA;Federal Shipping;2020;15;0
21918;Brazil;Federal Shipping;2014;3;0
21919;France;Federal Shipping;2013;3;0
21920;Brazil;Federal Shipping;2013;3;0
21921;Switzerland;United Package;2023;1;0
21922;Germany;Speedy Express;2018;1;0
21923;Germany;Speedy Express;2022;10;0
21924;France;Federal Shipping;2014;3;0
21925;Argentina;United Package;2015;1;0
21926;Austria;Speedy Express;2020;6;0
21927;Italy;Federal Shipping;2015;5;1
21928;Spain;Federal Shipping;2015;1;0
21929;Argentina;United Package;2016;5;0
21930;UK;Speedy Express;2021;11;0
21931;Brazil;Federal Shipping;2021;2;0
21932;France;Federal Shipping;2015;2;0
21933;Germany;United Package;2023;2;0
21934;Norway;Federal Shipping;2017;1;0
21935;Brazil;Speedy Express;2021;6;0
21936;Germany;Speedy Express;2014;13;1
21937;USA;Federal Shipping;2020;1;0
21938;Germany;United Package;2021;3;0
21939;Germany;Speedy Express;2016;0;0
21940;Switzerland;Federal Shipping;2022;2;0
21941;France;Speedy Express;2014;5;0
21942;Germany;Speedy Express;2022;18;0
21943;France;United Package;2013;12;1
21944;Denmark;Federal Shipping;2019;9;1
21945;Canada;United Package;2013;0;0
21946;Brazil;Federal Shipping;2014;12;0
21947;Mexico;Federal Shipping;2016;2;0
21948;UK;Speedy Express;2023;2;0
21949;Denmark;United Package;2019;0;0
21950;Brazil;Speedy Express;2020;8;1
21951;UK;Federal Shipping;2018;1;0
21952;UK;Speedy Express;2017;1;0
21953;Germany;Speedy Express;2021;0;0
21954;Austria;Federal Shipping;2016;10;0
21955;UK;Speedy Express;2019;1;0
21956;Mexico;Speedy Express;2016;10;1
21957;Brazil;Federal Shipping;2016;3;0
21958;Argentina;Speedy Express;2022;9;0
21959;Sweden;Federal Shipping;2021;3;0
21960;Argentina;Federal Shipping;2022;13;0
21961;USA;United Package;2021;4;0
21962;Italy;Federal Shipping;2016;8;0
21963;Canada;Speedy Express;2022;1;0
21964;UK;Federal Shipping;2019;0;0
21965;Finland;Speedy Express;2016;1;0
21966;Switzerland;Speedy Express;2023;5;0
21967;Canada;Speedy Express;2019;3;0
21968;Canada;Federal Shipping;2021;12;1
21969;Germany;United Package;2021;16;0
21970;Brazil;Speedy Express;2022;8;1
21971;Brazil;Speedy Express;2021;12;0
21972;Ireland;Federal Shipping;2021;1;0
21973;France;Speedy Express;2017;15;1
21974;USA;Federal Shipping;2018;8;0
21975;Belgium;Speedy Express;2018;8;1
21976;Canada;Federal Shipping;2016;7;0
21977;Switzerland;Federal Shipping;2014;11;1
21978;Switzerland;United Package;2014;12;0
21979;France;United Package;2021;11;1
21980;Denmark;United Package;2013;6;0
21981;France;Speedy Express;2014;13;0
21982;Germany;United Package;2019;3;0
21983;USA;Speedy Express;2014;19;1
21984;Canada;Speedy Express;2023;15;0
21985;Canada;Federal Shipping;2012;1;0
21986;Venezuela;Speedy Express;2019;7;0
21987;Ireland;Speedy Express;2020;0;0
21988;USA;United Package;2019;21;1
21989;Italy;United Package;2018;25;1
21990;France;United Package;2016;1;0
21991;Sweden;United Package;2022;2;0
21992;USA;United Package;2023;2;0
21993;Belgium;Federal Shipping;2015;9;0
21994;USA;Federal Shipping;2016;0;0
21995;France;Speedy Express;2015;8;0
21996;Brazil;United Package;2020;13;0
21997;USA;United Package;2017;12;0
21998;USA;Federal Shipping;2023;5;0
21999;Portugal;United Package;2022;0;0
22000;Canada;Speedy Express;2021;20;1
22001;Brazil;Speedy Express;2020;2;0
22002;Austria;Federal Shipping;2019;1;0
22003;Brazil;United Package;2015;4;0
22004;USA;Speedy Express;2022;4;0
22005;Mexico;Federal Shipping;2019;12;0
22006;Mexico;Federal Shipping;2017;12;0
22007;Germany;Speedy Express;2019;6;1
22008;Finland;United Package;2018;6;0
22009;Austria;United Package;2013;15;0
22010;Italy;United Package;2020;1;0
22011;Germany;United Package;2016;14;0
22012;Germany;Federal Shipping;2017;1;0
22013;Poland;Federal Shipping;2015;1;0
22014;Germany;Speedy Express;2018;5;0
22015;USA;Speedy Express;2017;11;0
22016;USA;United Package;2021;11;1
22017;France;Speedy Express;2022;25;1
22018;Germany;Federal Shipping;2015;3;0
22019;UK;Federal Shipping;2016;1;0
22020;Italy;Federal Shipping;2021;17;0
22021;Germany;Speedy Express;2021;2;0
22022;USA;United Package;2020;8;0
22023;USA;United Package;2012;14;1
22024;UK;Federal Shipping;2021;2;0
22025;France;United Package;2023;1;0
22026;Italy;Speedy Express;2013;16;1
22027;Austria;Speedy Express;2013;4;0
22028;USA;Speedy Express;2017;2;0
22029;France;United Package;2018;21;0
22030;Germany;United Package;2020;6;0
22031;Italy;Speedy Express;2023;1;0
22032;Brazil;United Package;2015;1;0
22033;Mexico;United Package;2014;5;0
22034;Denmark;Federal Shipping;2015;12;1
22035;France;Speedy Express;2014;11;0
22036;UK;Speedy Express;2019;1;0
22037;Spain;United Package;2019;5;0
22038;Mexico;Federal Shipping;2021;16;0
22039;Belgium;Federal Shipping;2016;12;0
22040;France;Speedy Express;2015;15;1
22041;Germany;Speedy Express;2020;4;0
22042;USA;Speedy Express;2015;4;0
22043;Mexico;United Package;2016;7;1
22044;Brazil;United Package;2017;7;0
22045;Germany;Speedy Express;2012;1;0
22046;Denmark;United Package;2017;4;0
22047;Mexico;United Package;2017;3;0
22048;Belgium;Speedy Express;2023;20;0
22049;Portugal;United Package;2023;5;0
22050;USA;United Package;2023;4;0
22051;Switzerland;Speedy Express;2018;11;0
22052;France;Speedy Express;2017;3;0
22053;USA;Federal Shipping;2018;0;0
22054;UK;Speedy Express;2021;9;0
22055;Denmark;Federal Shipping;2013;4;0
22056;France;Federal Shipping;2018;2;0
22057;UK;Speedy Express;2023;5;0
22058;Denmark;Speedy Express;2014;6;0
22059;France;Federal Shipping;2022;5;0
22060;Sweden;United Package;2021;5;0
22061;France;Speedy Express;2021;10;1
22062;USA;Speedy Express;2020;10;0
22063;Austria;United Package;2013;18;1
22064;Germany;Speedy Express;2020;21;0
22065;Norway;Federal Shipping;2014;16;1
22066;Venezuela;Federal Shipping;2022;9;0
22067;USA;Speedy Express;2021;4;0
22068;USA;Federal Shipping;2020;24;1
22069;France;United Package;2013;6;1
22070;Germany;United Package;2021;7;1
22071;Brazil;Speedy Express;2020;12;0
22072;Finland;Speedy Express;2020;6;0
22073;Brazil;United Package;2020;2;0
22074;Mexico;Speedy Express;2018;9;0
22075;Venezuela;United Package;2019;5;0
22076;France;Federal Shipping;2017;6;0
22077;France;United Package;2020;9;0
22078;Germany;Speedy Express;2021;1;0
22079;Italy;Speedy Express;2017;0;0
22080;UK;United Package;2019;27;1
22081;UK;Speedy Express;2014;17;0
22082;Venezuela;Speedy Express;2019;13;1
22083;USA;Speedy Express;2018;6;0
22084;Germany;Speedy Express;2013;5;0
22085;France;Federal Shipping;2021;6;0
22086;Spain;Federal Shipping;2016;8;0
22087;USA;Federal Shipping;2015;9;0
22088;USA;United Package;2017;8;0
22089;Italy;Federal Shipping;2014;21;1
22090;France;United Package;2013;15;0
22091;Germany;Federal Shipping;2021;0;0
22092;USA;Speedy Express;2015;4;0
22093;Italy;Federal Shipping;2022;1;0
22094;USA;Federal Shipping;2015;21;1
22095;USA;Speedy Express;2013;4;0
22096;Brazil;Speedy Express;2021;18;1
22097;Sweden;United Package;2023;7;0
22098;Venezuela;United Package;2012;23;0
22099;Poland;Federal Shipping;2022;20;0
22100;France;Federal Shipping;2018;1;0
22101;Portugal;United Package;2015;3;0
22102;Argentina;Speedy Express;2022;6;0
22103;Germany;United Package;2016;6;0
22104;Venezuela;Speedy Express;2020;5;0
22105;Denmark;Speedy Express;2013;5;0
22106;Italy;Speedy Express;2016;3;0
22107;UK;United Package;2013;3;0
22108;Brazil;Speedy Express;2020;3;0
22109;Brazil;Federal Shipping;2018;0;0
22110;France;Speedy Express;2023;3;0
22111;USA;United Package;2016;5;0
22112;Germany;United Package;2019;13;0
22113;Sweden;Federal Shipping;2017;3;0
22114;France;United Package;2018;9;0
22115;Brazil;Speedy Express;2019;10;1
22116;USA;Speedy Express;2018;11;0
22117;Argentina;Federal Shipping;2014;13;0
22118;USA;Federal Shipping;2022;16;0
22119;USA;United Package;2021;0;0
22120;France;Speedy Express;2022;10;0
22121;USA;United Package;2022;11;1
22122;Venezuela;Federal Shipping;2022;20;1
22123;Italy;Federal Shipping;2013;5;0
22124;Sweden;Federal Shipping;2015;25;1
22125;France;United Package;2016;0;0
22126;Poland;United Package;2017;13;1
22127;Canada;United Package;2019;18;1
22128;France;United Package;2015;8;0
22129;Spain;Speedy Express;2013;1;0
22130;USA;United Package;2020;11;0
22131;Canada;Speedy Express;2021;12;1
22132;Brazil;United Package;2019;6;0
22133;France;United Package;2023;0;0
22134;Brazil;Speedy Express;2014;2;0
22135;Brazil;Speedy Express;2023;2;0
22136;Brazil;Federal Shipping;2023;7;0
22137;Spain;United Package;2019;18;1
22138;France;Speedy Express;2017;1;0
22139;Germany;United Package;2018;5;0
22140;UK;Federal Shipping;2017;6;0
22141;Mexico;United Package;2020;9;1
22142;Spain;Federal Shipping;2014;5;1
22143;Argentina;Federal Shipping;2017;11;0
22144;Poland;Speedy Express;2013;12;0
22145;Brazil;Speedy Express;2021;4;1
22146;Portugal;Speedy Express;2016;11;0
22147;Brazil;Federal Shipping;2017;13;0
22148;Spain;United Package;2023;9;0
22149;Germany;Federal Shipping;2019;11;0
22150;USA;United Package;2021;14;0
22151;France;Speedy Express;2022;1;0
22152;Germany;Federal Shipping;2017;10;0
22153;Argentina;United Package;2021;0;0
22154;USA;Speedy Express;2016;2;0
22155;Mexico;Federal Shipping;2014;19;1
22156;UK;United Package;2022;1;0
22157;Venezuela;United Package;2014;2;0
22158;Germany;Federal Shipping;2018;6;0
22159;Mexico;United Package;2013;9;0
22160;Canada;United Package;2016;0;0
22161;France;United Package;2019;4;0
22162;France;Speedy Express;2022;5;0
22163;Italy;Federal Shipping;2022;11;0
22164;Germany;United Package;2014;6;0
22165;Italy;United Package;2012;1;0
22166;Germany;United Package;2016;10;0
22167;Germany;Federal Shipping;2015;3;0
22168;USA;Speedy Express;2014;1;0
22169;Italy;United Package;2012;3;0
22170;UK;Federal Shipping;2018;14;1
22171;Germany;Speedy Express;2021;2;0
22172;Poland;Federal Shipping;2021;2;0
22173;Brazil;United Package;2018;14;0
22174;UK;Federal Shipping;2019;2;0
22175;Germany;Speedy Express;2022;15;0
22176;USA;Speedy Express;2016;5;0
22177;USA;Federal Shipping;2021;1;0
22178;Germany;United Package;2015;22;1
22179;UK;United Package;2020;0;0
22180;France;United Package;2019;1;0
22181;Italy;Federal Shipping;2014;2;0
22182;Italy;United Package;2017;1;0
22183;Germany;Speedy Express;2021;5;0
22184;UK;United Package;2018;6;0
22185;Finland;Federal Shipping;2020;4;0
22186;Brazil;Speedy Express;2022;12;0
22187;Italy;United Package;2022;1;0
22188;Venezuela;United Package;2021;8;0
22189;Finland;Federal Shipping;2021;5;0
22190;Germany;Federal Shipping;2015;28;1
22191;Brazil;United Package;2013;8;0
22192;Italy;United Package;2013;22;0
22193;USA;Federal Shipping;2020;2;0
22194;France;Federal Shipping;2017;13;1
22195;Germany;Speedy Express;2015;3;0
22196;Finland;Speedy Express;2021;14;1
22197;USA;United Package;2022;2;0
22198;Venezuela;Speedy Express;2020;1;0
22199;Brazil;Speedy Express;2023;1;0
22200;UK;Speedy Express;2018;3;0
22201;France;Speedy Express;2018;13;0
22202;Switzerland;United Package;2023;11;0
22203;Finland;United Package;2023;3;0
22204;Mexico;Federal Shipping;2013;4;0
22205;UK;United Package;2017;8;1
22206;Belgium;Federal Shipping;2015;13;1
22207;Venezuela;Speedy Express;2022;13;0
22208;France;Federal Shipping;2022;17;1
22209;Switzerland;Speedy Express;2016;8;1
22210;Argentina;United Package;2016;11;0
22211;Germany;Federal Shipping;2023;0;0
22212;Poland;Speedy Express;2014;25;0
22213;Spain;Speedy Express;2015;12;0
22214;USA;Speedy Express;2020;2;0
22215;Brazil;United Package;2017;1;0
22216;Brazil;Speedy Express;2012;0;0
22217;Mexico;Speedy Express;2013;3;0
22218;Mexico;Federal Shipping;2022;14;0
22219;Brazil;United Package;2019;3;0
22220;Belgium;Federal Shipping;2021;8;1
22221;Sweden;Speedy Express;2016;10;0
22222;Finland;Federal Shipping;2013;26;1
22223;Switzerland;Speedy Express;2017;9;0
22224;Germany;Speedy Express;2023;3;1
22225;Switzerland;United Package;2022;10;0
22226;Germany;Speedy Express;2014;13;0
22227;Norway;Speedy Express;2017;6;1
22228;Canada;Speedy Express;2023;3;0
22229;Austria;Federal Shipping;2020;6;0
22230;Brazil;United Package;2014;17;0
22231;France;United Package;2017;2;0
22232;Germany;United Package;2012;2;0
22233;USA;United Package;2017;0;0
22234;Germany;Federal Shipping;2023;3;0
22235;Brazil;United Package;2020;0;0
22236;Germany;United Package;2016;4;0
22237;Mexico;United Package;2022;2;0
22238;Sweden;United Package;2021;3;0
22239;Brazil;Speedy Express;2020;3;0
22240;Brazil;Federal Shipping;2018;8;1
22241;Germany;United Package;2014;29;0
22242;USA;Federal Shipping;2016;22;0
22243;Brazil;United Package;2016;3;0
22244;Germany;Federal Shipping;2019;23;1
22245;Brazil;Federal Shipping;2012;6;0
22246;USA;Speedy Express;2017;0;0
22247;Germany;Federal Shipping;2016;26;1
22248;Portugal;United Package;2015;4;0
22249;USA;Speedy Express;2014;1;0
22250;France;United Package;2021;7;0
22251;Germany;Speedy Express;2017;6;1
22252;Denmark;Speedy Express;2015;4;0
22253;Germany;Speedy Express;2021;9;0
22254;Venezuela;United Package;2023;8;1
22255;Venezuela;Speedy Express;2020;21;1
22256;Canada;United Package;2022;7;0
22257;Brazil;Federal Shipping;2023;1;0
22258;Venezuela;Speedy Express;2021;1;0
22259;Brazil;Speedy Express;2015;19;0
22260;Austria;United Package;2019;1;0
22261;Venezuela;United Package;2018;11;0
22262;Mexico;Federal Shipping;2023;4;0
22263;Germany;United Package;2020;3;0
22264;Argentina;Federal Shipping;2015;2;0
22265;Spain;Speedy Express;2020;1;0
22266;Mexico;Federal Shipping;2023;4;0
22267;Brazil;Speedy Express;2022;2;0
22268;Switzerland;Federal Shipping;2015;4;0
22269;USA;United Package;2022;24;1
22270;Venezuela;United Package;2016;0;0
22271;France;United Package;2022;13;0
22272;France;Speedy Express;2017;3;0
22273;Germany;Speedy Express;2023;6;0
22274;France;Federal Shipping;2016;4;0
22275;Canada;United Package;2023;8;0
22276;UK;Speedy Express;2023;13;1
22277;Spain;Speedy Express;2013;1;0
22278;France;United Package;2017;0;0
22279;Portugal;United Package;2014;23;1
22280;Finland;United Package;2012;0;0
22281;USA;Federal Shipping;2020;13;0
22282;Germany;Speedy Express;2013;3;0
22283;USA;Speedy Express;2016;18;1
22284;Portugal;Federal Shipping;2021;23;0
22285;Denmark;United Package;2016;5;0
22286;Canada;Speedy Express;2017;0;0
22287;France;Speedy Express;2015;0;0
22288;Norway;United Package;2021;8;0
22289;Venezuela;United Package;2022;9;1
22290;Germany;Speedy Express;2014;5;0
22291;Canada;United Package;2014;4;0
22292;Brazil;United Package;2017;6;0
22293;Ireland;Speedy Express;2012;0;0
22294;Germany;United Package;2013;1;0
22295;Portugal;Speedy Express;2016;3;0
22296;Canada;Federal Shipping;2017;5;0
22297;Italy;United Package;2022;1;0
22298;Brazil;United Package;2014;18;1
22299;USA;United Package;2016;15;1
22300;Argentina;Speedy Express;2022;8;0
22301;Mexico;Federal Shipping;2021;23;1
22302;Germany;United Package;2021;3;0
22303;Germany;United Package;2018;8;0
22304;Portugal;United Package;2013;7;0
22305;Germany;Federal Shipping;2017;1;0
22306;France;Federal Shipping;2020;4;0
22307;France;Federal Shipping;2022;6;0
22308;UK;United Package;2021;7;0
22309;Spain;United Package;2014;7;1
22310;Brazil;Speedy Express;2016;10;0
22311;Brazil;United Package;2022;3;0
22312;Spain;United Package;2014;9;1
22313;UK;Federal Shipping;2013;9;0
22314;USA;United Package;2014;24;0
22315;France;United Package;2020;12;0
22316;USA;United Package;2016;2;0
22317;France;Federal Shipping;2018;15;1
22318;Brazil;Federal Shipping;2016;4;0
22319;France;Federal Shipping;2013;2;1
22320;Switzerland;Speedy Express;2016;9;0
22321;Sweden;Federal Shipping;2016;0;0
22322;Brazil;United Package;2022;2;1
22323;Belgium;Federal Shipping;2018;7;1
22324;Canada;Speedy Express;2015;1;0
22325;Germany;Federal Shipping;2020;10;1
22326;USA;Federal Shipping;2023;3;0
22327;Venezuela;Federal Shipping;2015;1;0
22328;Canada;Speedy Express;2018;12;1
22329;Belgium;Federal Shipping;2021;1;0
22330;UK;United Package;2019;17;1
22331;Germany;United Package;2022;2;0
22332;Mexico;Federal Shipping;2016;7;1
22333;Finland;Federal Shipping;2023;3;0
22334;Venezuela;United Package;2018;0;0
22335;Brazil;United Package;2017;7;1
22336;USA;Federal Shipping;2017;6;0
22337;USA;United Package;2013;12;0
22338;Sweden;Speedy Express;2020;23;0
22339;France;Federal Shipping;2020;0;0
22340;Brazil;United Package;2014;20;1
22341;USA;Federal Shipping;2019;22;1
22342;Canada;Speedy Express;2018;6;1
22343;Venezuela;United Package;2012;13;1
22344;Spain;Speedy Express;2016;19;0
22345;USA;Federal Shipping;2013;2;1
22346;Argentina;Federal Shipping;2014;3;0
22347;Belgium;Speedy Express;2017;5;0
22348;Switzerland;United Package;2016;1;0
22349;Portugal;Federal Shipping;2020;2;0
22350;Brazil;United Package;2014;6;0
22351;Finland;Federal Shipping;2023;7;0
22352;Denmark;Federal Shipping;2016;1;0
22353;Brazil;United Package;2023;1;0
22354;Venezuela;United Package;2016;3;0
22355;Brazil;United Package;2018;1;0
22356;Brazil;Federal Shipping;2013;21;1
22357;Brazil;United Package;2016;3;0
22358;UK;Federal Shipping;2016;2;0
22359;France;Federal Shipping;2014;6;1
22360;USA;Speedy Express;2022;0;0
22361;Argentina;Federal Shipping;2018;10;0
22362;Italy;United Package;2018;4;0
22363;Brazil;Speedy Express;2013;7;0
22364;Portugal;Speedy Express;2022;8;0
22365;Germany;Federal Shipping;2021;21;1
22366;Venezuela;United Package;2018;4;0
22367;France;United Package;2015;16;1
22368;USA;Speedy Express;2020;2;0
22369;France;Speedy Express;2014;5;0
22370;Italy;Speedy Express;2021;24;1
22371;USA;Speedy Express;2019;4;0
22372;USA;Speedy Express;2019;7;1
22373;Brazil;Federal Shipping;2018;2;0
22374;Denmark;United Package;2021;21;1
22375;USA;United Package;2023;4;0
22376;Argentina;Speedy Express;2018;2;0
22377;USA;Speedy Express;2015;10;0
22378;Canada;United Package;2022;6;1
22379;USA;United Package;2021;21;1
22380;USA;United Package;2023;6;1
22381;Argentina;Federal Shipping;2021;5;0
22382;France;Federal Shipping;2013;25;1
22383;France;Speedy Express;2016;9;0
22384;Canada;Speedy Express;2016;5;0
22385;Brazil;United Package;2016;3;0
22386;Germany;Speedy Express;2023;5;0
22387;Argentina;United Package;2023;3;1
22388;Canada;United Package;2013;5;0
22389;Italy;Federal Shipping;2016;0;0
22390;France;Speedy Express;2017;3;0
22391;Spain;United Package;2015;5;1
22392;USA;Speedy Express;2016;4;0
22393;Ireland;United Package;2017;7;0
22394;USA;United Package;2021;5;0
22395;Austria;Speedy Express;2019;14;0
22396;Brazil;Federal Shipping;2020;4;0
22397;Mexico;Speedy Express;2022;21;1
22398;Germany;United Package;2015;14;1
22399;Canada;United Package;2012;12;1
22400;Switzerland;Speedy Express;2015;0;0
22401;Denmark;Federal Shipping;2020;3;0
22402;Argentina;United Package;2014;5;0
22403;Denmark;Federal Shipping;2021;1;0
22404;UK;Speedy Express;2017;13;0
22405;Norway;Federal Shipping;2017;3;0
22406;Germany;Federal Shipping;2016;22;0
22407;Brazil;Federal Shipping;2017;7;1
22408;USA;Speedy Express;2012;3;0
22409;Germany;United Package;2014;10;0
22410;Spain;Speedy Express;2021;1;0
22411;UK;United Package;2020;17;0
22412;Mexico;Speedy Express;2014;18;0
22413;France;Federal Shipping;2015;10;0
22414;Denmark;Speedy Express;2015;4;0
22415;Brazil;United Package;2022;2;0
22416;Brazil;Speedy Express;2023;23;1
22417;USA;Speedy Express;2019;6;0
22418;Germany;Speedy Express;2018;2;0
22419;Venezuela;Federal Shipping;2023;4;0
22420;Italy;Speedy Express;2018;9;0
22421;Switzerland;Federal Shipping;2022;3;0
22422;Germany;Speedy Express;2020;9;1
22423;Finland;Speedy Express;2023;21;1
22424;Mexico;Federal Shipping;2019;10;0
22425;UK;United Package;2020;3;0
22426;Italy;Speedy Express;2018;0;0
22427;Portugal;Speedy Express;2022;17;1
22428;UK;United Package;2018;15;0
22429;Mexico;Federal Shipping;2021;0;0
22430;Brazil;Federal Shipping;2017;12;0
22431;USA;Federal Shipping;2018;13;1
22432;Venezuela;Federal Shipping;2017;12;1
22433;USA;Speedy Express;2015;28;1
22434;Argentina;Speedy Express;2019;5;0
22435;Poland;United Package;2015;3;0
22436;Portugal;United Package;2015;4;0
22437;Italy;Federal Shipping;2021;1;0
22438;USA;Speedy Express;2023;2;0
22439;Denmark;Federal Shipping;2018;9;0
22440;Brazil;United Package;2013;1;0
22441;Brazil;Federal Shipping;2013;9;0
22442;USA;United Package;2015;21;1
22443;Brazil;Speedy Express;2020;2;0
22444;Denmark;Federal Shipping;2021;4;0
22445;Mexico;Federal Shipping;2018;2;0
22446;Brazil;Speedy Express;2019;6;0
22447;Germany;Federal Shipping;2014;2;0
22448;Italy;Federal Shipping;2023;1;0
22449;USA;United Package;2019;11;1
22450;Germany;United Package;2017;3;0
22451;Switzerland;United Package;2021;3;0
22452;Mexico;Speedy Express;2015;9;0
22453;Brazil;Federal Shipping;2015;2;0
22454;Brazil;United Package;2020;11;0
22455;Poland;United Package;2015;2;0
22456;USA;Federal Shipping;2020;7;0
22457;Spain;Speedy Express;2021;16;0
22458;Venezuela;United Package;2019;0;0
22459;USA;United Package;2022;8;0
22460;USA;Federal Shipping;2012;7;0
22461;UK;Federal Shipping;2020;22;1
22462;Brazil;Speedy Express;2016;17;1
22463;Spain;Federal Shipping;2020;8;0
22464;Austria;Speedy Express;2020;5;0
22465;Germany;Federal Shipping;2017;18;1
22466;Germany;Federal Shipping;2013;2;0
22467;France;Federal Shipping;2020;11;0
22468;Germany;United Package;2013;9;0
22469;USA;Federal Shipping;2020;6;0
22470;Spain;United Package;2022;5;0
22471;Germany;United Package;2013;1;0
22472;Belgium;United Package;2013;1;0
22473;Belgium;United Package;2019;3;1
22474;Germany;United Package;2015;0;0
22475;UK;Speedy Express;2020;8;0
22476;France;Federal Shipping;2014;5;0
22477;Portugal;Speedy Express;2013;8;0
22478;Germany;United Package;2015;6;1
22479;Brazil;Federal Shipping;2018;17;0
22480;USA;Federal Shipping;2016;6;0
22481;Mexico;United Package;2014;6;0
22482;France;United Package;2017;21;0
22483;Germany;United Package;2020;8;0
22484;USA;Speedy Express;2013;8;0
22485;Switzerland;Federal Shipping;2023;5;0
22486;France;Federal Shipping;2022;9;1
22487;Belgium;United Package;2016;15;1
22488;Italy;Federal Shipping;2014;11;0
22489;Italy;Federal Shipping;2017;4;0
22490;Spain;Speedy Express;2018;2;0
22491;UK;Speedy Express;2014;16;0
22492;Belgium;Speedy Express;2012;20;1
22493;USA;United Package;2023;0;0
22494;Italy;Speedy Express;2012;6;0
22495;Brazil;Federal Shipping;2021;11;0
22496;USA;United Package;2014;8;1
22497;USA;Speedy Express;2013;8;0
22498;UK;Speedy Express;2019;5;0
22499;Venezuela;Speedy Express;2018;19;1
22500;Brazil;Federal Shipping;2019;11;0
22501;UK;United Package;2019;10;0
22502;Finland;Speedy Express;2013;5;0
22503;Portugal;Federal Shipping;2014;8;0
22504;Germany;Speedy Express;2015;10;0
22505;USA;United Package;2015;7;0
22506;Brazil;Speedy Express;2016;4;0
22507;USA;Federal Shipping;2019;2;0
22508;Poland;United Package;2018;6;0
22509;Germany;Speedy Express;2016;15;0
22510;Spain;Speedy Express;2021;12;1
22511;Spain;United Package;2014;3;0
22512;Sweden;United Package;2014;16;1
22513;Austria;Speedy Express;2014;13;1
22514;Germany;Speedy Express;2019;0;0
22515;Venezuela;Federal Shipping;2019;4;0
22516;Mexico;Speedy Express;2012;6;0
22517;USA;United Package;2019;9;0
22518;Italy;United Package;2017;5;0
22519;Italy;Speedy Express;2016;4;1
22520;Mexico;Speedy Express;2018;13;1
22521;Germany;Federal Shipping;2023;9;1
22522;Portugal;Federal Shipping;2023;1;0
22523;Brazil;Federal Shipping;2020;4;0
22524;Argentina;Federal Shipping;2015;5;0
22525;Brazil;Speedy Express;2014;23;1
22526;Mexico;United Package;2013;7;1
22527;Venezuela;Speedy Express;2022;6;0
22528;France;Federal Shipping;2023;16;0
22529;Venezuela;Federal Shipping;2014;5;0
22530;Venezuela;Speedy Express;2018;2;0
22531;UK;United Package;2019;1;0
22532;USA;Federal Shipping;2016;23;0
22533;USA;Federal Shipping;2016;6;0
22534;Mexico;United Package;2017;0;0
22535;Spain;Federal Shipping;2017;11;1
22536;USA;Federal Shipping;2017;6;0
22537;USA;United Package;2016;5;1
22538;Austria;Federal Shipping;2012;7;0
22539;Italy;Speedy Express;2023;5;0
22540;Italy;Speedy Express;2020;1;0
22541;Brazil;Speedy Express;2015;1;0
22542;France;United Package;2022;3;0
22543;Belgium;Speedy Express;2021;10;0
22544;Venezuela;United Package;2012;1;0
22545;USA;Federal Shipping;2023;8;0
22546;USA;United Package;2021;2;0
22547;Spain;United Package;2017;5;0
22548;Germany;Federal Shipping;2019;5;0
22549;UK;Speedy Express;2013;28;0
22550;Brazil;Speedy Express;2018;7;0
22551;Germany;Speedy Express;2014;3;0
22552;USA;Speedy Express;2018;2;0
22553;Venezuela;Federal Shipping;2021;2;1
22554;Ireland;Federal Shipping;2023;0;0
22555;France;Federal Shipping;2015;1;0
22556;Mexico;Speedy Express;2016;16;0
22557;France;Speedy Express;2015;16;1
22558;France;United Package;2014;1;0
22559;UK;United Package;2023;1;0
22560;UK;United Package;2017;2;0
22561;Brazil;Federal Shipping;2012;3;0
22562;Spain;Speedy Express;2018;2;0
22563;Germany;Speedy Express;2014;14;0
22564;UK;Speedy Express;2014;28;1
22565;Finland;United Package;2013;3;0
22566;Norway;United Package;2023;4;0
22567;Venezuela;Federal Shipping;2021;5;0
22568;Italy;United Package;2018;8;0
22569;USA;Federal Shipping;2019;18;1
22570;Finland;United Package;2019;11;1
22571;Norway;Speedy Express;2017;10;0
22572;UK;Federal Shipping;2017;15;1
22573;Norway;Federal Shipping;2022;3;0
22574;Brazil;United Package;2014;17;1
22575;Argentina;United Package;2014;0;0
22576;Belgium;Speedy Express;2023;26;1
22577;France;Speedy Express;2015;10;1
22578;Spain;Speedy Express;2013;1;0
22579;France;Federal Shipping;2019;6;0
22580;Argentina;Speedy Express;2022;20;0
22581;UK;United Package;2021;1;0
22582;Spain;Federal Shipping;2021;0;0
22583;Spain;Speedy Express;2017;0;0
22584;Mexico;Federal Shipping;2020;12;1
22585;Mexico;United Package;2020;3;1
22586;USA;Federal Shipping;2014;2;0
22587;Portugal;Federal Shipping;2020;24;0
22588;Germany;Federal Shipping;2022;6;0
22589;USA;Federal Shipping;2018;12;0
22590;Germany;United Package;2016;0;0
22591;Germany;Federal Shipping;2015;0;0
22592;Italy;Federal Shipping;2022;1;0
22593;USA;Federal Shipping;2018;20;1
22594;Venezuela;Speedy Express;2020;15;1
22595;Finland;Speedy Express;2022;19;1
22596;Denmark;United Package;2020;1;0
22597;Portugal;United Package;2018;1;0
22598;Germany;Federal Shipping;2014;5;0
22599;Sweden;Speedy Express;2023;8;0
22600;Germany;Federal Shipping;2016;5;0
22601;Italy;United Package;2015;2;0
22602;France;Federal Shipping;2022;21;1
22603;USA;Federal Shipping;2019;15;0
22604;Germany;Federal Shipping;2018;1;0
22605;Brazil;Federal Shipping;2020;0;0
22606;Norway;Speedy Express;2013;3;0
22607;France;Speedy Express;2023;16;1
22608;USA;Speedy Express;2018;11;0
22609;USA;Federal Shipping;2022;4;0
22610;USA;United Package;2012;6;0
22611;Brazil;Speedy Express;2022;13;1
22612;Germany;Federal Shipping;2015;7;1
22613;USA;Speedy Express;2022;4;0
22614;Germany;Speedy Express;2020;1;0
22615;Germany;United Package;2019;1;0
22616;Denmark;United Package;2018;7;1
22617;USA;Speedy Express;2018;18;1
22618;Germany;Federal Shipping;2020;4;0
22619;Spain;Federal Shipping;2015;2;0
22620;UK;Speedy Express;2017;0;0
22621;USA;United Package;2023;3;0
22622;Venezuela;United Package;2021;11;0
22623;Mexico;Federal Shipping;2020;4;0
22624;Portugal;Federal Shipping;2019;3;0
22625;Mexico;Federal Shipping;2015;26;1
22626;Italy;Speedy Express;2016;18;1
22627;Switzerland;Speedy Express;2013;18;0
22628;Norway;Federal Shipping;2015;20;1
22629;USA;United Package;2017;10;0
22630;Germany;Federal Shipping;2021;21;0
22631;Mexico;Federal Shipping;2020;2;0
22632;Norway;Federal Shipping;2019;18;0
22633;Mexico;Speedy Express;2014;0;0
22634;Belgium;Federal Shipping;2022;5;0
22635;Austria;Speedy Express;2019;2;0
22636;Norway;Federal Shipping;2017;5;1
22637;France;Federal Shipping;2014;16;0
22638;Finland;Speedy Express;2015;0;0
22639;Sweden;Speedy Express;2019;20;0
22640;USA;United Package;2018;9;0
22641;Switzerland;Federal Shipping;2012;13;0
22642;UK;Speedy Express;2021;0;0
22643;Germany;Federal Shipping;2015;3;0
22644;Finland;Federal Shipping;2018;14;0
22645;Ireland;United Package;2018;4;0
22646;Germany;Speedy Express;2017;8;1
22647;Sweden;Speedy Express;2017;10;0
22648;USA;Federal Shipping;2021;10;0
22649;Venezuela;Federal Shipping;2016;1;0
22650;Belgium;Speedy Express;2021;22;0
22651;Denmark;Federal Shipping;2017;3;0
22652;Mexico;Speedy Express;2013;1;1
22653;France;United Package;2017;5;1
22654;Canada;United Package;2021;19;0
22655;USA;United Package;2012;9;1
22656;Venezuela;United Package;2022;0;0
22657;Germany;Speedy Express;2017;2;0
22658;Ireland;Federal Shipping;2017;0;0
22659;Norway;Federal Shipping;2018;9;0
22660;Spain;United Package;2023;3;0
22661;Venezuela;United Package;2014;0;0
22662;France;Federal Shipping;2023;11;0
22663;France;Speedy Express;2016;7;1
22664;USA;Federal Shipping;2013;7;0
22665;Brazil;Speedy Express;2022;9;0
22666;USA;Speedy Express;2015;3;1
22667;Germany;Speedy Express;2015;1;0
22668;Mexico;Federal Shipping;2015;27;0
22669;UK;Federal Shipping;2021;2;0
22670;Argentina;Speedy Express;2018;4;0
22671;USA;Federal Shipping;2013;1;0
22672;Portugal;United Package;2021;12;1
22673;Venezuela;Speedy Express;2018;4;0
22674;Brazil;Speedy Express;2019;2;0
22675;Canada;United Package;2015;2;0
22676;Argentina;Federal Shipping;2020;7;0
22677;USA;Speedy Express;2014;9;0
22678;USA;United Package;2019;13;0
22679;Venezuela;Federal Shipping;2019;0;0
22680;Argentina;United Package;2012;7;0
22681;UK;Federal Shipping;2018;9;0
22682;Brazil;Federal Shipping;2017;25;0
22683;Switzerland;United Package;2021;16;0
22684;USA;United Package;2021;2;0
22685;France;Speedy Express;2021;10;0
22686;USA;Speedy Express;2018;17;0
22687;France;Federal Shipping;2016;1;0
22688;Germany;Federal Shipping;2016;5;0
22689;France;Federal Shipping;2020;3;0
22690;Germany;United Package;2017;8;0
22691;Mexico;Speedy Express;2015;15;1
22692;USA;Speedy Express;2017;6;0
22693;Finland;Speedy Express;2021;1;0
22694;France;Speedy Express;2020;22;1
22695;Germany;Federal Shipping;2016;0;0
22696;Spain;United Package;2019;24;1
22697;USA;United Package;2015;3;0
22698;Venezuela;Speedy Express;2017;1;0
22699;Denmark;United Package;2018;5;1
22700;Austria;Federal Shipping;2018;12;0
22701;Sweden;Speedy Express;2022;8;1
22702;Spain;Speedy Express;2019;7;0
22703;France;Speedy Express;2021;2;0
22704;UK;Federal Shipping;2012;3;1
22705;Germany;Speedy Express;2018;9;0
22706;Spain;Federal Shipping;2020;3;0
22707;Germany;Speedy Express;2015;6;0
22708;Argentina;Speedy Express;2021;20;1
22709;Brazil;United Package;2018;20;0
22710;Canada;Speedy Express;2021;0;0
22711;Germany;Speedy Express;2017;15;1
22712;Italy;Speedy Express;2021;14;0
22713;Finland;Federal Shipping;2016;5;0
22714;Brazil;Federal Shipping;2023;16;0
22715;Venezuela;Speedy Express;2023;27;0
22716;Germany;United Package;2022;5;0
22717;Switzerland;Speedy Express;2023;10;1
22718;Canada;Speedy Express;2018;1;0
22719;Spain;Speedy Express;2022;2;0
22720;Mexico;Federal Shipping;2019;10;1
22721;Canada;Federal Shipping;2013;0;0
22722;Argentina;United Package;2023;1;0
22723;UK;United Package;2015;5;1
22724;Switzerland;United Package;2017;13;1
22725;Germany;United Package;2018;1;0
22726;Switzerland;Federal Shipping;2014;12;1
22727;USA;United Package;2012;2;0
22728;Spain;United Package;2017;1;0
22729;Brazil;United Package;2020;4;0
22730;Brazil;Speedy Express;2012;2;0
22731;Mexico;United Package;2013;4;0
22732;USA;Speedy Express;2016;1;0
22733;Brazil;Federal Shipping;2019;2;0
22734;Mexico;United Package;2014;18;1
22735;Germany;United Package;2018;2;0
22736;Austria;Speedy Express;2023;16;1
22737;Argentina;Speedy Express;2016;18;1
22738;Mexico;United Package;2013;12;0
22739;Spain;United Package;2013;22;1
22740;Brazil;Speedy Express;2017;3;0
22741;France;Speedy Express;2018;12;0
22742;Germany;Federal Shipping;2020;9;1
22743;Germany;Speedy Express;2021;2;0
22744;UK;Federal Shipping;2017;28;0
22745;Germany;Federal Shipping;2013;26;1
22746;USA;Federal Shipping;2021;10;1
22747;Belgium;United Package;2012;14;0
22748;Ireland;United Package;2020;0;0
22749;Italy;Speedy Express;2017;3;0
22750;USA;Federal Shipping;2016;12;1
22751;France;Federal Shipping;2019;6;1
22752;USA;Speedy Express;2014;18;0
22753;Brazil;Speedy Express;2022;22;1
22754;Germany;Speedy Express;2013;16;1
22755;UK;Speedy Express;2013;10;1
22756;Mexico;Federal Shipping;2013;18;0
22757;Germany;Speedy Express;2019;6;1
22758;France;Federal Shipping;2022;1;0
22759;Germany;Federal Shipping;2019;1;0
22760;Mexico;Speedy Express;2021;13;1
22761;Argentina;Federal Shipping;2021;3;1
22762;Denmark;Federal Shipping;2016;19;0
22763;Poland;United Package;2023;4;0
22764;Brazil;Federal Shipping;2015;3;0
22765;Argentina;Federal Shipping;2022;4;0
22766;Portugal;United Package;2015;10;0
22767;Argentina;United Package;2017;3;1
22768;Portugal;Speedy Express;2016;2;1
22769;France;United Package;2020;1;0
22770;Mexico;Federal Shipping;2013;1;0
22771;Germany;United Package;2017;28;1
22772;Germany;United Package;2022;10;0
22773;Sweden;Speedy Express;2022;0;0
22774;Italy;Federal Shipping;2021;8;0
22775;France;United Package;2017;15;0
22776;USA;Speedy Express;2012;5;0
22777;Spain;Speedy Express;2019;20;0
22778;France;Speedy Express;2016;1;0
22779;Finland;Speedy Express;2021;0;0
22780;USA;United Package;2021;11;0
22781;Germany;Federal Shipping;2014;1;0
22782;Brazil;Speedy Express;2016;9;1
22783;USA;Speedy Express;2015;3;0
22784;France;Federal Shipping;2013;6;0
22785;USA;United Package;2014;0;0
22786;Brazil;Federal Shipping;2014;14;1
22787;Brazil;United Package;2016;4;1
22788;Brazil;United Package;2020;10;0
22789;Canada;Federal Shipping;2013;15;0
22790;Germany;Speedy Express;2020;1;0
22791;USA;Federal Shipping;2018;10;0
22792;Mexico;United Package;2022;12;0
22793;USA;Speedy Express;2023;3;0
22794;Germany;Speedy Express;2023;0;0
22795;Portugal;Federal Shipping;2020;1;0
22796;Germany;Speedy Express;2021;5;1
22797;Portugal;United Package;2022;3;0
22798;Portugal;United Package;2019;2;0
22799;Mexico;Federal Shipping;2016;2;0
22800;UK;Federal Shipping;2016;9;0
22801;UK;Speedy Express;2021;9;0
22802;Austria;Speedy Express;2019;2;0
22803;Poland;United Package;2012;11;1
22804;Mexico;Speedy Express;2017;8;0
22805;France;United Package;2016;1;0
22806;Spain;United Package;2012;9;0
22807;USA;Speedy Express;2017;7;0
22808;France;Speedy Express;2014;3;0
22809;Sweden;Speedy Express;2021;17;1
22810;Venezuela;Speedy Express;2015;3;0
22811;Brazil;Speedy Express;2017;4;0
22812;Finland;United Package;2020;15;0
22813;Finland;Federal Shipping;2018;6;0
22814;Finland;Speedy Express;2021;2;0
22815;USA;Federal Shipping;2021;1;0
22816;USA;Speedy Express;2012;4;0
22817;Italy;United Package;2022;20;1
22818;UK;Federal Shipping;2013;4;0
22819;Austria;Federal Shipping;2019;5;0
22820;Venezuela;Federal Shipping;2013;26;1
22821;Mexico;Speedy Express;2015;27;1
22822;France;Speedy Express;2022;10;0
22823;Spain;Speedy Express;2019;9;0
22824;Germany;Federal Shipping;2020;2;0
22825;UK;United Package;2015;20;1
22826;UK;United Package;2016;1;0
22827;Switzerland;United Package;2018;5;1
22828;UK;Federal Shipping;2013;2;0
22829;Brazil;Federal Shipping;2014;13;1
22830;USA;Speedy Express;2019;0;1
22831;Germany;Federal Shipping;2020;6;0
22832;France;Federal Shipping;2012;18;1
22833;Venezuela;United Package;2020;16;1
22834;Germany;United Package;2017;15;0
22835;Sweden;United Package;2018;22;0
22836;Norway;Speedy Express;2015;2;0
22837;UK;United Package;2017;5;1
22838;Brazil;Speedy Express;2022;2;0
22839;UK;Speedy Express;2021;5;0
22840;Switzerland;Speedy Express;2012;11;0
22841;Italy;Speedy Express;2019;2;0
22842;Brazil;Speedy Express;2013;19;1
22843;Germany;Speedy Express;2021;2;0
22844;Germany;Federal Shipping;2020;12;1
22845;Germany;Speedy Express;2020;4;1
22846;UK;Speedy Express;2019;1;0
22847;Switzerland;United Package;2017;11;0
22848;USA;United Package;2022;5;1
22849;Finland;Federal Shipping;2013;12;0
22850;Brazil;Federal Shipping;2015;1;0
22851;Mexico;United Package;2014;4;0
22852;Italy;Federal Shipping;2022;25;1
22853;UK;Speedy Express;2018;16;0
22854;France;Speedy Express;2016;3;0
22855;Venezuela;Federal Shipping;2020;0;0
22856;Italy;United Package;2017;11;0
22857;UK;Federal Shipping;2016;0;0
22858;USA;United Package;2021;1;0
22859;France;Speedy Express;2020;3;0
22860;France;Speedy Express;2018;4;1
22861;Venezuela;Federal Shipping;2023;3;0
22862;USA;Federal Shipping;2023;11;0
22863;Brazil;Speedy Express;2020;1;0
22864;Germany;Federal Shipping;2015;8;0
22865;Spain;United Package;2023;13;0
22866;Spain;Speedy Express;2019;14;0
22867;UK;Federal Shipping;2017;22;1
22868;Sweden;Speedy Express;2022;9;0
22869;Brazil;United Package;2019;4;0
22870;Argentina;Speedy Express;2019;6;1
22871;France;Speedy Express;2017;6;0
22872;Belgium;United Package;2013;1;0
22873;France;Speedy Express;2022;2;0
22874;Germany;Federal Shipping;2020;16;0
22875;Brazil;United Package;2020;1;0
22876;Argentina;United Package;2015;4;0
22877;Italy;Speedy Express;2015;11;0
22878;Venezuela;United Package;2019;4;0
22879;Mexico;Federal Shipping;2019;3;0
22880;Germany;United Package;2023;11;0
22881;France;United Package;2018;3;0
22882;Poland;Speedy Express;2014;0;0
22883;Germany;United Package;2021;11;1
22884;Brazil;Speedy Express;2021;1;0
22885;UK;Federal Shipping;2016;22;1
22886;France;Federal Shipping;2019;2;0
22887;Mexico;United Package;2018;1;0
22888;Switzerland;United Package;2019;8;0
22889;USA;Speedy Express;2020;5;0
22890;UK;Speedy Express;2013;5;0
22891;Germany;Speedy Express;2021;0;0
22892;Brazil;Speedy Express;2022;9;0
22893;France;United Package;2021;0;0
22894;Venezuela;United Package;2017;2;0
22895;France;Federal Shipping;2017;16;1
22896;Brazil;Speedy Express;2012;7;0
22897;Spain;Speedy Express;2014;1;0
22898;Spain;Federal Shipping;2023;27;1
22899;USA;Speedy Express;2018;2;0
22900;Brazil;United Package;2023;2;0
22901;Germany;United Package;2019;10;0
22902;Germany;United Package;2015;12;0
22903;Denmark;Federal Shipping;2015;10;0
22904;Portugal;Federal Shipping;2014;20;0
22905;France;United Package;2019;3;1
22906;Sweden;United Package;2021;1;0
22907;Germany;Federal Shipping;2013;13;0
22908;France;United Package;2021;6;0
22909;Denmark;United Package;2018;17;0
22910;Brazil;Speedy Express;2018;1;0
22911;USA;Federal Shipping;2021;9;0
22912;Italy;Speedy Express;2019;6;0
22913;Mexico;Speedy Express;2020;20;1
22914;France;United Package;2019;24;0
22915;Germany;United Package;2015;11;0
22916;Brazil;Speedy Express;2019;27;1
22917;USA;United Package;2013;10;1
22918;France;United Package;2017;4;0
22919;Belgium;Speedy Express;2019;3;0
22920;UK;Federal Shipping;2015;21;0
22921;UK;Speedy Express;2022;7;0
22922;France;Speedy Express;2023;2;0
22923;Spain;Speedy Express;2017;4;1
22924;France;United Package;2014;2;0
22925;Austria;United Package;2023;2;0
22926;Portugal;Federal Shipping;2018;7;0
22927;Brazil;Federal Shipping;2021;19;1
22928;USA;Speedy Express;2015;12;1
22929;France;Federal Shipping;2013;10;0
22930;UK;Speedy Express;2022;1;0
22931;USA;Speedy Express;2015;11;1
22932;Argentina;Federal Shipping;2014;6;0
22933;Brazil;Speedy Express;2014;0;0
22934;France;Speedy Express;2014;1;0
22935;Belgium;United Package;2017;20;1
22936;Finland;Speedy Express;2014;12;0
22937;Germany;United Package;2013;2;0
22938;USA;Federal Shipping;2023;10;0
22939;Mexico;Speedy Express;2022;7;1
22940;Germany;Federal Shipping;2021;9;0
22941;Germany;Federal Shipping;2023;1;0
22942;France;United Package;2019;1;0
22943;France;Speedy Express;2012;6;0
22944;Austria;Speedy Express;2019;3;0
22945;Germany;Speedy Express;2023;7;0
22946;Switzerland;United Package;2016;0;0
22947;France;Speedy Express;2023;21;0
22948;Brazil;Federal Shipping;2020;13;0
22949;Canada;Speedy Express;2013;5;1
22950;Poland;Federal Shipping;2017;2;0
22951;Mexico;Federal Shipping;2017;12;1
22952;UK;United Package;2015;0;0
22953;USA;Federal Shipping;2017;10;0
22954;Switzerland;Federal Shipping;2017;16;1
22955;Mexico;United Package;2015;27;0
22956;Brazil;United Package;2015;14;1
22957;Mexico;United Package;2023;12;1
22958;USA;Speedy Express;2014;7;0
22959;Germany;United Package;2021;2;0
22960;Canada;United Package;2018;16;0
22961;USA;United Package;2023;0;0
22962;Sweden;Speedy Express;2013;7;0
22963;USA;United Package;2021;9;0
22964;USA;Federal Shipping;2016;17;0
22965;UK;United Package;2020;2;0
22966;Denmark;Speedy Express;2015;1;0
22967;France;United Package;2020;13;0
22968;UK;Speedy Express;2021;13;1
22969;Brazil;Speedy Express;2021;23;1
22970;UK;Speedy Express;2017;1;0
22971;UK;United Package;2013;6;0
22972;UK;Speedy Express;2012;22;1
22973;Finland;Speedy Express;2013;17;0
22974;Switzerland;United Package;2020;3;0
22975;USA;Federal Shipping;2020;19;0
22976;USA;United Package;2012;7;0
22977;Portugal;Federal Shipping;2017;10;0
22978;Switzerland;Speedy Express;2014;3;0
22979;USA;Federal Shipping;2017;4;0
22980;USA;Federal Shipping;2020;11;0
22981;Venezuela;Federal Shipping;2022;20;0
22982;Germany;Federal Shipping;2023;4;0
22983;Venezuela;United Package;2019;5;0
22984;Mexico;Speedy Express;2017;1;0
22985;Ireland;Speedy Express;2017;13;0
22986;Mexico;Speedy Express;2021;7;0
22987;Mexico;Speedy Express;2023;1;0
22988;Brazil;Federal Shipping;2019;0;0
22989;Argentina;Speedy Express;2016;0;0
22990;Switzerland;United Package;2023;2;0
22991;USA;Speedy Express;2014;1;0
22992;Brazil;United Package;2014;4;0
22993;Brazil;Federal Shipping;2018;0;0
22994;Poland;Speedy Express;2013;5;0
22995;Portugal;Speedy Express;2014;10;0
22996;Argentina;Speedy Express;2015;7;1
22997;France;Speedy Express;2015;12;0
22998;Mexico;Federal Shipping;2015;1;0
22999;Germany;Federal Shipping;2012;15;0
23000;Mexico;Federal Shipping;2012;18;1
23001;Switzerland;Federal Shipping;2018;15;0
23002;Austria;Federal Shipping;2019;4;0
23003;Germany;Speedy Express;2022;13;1
23004;France;United Package;2020;13;0
23005;Denmark;United Package;2013;3;0
23006;Germany;Federal Shipping;2017;5;1
23007;Venezuela;Speedy Express;2018;10;0
23008;Italy;Speedy Express;2019;5;0
23009;Mexico;United Package;2018;3;0
23010;Germany;Speedy Express;2018;14;1
23011;Germany;Speedy Express;2021;2;0
23012;USA;Speedy Express;2023;3;0
23013;Brazil;Federal Shipping;2017;2;0
23014;Portugal;Federal Shipping;2013;19;1
23015;USA;United Package;2014;11;0
23016;Italy;Speedy Express;2017;3;0
23017;Germany;Federal Shipping;2015;1;0
23018;Finland;United Package;2022;25;1
23019;France;Speedy Express;2013;3;0
23020;Germany;Speedy Express;2016;4;0
23021;Italy;Federal Shipping;2019;4;0
23022;Portugal;Speedy Express;2018;15;1
23023;Germany;Speedy Express;2022;4;0
23024;Austria;Speedy Express;2012;1;0
23025;USA;Speedy Express;2015;9;1
23026;UK;United Package;2013;8;0
23027;Venezuela;Speedy Express;2020;1;0
23028;USA;Speedy Express;2020;7;0
23029;Finland;Federal Shipping;2014;2;1
23030;USA;Speedy Express;2017;1;0
23031;Germany;Speedy Express;2022;3;1
23032;Sweden;United Package;2016;4;0
23033;UK;Speedy Express;2013;1;0
23034;Canada;Federal Shipping;2019;4;0
23035;USA;Federal Shipping;2013;9;0
23036;Finland;Federal Shipping;2013;2;0
23037;Austria;Federal Shipping;2018;7;0
23038;Spain;United Package;2015;13;1
23039;Denmark;Speedy Express;2014;17;0
23040;UK;Speedy Express;2015;4;0
23041;Denmark;Federal Shipping;2013;4;0
23042;Ireland;United Package;2018;5;0
23043;UK;United Package;2016;15;1
23044;USA;Speedy Express;2020;21;1
23045;France;Speedy Express;2023;4;0
23046;USA;Federal Shipping;2019;11;0
23047;USA;United Package;2022;17;0
23048;Brazil;Federal Shipping;2017;3;0
23049;USA;United Package;2023;0;0
23050;Switzerland;United Package;2020;2;0
23051;UK;Speedy Express;2023;0;0
23052;Sweden;United Package;2023;12;0
23053;France;United Package;2013;17;1
23054;Canada;United Package;2017;5;0
23055;Mexico;Speedy Express;2016;20;0
23056;Brazil;United Package;2018;5;0
23057;France;Speedy Express;2018;15;1
23058;Brazil;Speedy Express;2013;8;0
23059;UK;United Package;2023;23;1
23060;France;Speedy Express;2013;0;0
23061;France;Speedy Express;2022;3;0
23062;Spain;Federal Shipping;2016;28;1
23063;Argentina;Federal Shipping;2021;21;0
23064;Germany;Federal Shipping;2014;3;0
23065;Venezuela;United Package;2016;1;0
23066;UK;Federal Shipping;2017;8;1
23067;Brazil;United Package;2018;6;0
23068;Denmark;Speedy Express;2020;6;0
23069;USA;Federal Shipping;2014;9;0
23070;Finland;Federal Shipping;2022;1;0
23071;Sweden;Federal Shipping;2021;3;0
23072;Austria;United Package;2017;3;0
23073;UK;Federal Shipping;2020;1;1
23074;Poland;United Package;2020;4;0
23075;France;Speedy Express;2021;6;0
23076;USA;Federal Shipping;2021;1;0
23077;Mexico;Speedy Express;2022;6;1
23078;UK;Speedy Express;2020;5;0
23079;Spain;Speedy Express;2014;11;0
23080;Italy;United Package;2015;11;0
23081;Venezuela;United Package;2016;14;1
23082;USA;Speedy Express;2019;2;0
23083;Denmark;United Package;2019;13;0
23084;USA;Federal Shipping;2016;2;0
23085;Germany;United Package;2020;2;1
23086;USA;United Package;2023;3;0
23087;Canada;Speedy Express;2023;3;0
23088;Poland;United Package;2013;1;0
23089;Spain;Federal Shipping;2018;3;0
23090;USA;Speedy Express;2017;1;0
23091;Germany;United Package;2013;2;0
23092;UK;Federal Shipping;2021;8;0
23093;UK;Federal Shipping;2017;1;0
23094;USA;Federal Shipping;2017;4;0
23095;Denmark;Federal Shipping;2018;7;0
23096;UK;Speedy Express;2017;11;1
23097;Germany;Speedy Express;2014;17;1
23098;Ireland;United Package;2021;5;0
23099;Germany;Federal Shipping;2017;16;0
23100;UK;United Package;2018;21;1
23101;Belgium;Federal Shipping;2015;2;0
23102;USA;United Package;2017;2;0
23103;Argentina;Federal Shipping;2022;3;0
23104;USA;Speedy Express;2023;8;0
23105;Germany;United Package;2016;2;0
23106;USA;Speedy Express;2015;0;0
23107;Germany;United Package;2016;13;0
23108;Mexico;Speedy Express;2021;5;0
23109;Sweden;United Package;2015;5;1
23110;Brazil;Speedy Express;2018;2;0
23111;Spain;United Package;2023;0;0
23112;Austria;Speedy Express;2014;20;0
23113;Denmark;Speedy Express;2022;3;1
23114;UK;United Package;2023;6;1
23115;Portugal;Federal Shipping;2017;15;0
23116;France;United Package;2012;5;0
23117;Finland;Federal Shipping;2022;6;0
23118;Germany;Speedy Express;2021;1;0
23119;Switzerland;Speedy Express;2015;13;1
23120;Canada;Federal Shipping;2013;2;0
23121;France;Federal Shipping;2016;1;0
23122;UK;United Package;2018;11;0
23123;Germany;Federal Shipping;2021;3;0
23124;USA;United Package;2020;10;0
23125;Italy;Federal Shipping;2013;11;0
23126;USA;Federal Shipping;2020;1;0
23127;Germany;United Package;2020;1;0
23128;Venezuela;Federal Shipping;2015;18;1
23129;Switzerland;Federal Shipping;2014;1;0
23130;Venezuela;Federal Shipping;2016;10;0
23131;Germany;United Package;2017;9;1
23132;Spain;United Package;2023;5;0
23133;Brazil;Federal Shipping;2015;10;0
23134;Brazil;Federal Shipping;2023;11;1
23135;Sweden;United Package;2013;4;0
23136;Germany;United Package;2020;3;0
23137;Brazil;Federal Shipping;2016;15;0
23138;Germany;United Package;2017;21;1
23139;Mexico;Federal Shipping;2012;11;0
23140;Mexico;Speedy Express;2015;1;0
23141;Brazil;Speedy Express;2015;8;0
23142;Mexico;Speedy Express;2013;21;1
23143;Germany;Speedy Express;2020;11;1
23144;USA;United Package;2016;3;0
23145;USA;Speedy Express;2019;1;0
23146;Portugal;United Package;2013;1;0
23147;Argentina;Speedy Express;2019;12;1
23148;Germany;United Package;2019;5;0
23149;Belgium;Federal Shipping;2022;2;0
23150;Brazil;United Package;2019;8;1
23151;Switzerland;Federal Shipping;2014;2;0
23152;Portugal;Speedy Express;2016;2;0
23153;Ireland;Speedy Express;2015;6;0
23154;Germany;United Package;2020;4;0
23155;USA;Speedy Express;2013;12;1
23156;USA;Speedy Express;2020;1;0
23157;Switzerland;Federal Shipping;2016;6;0
23158;Argentina;United Package;2022;13;1
23159;UK;Federal Shipping;2015;15;1
23160;France;United Package;2020;0;0
23161;Brazil;United Package;2013;8;0
23162;USA;Federal Shipping;2016;6;1
23163;Germany;United Package;2022;12;1
23164;UK;Speedy Express;2014;11;0
23165;Brazil;United Package;2015;0;0
23166;Poland;United Package;2019;14;1
23167;Finland;Speedy Express;2020;11;0
23168;Italy;Federal Shipping;2012;2;0
23169;UK;Federal Shipping;2016;12;0
23170;Portugal;United Package;2017;6;0
23171;Norway;Speedy Express;2017;22;0
23172;Spain;United Package;2013;16;0
23173;Germany;Federal Shipping;2020;2;0
23174;Germany;Federal Shipping;2016;5;1
23175;Germany;United Package;2023;0;0
23176;Spain;Speedy Express;2014;6;0
23177;France;Federal Shipping;2021;7;0
23178;Switzerland;United Package;2023;22;1
23179;Venezuela;United Package;2012;12;1
23180;France;United Package;2017;3;0
23181;UK;Speedy Express;2012;5;1
23182;USA;United Package;2019;22;0
23183;Brazil;United Package;2015;21;0
23184;UK;United Package;2015;1;0
23185;Brazil;Speedy Express;2019;4;0
23186;France;Speedy Express;2020;1;0
23187;France;Speedy Express;2013;6;0
23188;Canada;United Package;2019;8;0
23189;Denmark;Federal Shipping;2023;14;0
23190;Venezuela;Federal Shipping;2017;9;1
23191;France;Federal Shipping;2021;0;0
23192;Venezuela;United Package;2019;1;0
23193;Germany;Speedy Express;2015;7;0
23194;Belgium;United Package;2014;5;0
23195;Germany;Federal Shipping;2013;0;0
23196;France;United Package;2013;8;0
23197;Germany;Federal Shipping;2020;11;0
23198;Germany;Federal Shipping;2018;3;0
23199;Argentina;Speedy Express;2023;14;0
23200;Belgium;Speedy Express;2012;4;1
23201;Switzerland;United Package;2016;7;0
23202;Portugal;United Package;2016;7;0
23203;Germany;United Package;2020;5;0
23204;Germany;Speedy Express;2014;6;0
23205;Germany;United Package;2013;14;1
23206;Mexico;Federal Shipping;2018;4;0
23207;USA;United Package;2021;3;1
23208;France;United Package;2019;16;0
23209;USA;Federal Shipping;2017;5;0
23210;Brazil;United Package;2013;5;1
23211;USA;Federal Shipping;2017;12;0
23212;USA;Federal Shipping;2017;8;1
23213;Brazil;Federal Shipping;2015;1;0
23214;Brazil;Speedy Express;2019;13;0
23215;Germany;Federal Shipping;2021;2;0
23216;France;Speedy Express;2018;16;0
23217;Germany;United Package;2014;1;0
23218;Germany;United Package;2014;1;0
23219;Spain;Speedy Express;2015;0;0
23220;Canada;United Package;2012;6;1
23221;USA;Speedy Express;2020;2;0
23222;UK;Federal Shipping;2020;1;0
23223;Austria;United Package;2017;4;1
23224;Switzerland;United Package;2016;9;0
23225;Switzerland;Speedy Express;2014;2;0
23226;Portugal;United Package;2014;3;0
23227;Canada;Speedy Express;2013;2;0
23228;UK;United Package;2022;10;0
23229;Argentina;Federal Shipping;2019;27;1
23230;USA;United Package;2022;11;0
23231;Brazil;Federal Shipping;2015;1;0
23232;USA;Federal Shipping;2022;11;0
23233;UK;Speedy Express;2023;5;0
23234;Switzerland;Speedy Express;2021;0;0
23235;Brazil;Speedy Express;2012;2;0
23236;Sweden;Federal Shipping;2018;19;1
23237;Germany;United Package;2015;3;0
23238;Finland;Federal Shipping;2023;15;1
23239;USA;United Package;2016;17;0
23240;Mexico;United Package;2020;10;1
23241;Switzerland;Speedy Express;2018;14;0
23242;Germany;United Package;2023;5;1
23243;Venezuela;Federal Shipping;2022;2;0
23244;France;United Package;2016;12;0
23245;Poland;Federal Shipping;2013;1;0
23246;Germany;Federal Shipping;2014;3;0
23247;Brazil;Federal Shipping;2017;3;0
23248;Spain;Speedy Express;2015;10;1
23249;Portugal;United Package;2017;0;0
23250;USA;Speedy Express;2016;5;0
23251;France;United Package;2022;4;0
23252;Austria;United Package;2023;14;0
23253;USA;United Package;2021;7;0
23254;USA;Federal Shipping;2018;2;0
23255;Sweden;Federal Shipping;2013;4;0
23256;Germany;Speedy Express;2021;1;0
23257;USA;Speedy Express;2015;7;0
23258;France;Federal Shipping;2020;18;1
23259;Denmark;Speedy Express;2019;5;0
23260;France;Speedy Express;2013;9;0
23261;USA;Federal Shipping;2014;1;0
23262;USA;United Package;2014;12;0
23263;USA;Federal Shipping;2015;5;0
23264;Sweden;United Package;2014;18;1
23265;Switzerland;Speedy Express;2012;6;0
23266;Ireland;Federal Shipping;2021;3;0
23267;Mexico;Speedy Express;2013;1;0
23268;Austria;Federal Shipping;2020;7;1
23269;Denmark;Federal Shipping;2019;5;0
23270;France;Federal Shipping;2013;4;0
23271;Spain;Speedy Express;2021;9;0
23272;Ireland;Federal Shipping;2013;0;0
23273;Venezuela;United Package;2021;8;0
23274;France;United Package;2014;0;0
23275;Brazil;United Package;2023;27;1
23276;Mexico;United Package;2023;2;0
23277;USA;Federal Shipping;2023;5;0
23278;USA;Federal Shipping;2020;25;0
23279;France;Speedy Express;2021;14;1
23280;UK;United Package;2021;20;0
23281;France;Federal Shipping;2022;4;0
23282;Canada;United Package;2017;1;1
23283;Poland;Speedy Express;2016;3;0
23284;Germany;Federal Shipping;2013;9;1
23285;UK;Speedy Express;2014;0;0
23286;Denmark;Speedy Express;2018;12;0
23287;Argentina;Federal Shipping;2020;3;0
23288;Finland;Federal Shipping;2023;13;0
23289;Brazil;Speedy Express;2020;1;0
23290;USA;Federal Shipping;2020;7;0
23291;USA;Federal Shipping;2013;5;0
23292;USA;Speedy Express;2013;21;0
23293;Germany;Speedy Express;2016;2;0
23294;Denmark;United Package;2017;6;1
23295;France;Speedy Express;2016;3;0
23296;Canada;Speedy Express;2017;4;0
23297;Germany;United Package;2017;4;1
23298;France;Speedy Express;2020;2;0
23299;Spain;United Package;2014;4;0
23300;Belgium;Federal Shipping;2019;17;0
23301;Argentina;Speedy Express;2022;13;0
23302;Mexico;Speedy Express;2015;13;1
23303;UK;Speedy Express;2022;3;0
23304;Austria;United Package;2019;6;0
23305;Mexico;Speedy Express;2023;1;0
23306;Germany;Speedy Express;2016;6;0
23307;France;Speedy Express;2018;1;0
23308;UK;Federal Shipping;2017;7;0
23309;UK;Federal Shipping;2018;8;0
23310;Germany;Federal Shipping;2022;18;1
23311;France;Speedy Express;2017;0;0
23312;Spain;Federal Shipping;2015;10;0
23313;France;Speedy Express;2022;3;0
23314;Sweden;Federal Shipping;2021;6;0
23315;Germany;Federal Shipping;2014;20;1
23316;USA;Federal Shipping;2018;4;0
23317;Canada;Federal Shipping;2022;21;0
23318;France;Federal Shipping;2022;2;0
23319;USA;Federal Shipping;2022;3;0
23320;Brazil;United Package;2023;2;0
23321;Canada;Federal Shipping;2014;3;0
23322;Mexico;United Package;2022;24;1
23323;USA;Speedy Express;2015;3;0
23324;Germany;Federal Shipping;2014;3;0
23325;Brazil;United Package;2020;2;0
23326;Venezuela;Speedy Express;2017;2;0
23327;UK;Federal Shipping;2017;3;0
23328;Mexico;Speedy Express;2020;11;0
23329;USA;Speedy Express;2023;20;1
23330;Germany;Speedy Express;2021;2;0
23331;Sweden;Federal Shipping;2017;1;0
23332;Spain;Speedy Express;2019;4;0
23333;Portugal;Federal Shipping;2021;23;1
23334;UK;Speedy Express;2015;9;0
23335;Germany;Federal Shipping;2023;4;0
23336;Mexico;United Package;2023;5;1
23337;Germany;United Package;2013;5;1
23338;Argentina;Speedy Express;2020;8;0
23339;USA;Federal Shipping;2018;12;0
23340;UK;Federal Shipping;2015;2;0
23341;Switzerland;Speedy Express;2016;3;0
23342;Brazil;Federal Shipping;2019;0;0
23343;Venezuela;Speedy Express;2013;12;0
23344;Brazil;Federal Shipping;2021;2;1
23345;Brazil;Speedy Express;2020;16;0
23346;UK;United Package;2012;0;0
23347;Spain;Speedy Express;2014;2;0
23348;Canada;Speedy Express;2017;6;0
23349;Mexico;United Package;2015;19;0
23350;UK;Federal Shipping;2015;7;0
23351;Venezuela;United Package;2014;2;0
23352;Brazil;United Package;2017;0;0
23353;Denmark;United Package;2018;2;1
23354;USA;Speedy Express;2022;4;0
23355;USA;Speedy Express;2017;2;0
23356;Brazil;United Package;2020;8;0
23357;USA;United Package;2014;12;0
23358;Brazil;United Package;2017;7;0
23359;USA;Speedy Express;2015;19;0
23360;Belgium;Federal Shipping;2018;7;0
23361;Brazil;United Package;2022;2;0
23362;France;Federal Shipping;2018;14;1
23363;UK;Speedy Express;2023;2;0
23364;Ireland;Federal Shipping;2022;11;0
23365;Spain;United Package;2016;1;0
23366;UK;United Package;2020;6;1
23367;Argentina;Federal Shipping;2015;17;1
23368;Germany;Federal Shipping;2020;4;0
23369;USA;Federal Shipping;2020;3;0
23370;Mexico;United Package;2020;1;0
23371;UK;Speedy Express;2020;3;0
23372;France;Speedy Express;2019;18;1
23373;Germany;Speedy Express;2022;3;0
23374;USA;Federal Shipping;2017;3;0
23375;France;Federal Shipping;2020;1;0
23376;Germany;United Package;2014;14;1
23377;Spain;Speedy Express;2023;2;0
23378;Mexico;Speedy Express;2014;1;0
23379;Mexico;Speedy Express;2019;8;1
23380;Mexico;United Package;2018;10;1
23381;Germany;Speedy Express;2014;0;0
23382;Belgium;United Package;2015;15;1
23383;USA;Speedy Express;2018;22;1
23384;Italy;United Package;2019;11;0
23385;Argentina;United Package;2022;17;0
23386;Spain;Federal Shipping;2020;2;0
23387;Italy;United Package;2014;24;0
23388;USA;Speedy Express;2016;24;1
23389;Switzerland;Speedy Express;2023;7;1
23390;USA;Federal Shipping;2013;26;1
23391;France;United Package;2023;23;1
23392;Finland;Speedy Express;2016;3;0
23393;Norway;United Package;2023;7;0
23394;Austria;United Package;2022;13;0
23395;Germany;United Package;2012;15;0
23396;Brazil;Speedy Express;2013;12;1
23397;Germany;United Package;2012;20;0
23398;France;United Package;2016;6;0
23399;France;Speedy Express;2014;5;0
23400;Brazil;United Package;2018;13;1
23401;France;United Package;2014;9;1
23402;Italy;Speedy Express;2019;0;0
23403;Germany;United Package;2014;16;1
23404;Brazil;United Package;2012;2;1
23405;Belgium;United Package;2022;17;0
23406;France;Federal Shipping;2017;6;0
23407;Canada;Speedy Express;2017;9;0
23408;Mexico;Federal Shipping;2019;7;0
23409;France;United Package;2019;20;0
23410;Denmark;Speedy Express;2021;14;0
23411;Brazil;Federal Shipping;2021;3;0
23412;Germany;Speedy Express;2023;25;1
23413;Finland;United Package;2020;16;0
23414;UK;United Package;2018;1;0
23415;Germany;Speedy Express;2019;9;0
23416;USA;Federal Shipping;2017;13;0
23417;Denmark;Federal Shipping;2020;6;0
23418;Italy;Federal Shipping;2019;3;0
23419;Italy;Federal Shipping;2017;3;1
23420;Spain;Speedy Express;2012;11;1
23421;USA;United Package;2013;15;0
23422;Venezuela;Federal Shipping;2019;18;0
23423;Germany;United Package;2017;0;0
23424;Germany;Federal Shipping;2017;10;1
23425;USA;Speedy Express;2019;4;0
23426;USA;United Package;2022;15;0
23427;UK;Federal Shipping;2019;19;0
23428;Brazil;Speedy Express;2023;10;1
23429;Canada;Speedy Express;2020;23;0
23430;Italy;Federal Shipping;2016;12;0
23431;USA;Federal Shipping;2017;3;0
23432;Portugal;Speedy Express;2014;4;0
23433;Switzerland;Federal Shipping;2012;4;0
23434;USA;United Package;2018;9;0
23435;France;Federal Shipping;2022;2;0
23436;UK;United Package;2015;10;0
23437;Argentina;Federal Shipping;2016;0;0
23438;Italy;Federal Shipping;2015;22;0
23439;Brazil;United Package;2022;24;1
23440;Spain;Federal Shipping;2019;14;0
23441;Finland;Federal Shipping;2015;2;0
23442;Brazil;United Package;2015;12;0
23443;Mexico;United Package;2020;10;0
23444;Spain;Federal Shipping;2022;8;0
23445;USA;Speedy Express;2017;3;0
23446;Germany;Speedy Express;2014;7;0
23447;Belgium;Speedy Express;2016;5;0
23448;France;United Package;2015;21;1
23449;Brazil;United Package;2017;3;0
23450;Venezuela;Federal Shipping;2019;1;0
23451;France;United Package;2014;19;0
23452;USA;Speedy Express;2020;11;0
23453;Sweden;United Package;2021;9;0
23454;Germany;Speedy Express;2017;9;0
23455;Portugal;Federal Shipping;2013;1;0
23456;Brazil;United Package;2019;5;0
23457;USA;Speedy Express;2015;1;0
23458;Brazil;United Package;2023;8;0
23459;Germany;Speedy Express;2018;8;0
23460;France;United Package;2021;9;0
23461;USA;Speedy Express;2023;1;0
23462;Spain;Speedy Express;2020;3;0
23463;Germany;Speedy Express;2016;17;1
23464;Venezuela;United Package;2018;3;0
23465;USA;Speedy Express;2022;15;1
23466;Denmark;United Package;2016;3;0
23467;Austria;Speedy Express;2019;20;1
23468;USA;United Package;2023;7;0
23469;Brazil;Speedy Express;2016;3;0
23470;Ireland;Speedy Express;2019;5;0
23471;France;Speedy Express;2023;1;1
23472;Switzerland;Speedy Express;2018;12;1
23473;Brazil;Federal Shipping;2021;0;0
23474;UK;United Package;2023;2;0
23475;USA;Federal Shipping;2020;9;0
23476;UK;Speedy Express;2018;5;0
23477;USA;United Package;2020;14;1
23478;Ireland;Federal Shipping;2022;5;0
23479;Argentina;Federal Shipping;2016;3;0
23480;Spain;United Package;2020;21;1
23481;Brazil;Federal Shipping;2018;6;1
23482;Argentina;United Package;2020;7;0
23483;Brazil;Federal Shipping;2014;1;0
23484;USA;United Package;2019;14;1
23485;Denmark;United Package;2012;0;0
23486;France;Federal Shipping;2023;3;0
23487;France;Federal Shipping;2012;1;0
23488;Venezuela;Federal Shipping;2016;2;0
23489;Germany;United Package;2013;20;1
23490;Germany;United Package;2015;2;0
23491;Norway;United Package;2021;22;0
23492;Brazil;United Package;2015;23;0
23493;Sweden;Federal Shipping;2019;4;0
23494;UK;Federal Shipping;2017;11;0
23495;Belgium;Speedy Express;2015;2;0
23496;France;United Package;2019;3;0
23497;Argentina;Speedy Express;2016;11;0
23498;Germany;Federal Shipping;2016;1;0
23499;Austria;United Package;2018;26;1
23500;Brazil;Federal Shipping;2013;3;0
23501;UK;United Package;2016;22;1
23502;Brazil;Federal Shipping;2019;2;0
23503;Argentina;Speedy Express;2013;1;0
23504;USA;United Package;2019;1;0
23505;USA;Speedy Express;2019;5;0
23506;Portugal;Speedy Express;2021;1;0
23507;Brazil;Federal Shipping;2019;1;0
23508;USA;United Package;2016;12;0
23509;Belgium;United Package;2015;1;0
23510;Canada;Federal Shipping;2017;10;0
23511;USA;Speedy Express;2016;8;0
23512;Italy;Federal Shipping;2016;2;0
23513;USA;Federal Shipping;2014;2;0
23514;Austria;Speedy Express;2018;1;0
23515;USA;Federal Shipping;2022;10;0
23516;Finland;United Package;2016;11;1
23517;Argentina;United Package;2022;7;0
23518;Venezuela;United Package;2014;19;1
23519;UK;United Package;2016;10;0
23520;Germany;United Package;2014;2;0
23521;Germany;Federal Shipping;2023;2;0
23522;Mexico;Federal Shipping;2018;13;1
23523;Germany;Federal Shipping;2023;12;1
23524;USA;Federal Shipping;2016;26;1
23525;Belgium;Federal Shipping;2014;6;1
23526;France;United Package;2017;21;1
23527;Germany;Speedy Express;2020;1;0
23528;Canada;United Package;2019;4;0
23529;Austria;Speedy Express;2021;2;0
23530;Italy;United Package;2013;3;0
23531;UK;United Package;2014;14;0
23532;Germany;United Package;2015;15;0
23533;France;United Package;2019;14;0
23534;USA;United Package;2018;8;0
23535;Belgium;Speedy Express;2021;1;0
23536;USA;United Package;2023;10;0
23537;USA;Speedy Express;2016;21;1
23538;Canada;Speedy Express;2018;13;1
23539;Finland;Federal Shipping;2018;3;1
23540;Brazil;Speedy Express;2019;8;0
23541;Spain;Speedy Express;2022;15;0
23542;USA;Speedy Express;2012;24;1
23543;UK;United Package;2015;8;0
23544;Venezuela;United Package;2014;1;0
23545;Switzerland;Federal Shipping;2023;3;0
23546;Germany;Speedy Express;2022;0;0
23547;Portugal;United Package;2023;7;0
23548;Brazil;Speedy Express;2014;3;0
23549;Spain;Federal Shipping;2015;8;0
23550;Belgium;United Package;2013;1;0
23551;France;Federal Shipping;2014;4;0
23552;Brazil;Speedy Express;2016;0;0
23553;Italy;Speedy Express;2019;0;0
23554;Canada;Speedy Express;2020;11;1
23555;Spain;Federal Shipping;2019;10;0
23556;Switzerland;Federal Shipping;2015;0;0
23557;France;Speedy Express;2012;1;0
23558;France;United Package;2020;6;0
23559;Denmark;Federal Shipping;2018;3;1
23560;France;Speedy Express;2016;1;0
23561;Brazil;United Package;2015;7;0
23562;USA;Federal Shipping;2016;6;0
23563;Spain;Speedy Express;2017;10;0
23564;Venezuela;Federal Shipping;2014;1;0
23565;Mexico;United Package;2021;3;0
23566;Venezuela;United Package;2017;1;0
23567;Sweden;Federal Shipping;2014;12;0
23568;France;Federal Shipping;2020;0;0
23569;Italy;Speedy Express;2012;8;0
23570;Brazil;United Package;2020;2;0
23571;Finland;Speedy Express;2021;19;1
23572;Belgium;Speedy Express;2016;5;0
23573;Germany;Speedy Express;2013;3;0
23574;Germany;United Package;2018;6;0
23575;Spain;Speedy Express;2023;4;0
23576;UK;Speedy Express;2014;2;0
23577;USA;United Package;2018;6;1
23578;USA;United Package;2021;1;0
23579;Germany;Speedy Express;2022;3;0
23580;Brazil;United Package;2022;8;0
23581;Germany;Federal Shipping;2020;5;1
23582;USA;Speedy Express;2017;23;1
23583;Germany;United Package;2014;24;1
23584;Denmark;United Package;2013;20;1
23585;Norway;Federal Shipping;2019;3;0
23586;Mexico;United Package;2014;3;0
23587;Mexico;United Package;2014;18;1
23588;UK;Speedy Express;2020;2;0
23589;Finland;Federal Shipping;2023;13;0
23590;Belgium;Federal Shipping;2021;27;1
23591;Brazil;Federal Shipping;2019;20;0
23592;Germany;Speedy Express;2013;3;0
23593;Denmark;Speedy Express;2018;1;0
23594;UK;Speedy Express;2018;10;0
23595;Denmark;United Package;2015;7;0
23596;France;Speedy Express;2014;5;1
23597;Venezuela;Federal Shipping;2013;4;0
23598;Spain;United Package;2015;1;0
23599;Germany;Speedy Express;2023;17;0
23600;Venezuela;United Package;2020;3;0
23601;Finland;Federal Shipping;2019;2;0
23602;Brazil;United Package;2013;20;0
23603;Brazil;United Package;2016;3;1
23604;USA;Federal Shipping;2014;5;0
23605;Germany;Speedy Express;2022;27;1
23606;France;Speedy Express;2021;8;0
23607;Canada;Federal Shipping;2019;9;0
23608;Germany;Speedy Express;2020;11;0
23609;Germany;Speedy Express;2020;15;1
23610;USA;United Package;2015;1;0
23611;USA;Federal Shipping;2016;6;0
23612;Spain;United Package;2016;5;0
23613;Belgium;Federal Shipping;2018;1;0
23614;Canada;Federal Shipping;2013;22;0
23615;France;Speedy Express;2016;9;0
23616;Germany;United Package;2013;21;0
23617;Brazil;Federal Shipping;2021;1;0
23618;Germany;Speedy Express;2015;2;0
23619;Italy;United Package;2021;3;0
23620;France;Federal Shipping;2018;2;0
23621;Spain;United Package;2014;0;0
23622;USA;Federal Shipping;2017;14;1
23623;Canada;Federal Shipping;2019;6;0
23624;Germany;Speedy Express;2019;1;0
23625;Brazil;United Package;2019;23;0
23626;Germany;United Package;2021;1;0
23627;UK;United Package;2023;16;0
23628;Germany;United Package;2017;16;1
23629;France;United Package;2019;15;0
23630;Germany;United Package;2017;1;0
23631;Germany;United Package;2017;10;0
23632;Venezuela;United Package;2022;6;1
23633;Brazil;Federal Shipping;2015;0;0
23634;USA;United Package;2020;0;0
23635;Denmark;Federal Shipping;2019;20;1
23636;Poland;Federal Shipping;2019;5;0
23637;Germany;Speedy Express;2014;1;0
23638;Germany;United Package;2018;3;0
23639;Argentina;Speedy Express;2018;10;0
23640;Brazil;Speedy Express;2018;5;0
23641;Argentina;United Package;2017;2;0
23642;Germany;Speedy Express;2018;19;1
23643;Venezuela;Federal Shipping;2016;4;0
23644;UK;Federal Shipping;2020;10;1
23645;France;United Package;2012;6;0
23646;Norway;Speedy Express;2022;9;1
23647;Switzerland;Speedy Express;2021;6;0
23648;Venezuela;Speedy Express;2023;3;0
23649;Germany;Speedy Express;2017;1;0
23650;Argentina;Speedy Express;2023;2;0
23651;Brazil;Federal Shipping;2023;3;0
23652;Sweden;United Package;2020;9;0
23653;France;Speedy Express;2023;5;0
23654;USA;United Package;2021;6;0
23655;USA;Speedy Express;2020;27;1
23656;Spain;United Package;2017;4;1
23657;Argentina;United Package;2013;7;0
23658;France;United Package;2015;23;1
23659;Germany;Speedy Express;2012;1;0
23660;Switzerland;Federal Shipping;2015;0;0
23661;Norway;United Package;2017;0;0
23662;Portugal;United Package;2013;8;1
23663;Germany;Speedy Express;2022;20;1
23664;UK;Speedy Express;2021;7;0
23665;UK;United Package;2018;1;0
23666;Spain;United Package;2023;2;0
23667;UK;Federal Shipping;2019;2;0
23668;France;Federal Shipping;2023;2;0
23669;Canada;United Package;2015;21;0
23670;USA;Speedy Express;2013;4;0
23671;Germany;Speedy Express;2021;3;0
23672;Germany;Federal Shipping;2022;1;0
23673;USA;Federal Shipping;2019;0;0
23674;Venezuela;Federal Shipping;2015;4;0
23675;Germany;United Package;2013;2;0
23676;USA;Speedy Express;2023;5;0
23677;France;United Package;2022;15;0
23678;France;United Package;2023;16;0
23679;France;Federal Shipping;2013;3;0
23680;Portugal;Speedy Express;2017;22;1
23681;USA;Speedy Express;2015;1;0
23682;Argentina;United Package;2016;17;1
23683;France;Speedy Express;2018;0;0
23684;Austria;Federal Shipping;2022;1;0
23685;UK;Speedy Express;2018;14;1
23686;Mexico;United Package;2019;25;1
23687;Sweden;United Package;2019;2;0
23688;France;Federal Shipping;2022;11;0
23689;France;Speedy Express;2016;10;0
23690;France;United Package;2020;1;0
23691;USA;Federal Shipping;2015;0;0
23692;Venezuela;Speedy Express;2022;0;0
23693;UK;Federal Shipping;2014;4;0
23694;France;Federal Shipping;2017;1;0
23695;Brazil;Federal Shipping;2014;5;1
23696;Portugal;Speedy Express;2015;12;0
23697;Argentina;Speedy Express;2017;1;1
23698;France;Speedy Express;2023;6;0
23699;Norway;Speedy Express;2018;2;0
23700;Italy;Speedy Express;2022;24;0
23701;Germany;Federal Shipping;2016;7;1
23702;Venezuela;Speedy Express;2013;4;0
23703;USA;Federal Shipping;2020;12;0
23704;USA;United Package;2017;1;0
23705;UK;United Package;2015;1;0
23706;Germany;United Package;2017;25;1
23707;Italy;United Package;2019;6;0
23708;UK;United Package;2019;19;1
23709;Italy;United Package;2021;9;0
23710;UK;Speedy Express;2020;1;0
23711;Brazil;United Package;2021;4;0
23712;Canada;Federal Shipping;2019;6;0
23713;Germany;Speedy Express;2013;1;0
23714;USA;Speedy Express;2014;0;0
23715;Brazil;Federal Shipping;2014;10;0
23716;Germany;Federal Shipping;2019;0;0
23717;Mexico;Speedy Express;2013;6;1
23718;France;Speedy Express;2016;0;0
23719;Spain;Speedy Express;2014;15;1
23720;USA;Federal Shipping;2019;5;0
23721;Mexico;United Package;2023;24;0
23722;Spain;United Package;2015;15;0
23723;France;United Package;2017;1;0
23724;France;Federal Shipping;2018;1;0
23725;Venezuela;United Package;2013;21;1
23726;France;Federal Shipping;2019;9;1
23727;Italy;United Package;2013;1;0
23728;USA;Federal Shipping;2015;1;0
23729;Italy;United Package;2021;7;1
23730;Finland;Speedy Express;2022;3;0
23731;Mexico;United Package;2023;2;0
23732;UK;United Package;2021;10;1
23733;Sweden;Federal Shipping;2013;8;0
23734;Venezuela;Speedy Express;2019;8;0
23735;Germany;Speedy Express;2016;1;1
23736;Canada;Speedy Express;2020;16;0
23737;Mexico;Speedy Express;2016;6;0
23738;UK;United Package;2022;5;0
23739;UK;Federal Shipping;2022;1;0
23740;Germany;Speedy Express;2014;5;1
23741;Germany;Federal Shipping;2019;2;0
23742;Italy;United Package;2023;12;0
23743;USA;United Package;2016;7;0
23744;USA;Federal Shipping;2020;7;0
23745;Brazil;United Package;2014;20;0
23746;USA;Speedy Express;2015;23;1
23747;France;United Package;2018;0;0
23748;Venezuela;Speedy Express;2016;10;1
23749;UK;Speedy Express;2013;7;0
23750;Venezuela;Federal Shipping;2017;1;0
23751;Brazil;Speedy Express;2021;4;0
23752;Brazil;Speedy Express;2013;5;1
23753;Mexico;United Package;2013;0;0
23754;Switzerland;United Package;2016;24;1
23755;France;Federal Shipping;2014;7;0
23756;Austria;Speedy Express;2015;4;0
23757;Denmark;United Package;2021;5;0
23758;Brazil;Federal Shipping;2021;6;0
23759;Spain;Federal Shipping;2022;18;0
23760;Brazil;United Package;2018;21;1
23761;Mexico;Speedy Express;2015;1;0
23762;France;United Package;2017;24;1
23763;Italy;Federal Shipping;2017;3;1
23764;Germany;Federal Shipping;2019;25;1
23765;UK;Speedy Express;2014;0;0
23766;UK;Speedy Express;2022;17;1
23767;Brazil;United Package;2019;5;0
23768;Germany;Federal Shipping;2019;11;0
23769;Spain;Federal Shipping;2016;10;1
23770;Germany;Federal Shipping;2018;7;0
23771;Canada;United Package;2020;1;0
23772;UK;Speedy Express;2013;7;0
23773;Germany;Federal Shipping;2012;1;0
23774;Italy;Federal Shipping;2016;0;0
23775;Brazil;Speedy Express;2014;5;0
23776;Argentina;Federal Shipping;2017;2;0
23777;France;Federal Shipping;2018;9;0
23778;France;Speedy Express;2015;3;1
23779;USA;United Package;2022;8;0
23780;USA;United Package;2013;0;0
23781;Brazil;United Package;2017;9;0
23782;Mexico;Speedy Express;2012;4;0
23783;USA;Speedy Express;2013;5;0
23784;UK;Speedy Express;2015;3;0
23785;France;Speedy Express;2018;17;1
23786;Spain;Federal Shipping;2015;1;0
23787;USA;Speedy Express;2015;15;0
23788;Italy;Federal Shipping;2020;15;0
23789;Brazil;Speedy Express;2017;2;0
23790;Italy;United Package;2019;23;1
23791;Germany;Speedy Express;2018;10;1
23792;Germany;Speedy Express;2017;16;0
23793;Mexico;United Package;2015;2;0
23794;Germany;United Package;2015;13;0
23795;Venezuela;Federal Shipping;2020;10;0
23796;Germany;Federal Shipping;2015;10;0
23797;Norway;United Package;2014;5;0
23798;UK;United Package;2014;5;0
23799;Brazil;United Package;2021;9;0
23800;France;United Package;2015;3;0
23801;Spain;Federal Shipping;2014;3;0
23802;Argentina;United Package;2021;2;0
23803;Germany;United Package;2017;3;0
23804;France;Speedy Express;2022;1;0
23805;Brazil;United Package;2021;2;0
23806;Germany;Federal Shipping;2017;8;1
23807;Spain;Speedy Express;2015;4;1
23808;Switzerland;Federal Shipping;2019;9;1
23809;Spain;Speedy Express;2013;2;0
23810;Venezuela;United Package;2012;1;0
23811;USA;United Package;2020;7;0
23812;Argentina;United Package;2016;6;1
23813;France;Federal Shipping;2013;0;0
23814;Spain;Federal Shipping;2014;9;0
23815;Denmark;Speedy Express;2014;5;0
23816;USA;United Package;2012;5;1
23817;Spain;Speedy Express;2020;2;0
23818;USA;Speedy Express;2019;10;1
23819;Venezuela;Speedy Express;2018;10;0
23820;Spain;United Package;2017;5;0
23821;Italy;Speedy Express;2019;6;0
23822;USA;Federal Shipping;2016;11;1
23823;USA;United Package;2021;1;0
23824;Germany;United Package;2012;6;0
23825;Mexico;Speedy Express;2018;1;0
23826;Denmark;Federal Shipping;2021;12;0
23827;Germany;Speedy Express;2014;11;0
23828;Venezuela;Federal Shipping;2014;1;1
23829;Mexico;Federal Shipping;2015;4;0
23830;USA;Federal Shipping;2022;19;1
23831;Argentina;Speedy Express;2022;7;0
23832;Italy;Speedy Express;2019;5;1
23833;Germany;Speedy Express;2022;6;0
23834;Argentina;Federal Shipping;2017;1;0
23835;Spain;Speedy Express;2015;1;0
23836;Switzerland;United Package;2018;2;0
23837;Germany;Speedy Express;2017;3;1
23838;Finland;United Package;2016;2;0
23839;Brazil;Speedy Express;2017;3;0
23840;Venezuela;Federal Shipping;2013;0;0
23841;USA;Speedy Express;2022;1;0
23842;UK;United Package;2015;0;0
23843;France;Federal Shipping;2015;3;0
23844;USA;Speedy Express;2017;7;0
23845;Belgium;Speedy Express;2014;18;0
23846;Brazil;United Package;2019;6;0
23847;Italy;Federal Shipping;2016;24;1
23848;UK;Federal Shipping;2014;7;0
23849;Venezuela;United Package;2019;4;0
23850;Mexico;Federal Shipping;2021;9;0
23851;Brazil;United Package;2014;1;0
23852;Germany;United Package;2017;3;0
23853;France;Speedy Express;2022;13;0
23854;USA;Federal Shipping;2014;8;0
23855;Brazil;United Package;2020;6;1
23856;Portugal;United Package;2015;12;1
23857;Canada;United Package;2015;7;0
23858;Germany;Speedy Express;2015;7;0
23859;Venezuela;United Package;2019;10;0
23860;Germany;Federal Shipping;2014;0;0
23861;USA;Speedy Express;2013;0;0
23862;USA;Speedy Express;2020;17;1
23863;Mexico;Federal Shipping;2023;7;1
23864;Argentina;Speedy Express;2019;0;0
23865;Brazil;Federal Shipping;2014;6;0
23866;Germany;Speedy Express;2021;11;1
23867;Brazil;Federal Shipping;2015;1;0
23868;USA;Federal Shipping;2016;7;0
23869;Poland;United Package;2023;6;0
23870;France;Federal Shipping;2015;0;0
23871;France;Federal Shipping;2023;9;0
23872;Brazil;Federal Shipping;2020;5;0
23873;Belgium;United Package;2020;13;0
23874;Argentina;Federal Shipping;2019;8;1
23875;Germany;Speedy Express;2014;3;0
23876;UK;Speedy Express;2012;3;1
23877;Brazil;United Package;2016;19;0
23878;Germany;Federal Shipping;2013;25;1
23879;USA;Federal Shipping;2021;9;0
23880;UK;United Package;2012;14;0
23881;USA;United Package;2015;1;0
23882;Germany;Federal Shipping;2020;7;0
23883;Switzerland;Speedy Express;2017;18;1
23884;France;Speedy Express;2023;12;0
23885;Finland;United Package;2013;5;0
23886;Germany;Federal Shipping;2022;2;0
23887;Finland;Federal Shipping;2018;1;0
23888;Canada;Speedy Express;2013;4;1
23889;Germany;Federal Shipping;2016;3;0
23890;Belgium;Speedy Express;2016;15;1
23891;USA;Speedy Express;2020;3;1
23892;Germany;Speedy Express;2020;8;0
23893;Brazil;Speedy Express;2017;11;1
23894;Denmark;United Package;2020;0;0
23895;France;Federal Shipping;2018;13;0
23896;Italy;Speedy Express;2022;5;0
23897;USA;Speedy Express;2023;5;0
23898;Finland;United Package;2022;1;0
23899;Spain;Federal Shipping;2014;7;0
23900;Sweden;United Package;2017;6;1
23901;Canada;Federal Shipping;2023;18;1
23902;USA;Federal Shipping;2020;4;0
23903;USA;Speedy Express;2017;6;0
23904;Canada;Speedy Express;2020;2;0
23905;USA;United Package;2016;3;0
23906;France;United Package;2014;1;0
23907;Germany;United Package;2018;12;0
23908;France;United Package;2019;20;1
23909;France;United Package;2017;1;0
23910;Sweden;United Package;2013;19;1
23911;France;United Package;2017;5;1
23912;Austria;United Package;2017;3;0
23913;Brazil;Speedy Express;2020;0;0
23914;France;United Package;2014;1;0
23915;Germany;United Package;2016;13;0
23916;Venezuela;United Package;2021;12;0
23917;Switzerland;Federal Shipping;2019;0;0
23918;Mexico;United Package;2019;1;0
23919;Switzerland;Speedy Express;2017;21;1
23920;UK;Federal Shipping;2013;5;1
23921;Germany;United Package;2017;4;0
23922;Spain;Federal Shipping;2020;2;0
23923;Brazil;Speedy Express;2020;2;0
23924;USA;Federal Shipping;2018;0;0
23925;Ireland;Federal Shipping;2021;1;0
23926;Denmark;Federal Shipping;2023;11;0
23927;Switzerland;Speedy Express;2020;7;0
23928;Norway;Federal Shipping;2015;1;0
23929;Brazil;United Package;2020;2;0
23930;France;Speedy Express;2023;6;0
23931;USA;Federal Shipping;2023;1;0
23932;Mexico;Federal Shipping;2017;5;0
23933;Italy;United Package;2018;25;1
23934;France;Federal Shipping;2015;7;1
23935;Finland;United Package;2017;2;0
23936;Ireland;United Package;2016;10;0
23937;Brazil;United Package;2021;25;1
23938;Switzerland;United Package;2013;21;0
23939;Mexico;Federal Shipping;2018;8;0
23940;Canada;United Package;2020;4;1
23941;USA;Speedy Express;2013;5;1
23942;USA;United Package;2022;14;0
23943;Switzerland;Federal Shipping;2016;6;0
23944;Germany;United Package;2023;0;0
23945;UK;Speedy Express;2015;5;0
23946;USA;Federal Shipping;2018;5;0
23947;Mexico;Federal Shipping;2017;1;0
23948;Austria;Speedy Express;2016;3;0
23949;USA;United Package;2022;22;0
23950;UK;Speedy Express;2022;2;0
23951;Brazil;Federal Shipping;2019;10;1
23952;Brazil;Speedy Express;2019;8;0
23953;Spain;United Package;2019;7;1
23954;UK;Speedy Express;2013;7;0
23955;USA;Federal Shipping;2014;6;0
23956;UK;United Package;2023;9;1
23957;Belgium;Speedy Express;2020;11;0
23958;Germany;Federal Shipping;2013;1;0
23959;France;Federal Shipping;2020;2;0
23960;France;Speedy Express;2014;0;0
23961;Brazil;Federal Shipping;2020;5;0
23962;France;United Package;2019;0;0
23963;Spain;United Package;2017;16;1
23964;USA;United Package;2023;7;0
23965;Brazil;Federal Shipping;2013;1;0
23966;Brazil;Federal Shipping;2012;8;1
23967;Germany;Federal Shipping;2012;4;1
23968;France;Federal Shipping;2021;6;0
23969;USA;Speedy Express;2018;9;1
23970;Portugal;United Package;2015;2;0
23971;France;United Package;2019;1;0
23972;Brazil;Federal Shipping;2012;0;0
23973;Canada;Federal Shipping;2016;4;0
23974;Finland;United Package;2018;1;0
23975;Italy;Federal Shipping;2018;3;0
23976;Germany;Speedy Express;2013;2;0
23977;Mexico;Speedy Express;2022;14;0
23978;Switzerland;Speedy Express;2014;1;0
23979;France;United Package;2015;0;0
23980;Denmark;Speedy Express;2022;13;1
23981;USA;Speedy Express;2021;6;0
23982;France;United Package;2014;1;0
23983;Germany;Speedy Express;2021;9;0
23984;Germany;Federal Shipping;2023;1;0
23985;Switzerland;Federal Shipping;2021;4;0
23986;Belgium;United Package;2021;13;1
23987;Brazil;Speedy Express;2021;16;1
23988;Switzerland;United Package;2019;7;0
23989;Portugal;Speedy Express;2017;5;0
23990;Brazil;Federal Shipping;2014;18;0
23991;Belgium;Speedy Express;2012;10;0
23992;UK;Federal Shipping;2019;17;0
23993;Switzerland;Speedy Express;2013;11;0
23994;Belgium;Federal Shipping;2023;1;0
23995;France;United Package;2021;1;0
23996;Germany;Speedy Express;2013;13;1
23997;USA;Speedy Express;2021;3;0
23998;Brazil;Speedy Express;2018;14;0
23999;Brazil;United Package;2013;0;0
24000;Mexico;Federal Shipping;2016;6;1
24001;Portugal;Federal Shipping;2013;1;0
24002;France;Federal Shipping;2017;1;0
24003;Germany;Federal Shipping;2013;2;0
24004;Venezuela;United Package;2018;16;0
24005;UK;United Package;2015;10;1
24006;Italy;Speedy Express;2016;2;0
24007;France;Federal Shipping;2016;27;1
24008;Venezuela;Federal Shipping;2013;1;0
24009;Brazil;Speedy Express;2019;22;1
24010;UK;Federal Shipping;2022;2;0
24011;Germany;Speedy Express;2019;0;0
24012;Italy;United Package;2022;6;1
24013;Norway;Federal Shipping;2014;3;0
24014;Belgium;Speedy Express;2012;10;0
24015;USA;Federal Shipping;2016;7;0
24016;France;United Package;2021;2;0
24017;Spain;Speedy Express;2022;3;0
24018;Ireland;United Package;2015;5;0
24019;USA;Speedy Express;2020;9;0
24020;USA;Federal Shipping;2015;10;1
24021;USA;United Package;2014;11;0
24022;France;United Package;2021;9;1
24023;Sweden;Speedy Express;2016;5;0
24024;USA;Federal Shipping;2023;10;0
24025;Poland;Federal Shipping;2019;14;1
24026;Spain;Speedy Express;2022;9;0
24027;Poland;Speedy Express;2022;23;0
24028;USA;Federal Shipping;2016;7;0
24029;Italy;Federal Shipping;2017;0;0
24030;UK;Speedy Express;2023;24;0
24031;France;Speedy Express;2013;0;0
24032;Germany;Federal Shipping;2020;2;0
24033;Germany;Speedy Express;2023;0;0
24034;USA;Federal Shipping;2023;4;0
24035;Spain;Speedy Express;2023;0;0
24036;Mexico;Federal Shipping;2019;5;0
24037;USA;Speedy Express;2021;5;0
24038;Portugal;Speedy Express;2023;2;0
24039;Brazil;Federal Shipping;2023;15;1
24040;Germany;Speedy Express;2022;8;0
24041;Venezuela;United Package;2019;21;1
24042;USA;Speedy Express;2016;0;0
24043;Italy;United Package;2020;4;0
24044;Spain;Speedy Express;2012;5;0
24045;France;Federal Shipping;2022;3;0
24046;Italy;Federal Shipping;2020;1;0
24047;Mexico;Federal Shipping;2021;2;0
24048;France;Speedy Express;2013;3;0
24049;Mexico;Federal Shipping;2015;2;0
24050;USA;Federal Shipping;2012;6;0
24051;UK;Federal Shipping;2018;3;0
24052;Brazil;United Package;2016;0;0
24053;Mexico;Federal Shipping;2018;0;0
24054;Norway;Speedy Express;2023;26;0
24055;Venezuela;Speedy Express;2016;18;1
24056;Mexico;United Package;2013;20;1
24057;Italy;Speedy Express;2015;2;0
24058;Argentina;Speedy Express;2022;0;1
24059;Germany;Federal Shipping;2015;2;0
24060;Austria;Speedy Express;2019;11;1
24061;Italy;United Package;2017;4;1
24062;UK;United Package;2015;0;0
24063;Brazil;United Package;2022;1;0
24064;Belgium;Federal Shipping;2017;3;0
24065;Germany;Federal Shipping;2022;1;0
24066;Austria;Federal Shipping;2013;1;0
24067;Germany;Federal Shipping;2019;3;0
24068;France;United Package;2017;4;0
24069;Mexico;Federal Shipping;2014;4;0
24070;USA;Speedy Express;2018;13;1
24071;France;Speedy Express;2017;2;0
24072;France;United Package;2016;3;0
24073;USA;Federal Shipping;2014;16;0
24074;Austria;United Package;2016;19;1
24075;Norway;United Package;2015;1;0
24076;France;United Package;2021;10;0
24077;Germany;United Package;2017;10;1
24078;Canada;Federal Shipping;2023;18;1
24079;Germany;United Package;2023;0;0
24080;Mexico;Federal Shipping;2019;3;0
24081;USA;Speedy Express;2018;14;1
24082;Brazil;Federal Shipping;2013;8;0
24083;Brazil;Federal Shipping;2015;9;0
24084;Germany;Federal Shipping;2016;0;0
24085;Sweden;Speedy Express;2020;18;1
24086;France;United Package;2015;3;0
24087;France;United Package;2014;3;0
24088;Germany;Speedy Express;2017;22;1
24089;Spain;United Package;2013;13;0
24090;Argentina;United Package;2020;0;0
24091;Spain;Speedy Express;2022;12;1
24092;USA;United Package;2017;7;0
24093;Germany;Federal Shipping;2014;1;0
24094;Belgium;Federal Shipping;2020;0;0
24095;Poland;Speedy Express;2013;13;0
24096;Spain;Federal Shipping;2014;4;0
24097;Argentina;Speedy Express;2021;2;0
24098;Germany;Federal Shipping;2023;7;0
24099;UK;Federal Shipping;2020;13;0
24100;Poland;Federal Shipping;2017;17;1
24101;Canada;Federal Shipping;2014;3;0
24102;USA;Federal Shipping;2013;12;0
24103;Poland;Federal Shipping;2013;3;0
24104;Canada;United Package;2013;1;0
24105;Mexico;United Package;2014;24;0
24106;Germany;Federal Shipping;2017;15;1
24107;USA;Federal Shipping;2019;0;0
24108;USA;Speedy Express;2023;19;0
24109;UK;Federal Shipping;2022;1;1
24110;Denmark;United Package;2017;3;0
24111;Mexico;Speedy Express;2013;20;0
24112;Mexico;Federal Shipping;2016;9;0
24113;UK;United Package;2019;16;1
24114;Germany;United Package;2021;12;0
24115;Germany;United Package;2021;1;0
24116;Spain;Federal Shipping;2018;14;0
24117;Argentina;Speedy Express;2020;9;1
24118;France;Speedy Express;2017;21;1
24119;Germany;Speedy Express;2023;0;0
24120;Germany;United Package;2017;1;0
24121;Argentina;United Package;2015;1;0
24122;Argentina;United Package;2021;26;1
24123;Italy;Speedy Express;2013;4;1
24124;UK;Speedy Express;2014;13;0
24125;France;Federal Shipping;2020;1;0
24126;Austria;Speedy Express;2022;19;1
24127;USA;Federal Shipping;2021;13;0
24128;Mexico;United Package;2020;2;0
24129;France;United Package;2015;5;0
24130;Argentina;Speedy Express;2019;16;1
24131;Finland;Federal Shipping;2020;3;0
24132;Brazil;United Package;2012;9;1
24133;Venezuela;Federal Shipping;2019;1;0
24134;Brazil;United Package;2022;7;0
24135;Canada;United Package;2015;9;1
24136;UK;Speedy Express;2021;19;0
24137;Germany;United Package;2015;2;0
24138;Germany;United Package;2022;8;0
24139;Spain;Federal Shipping;2017;9;0
24140;USA;United Package;2021;3;0
24141;Italy;Speedy Express;2018;6;1
24142;USA;Federal Shipping;2016;1;0
24143;USA;Speedy Express;2013;10;1
24144;Italy;United Package;2023;26;1
24145;Italy;United Package;2022;12;1
24146;Spain;Federal Shipping;2017;1;0
24147;France;Speedy Express;2023;6;0
24148;USA;Speedy Express;2012;5;0
24149;Brazil;United Package;2021;12;1
24150;Argentina;United Package;2021;1;0
24151;Canada;United Package;2017;1;1
24152;Finland;Speedy Express;2019;4;0
24153;Germany;Speedy Express;2020;18;1
24154;USA;United Package;2020;3;1
24155;Brazil;United Package;2020;6;1
24156;France;United Package;2013;4;0
24157;USA;Speedy Express;2016;12;1
24158;Argentina;Speedy Express;2015;4;0
24159;France;Federal Shipping;2015;1;0
24160;France;United Package;2023;1;0
24161;USA;United Package;2014;18;1
24162;Sweden;Speedy Express;2014;0;0
24163;Sweden;United Package;2023;0;0
24164;France;Federal Shipping;2020;1;0
24165;Portugal;Speedy Express;2016;2;0
24166;Portugal;Speedy Express;2016;1;0
24167;UK;Speedy Express;2019;8;1
24168;Canada;Speedy Express;2021;23;1
24169;France;United Package;2016;7;1
24170;Brazil;Federal Shipping;2017;7;1
24171;USA;United Package;2022;3;0
24172;Denmark;Federal Shipping;2014;11;0
24173;Canada;United Package;2019;7;0
24174;Mexico;Speedy Express;2022;6;1
24175;Germany;Speedy Express;2022;7;0
24176;Poland;Federal Shipping;2018;1;0
24177;Mexico;United Package;2013;19;0
24178;Spain;Federal Shipping;2017;1;0
24179;USA;Speedy Express;2018;2;1
24180;Switzerland;United Package;2021;6;0
24181;Switzerland;Speedy Express;2014;10;1
24182;USA;Speedy Express;2021;11;1
24183;Mexico;United Package;2021;1;0
24184;Brazil;United Package;2014;3;0
24185;France;United Package;2023;14;0
24186;France;Speedy Express;2016;10;0
24187;Sweden;United Package;2014;5;1
24188;Brazil;United Package;2022;9;0
24189;UK;Federal Shipping;2015;1;0
24190;Sweden;United Package;2013;2;0
24191;Canada;Speedy Express;2019;9;0
24192;USA;United Package;2020;6;1
24193;Mexico;Federal Shipping;2014;1;0
24194;USA;United Package;2023;13;0
24195;UK;Federal Shipping;2012;25;1
24196;France;Federal Shipping;2015;7;0
24197;USA;Federal Shipping;2013;21;1
24198;France;Federal Shipping;2023;4;0
24199;Brazil;United Package;2021;1;0
24200;UK;Federal Shipping;2013;2;0
24201;Germany;Speedy Express;2022;2;1
24202;Brazil;Federal Shipping;2014;6;0
24203;France;Speedy Express;2015;6;0
24204;Mexico;United Package;2013;0;0
24205;Belgium;Speedy Express;2017;4;1
24206;Brazil;Federal Shipping;2016;16;0
24207;France;United Package;2013;8;0
24208;USA;United Package;2015;4;0
24209;USA;United Package;2019;18;0
24210;Norway;Federal Shipping;2022;5;1
24211;Germany;Federal Shipping;2015;10;0
24212;Poland;Speedy Express;2012;17;0
24213;Finland;Speedy Express;2022;6;0
24214;Venezuela;Speedy Express;2020;4;0
24215;Brazil;United Package;2020;2;0
24216;Germany;United Package;2023;4;0
24217;USA;Speedy Express;2023;9;0
24218;Venezuela;Speedy Express;2014;1;0
24219;Italy;Federal Shipping;2021;4;0
24220;Brazil;Federal Shipping;2014;8;1
24221;UK;Speedy Express;2018;9;1
24222;Mexico;Federal Shipping;2022;9;0
24223;UK;Speedy Express;2021;0;0
24224;USA;Federal Shipping;2013;13;1
24225;Canada;United Package;2014;14;0
24226;Sweden;Federal Shipping;2023;18;1
24227;USA;United Package;2022;1;0
24228;Spain;Federal Shipping;2013;19;1
24229;Mexico;United Package;2017;3;0
24230;USA;United Package;2015;1;0
24231;UK;United Package;2017;9;1
24232;USA;Federal Shipping;2019;24;1
24233;USA;United Package;2013;9;0
24234;Mexico;Federal Shipping;2021;10;0
24235;Argentina;Federal Shipping;2017;6;0
24236;Switzerland;United Package;2022;9;0
24237;Finland;United Package;2017;0;0
24238;UK;United Package;2016;7;0
24239;Italy;United Package;2019;2;0
24240;France;Speedy Express;2021;14;1
24241;UK;Federal Shipping;2017;4;0
24242;Brazil;United Package;2021;12;0
24243;France;United Package;2021;0;0
24244;Venezuela;United Package;2021;19;1
24245;UK;Speedy Express;2023;1;0
24246;Mexico;Federal Shipping;2023;6;1
24247;Austria;United Package;2015;3;0
24248;Germany;United Package;2012;13;0
24249;USA;United Package;2017;7;1
24250;USA;United Package;2015;1;0
24251;UK;Speedy Express;2015;19;0
24252;Argentina;Speedy Express;2014;1;0
24253;USA;United Package;2023;6;1
24254;USA;Speedy Express;2014;22;1
24255;Switzerland;United Package;2020;1;0
24256;Argentina;Speedy Express;2013;3;0
24257;Venezuela;Speedy Express;2020;4;0
24258;Argentina;Federal Shipping;2013;2;0
24259;France;Federal Shipping;2014;0;0
24260;Spain;United Package;2019;2;0
24261;Germany;Speedy Express;2013;20;1
24262;Brazil;Speedy Express;2013;10;0
24263;Germany;United Package;2023;17;1
24264;Brazil;Federal Shipping;2016;0;0
24265;Argentina;United Package;2020;12;0
24266;Canada;United Package;2023;0;0
24267;Denmark;Federal Shipping;2014;2;0
24268;Germany;Federal Shipping;2017;24;1
24269;Brazil;Federal Shipping;2019;6;0
24270;UK;Federal Shipping;2016;15;0
24271;Canada;United Package;2015;2;0
24272;France;Federal Shipping;2019;2;0
24273;Portugal;United Package;2015;13;0
24274;USA;United Package;2023;3;0
24275;Poland;Federal Shipping;2015;6;1
24276;Mexico;Speedy Express;2012;10;0
24277;Belgium;Speedy Express;2017;11;1
24278;Spain;Speedy Express;2015;3;0
24279;Norway;United Package;2019;4;0
24280;UK;Speedy Express;2013;5;0
24281;Norway;United Package;2018;8;1
24282;UK;United Package;2016;6;0
24283;Canada;United Package;2016;16;1
24284;Germany;Federal Shipping;2019;4;0
24285;UK;United Package;2014;8;1
24286;Spain;Federal Shipping;2020;4;0
24287;Switzerland;United Package;2021;17;0
24288;Germany;Federal Shipping;2017;12;1
24289;USA;United Package;2014;1;0
24290;USA;Federal Shipping;2020;9;1
24291;Portugal;Speedy Express;2023;3;0
24292;France;Speedy Express;2014;9;0
24293;Brazil;Speedy Express;2017;0;0
24294;Germany;Speedy Express;2014;14;0
24295;Portugal;United Package;2022;9;1
24296;France;Speedy Express;2019;10;0
24297;Mexico;United Package;2014;5;0
24298;Brazil;United Package;2020;8;0
24299;Venezuela;Speedy Express;2016;1;1
24300;Italy;Federal Shipping;2018;21;1
24301;USA;Federal Shipping;2018;7;0
24302;Denmark;Federal Shipping;2016;1;0
24303;Germany;Federal Shipping;2014;19;0
24304;Germany;United Package;2013;1;0
24305;Switzerland;Federal Shipping;2014;21;1
24306;Belgium;Federal Shipping;2019;2;0
24307;Germany;Federal Shipping;2023;2;0
24308;Brazil;United Package;2014;1;0
24309;Venezuela;United Package;2019;5;1
24310;Mexico;Speedy Express;2013;4;0
24311;Brazil;Federal Shipping;2019;15;0
24312;Italy;Speedy Express;2021;2;0
24313;Germany;Speedy Express;2017;1;0
24314;France;Speedy Express;2022;15;0
24315;USA;Speedy Express;2016;15;1
24316;Brazil;Federal Shipping;2021;14;0
24317;Brazil;Speedy Express;2016;1;0
24318;Brazil;Federal Shipping;2017;2;0
24319;UK;Federal Shipping;2016;17;0
24320;USA;Federal Shipping;2015;24;1
24321;Brazil;Federal Shipping;2013;7;0
24322;France;Federal Shipping;2018;11;0
24323;Portugal;Speedy Express;2012;6;0
24324;Switzerland;Federal Shipping;2017;1;0
24325;Spain;United Package;2016;9;1
24326;Germany;Federal Shipping;2017;3;0
24327;Venezuela;Federal Shipping;2015;0;0
24328;Italy;Speedy Express;2013;1;0
24329;Switzerland;Speedy Express;2015;1;0
24330;France;Federal Shipping;2015;12;0
24331;Germany;Speedy Express;2022;9;0
24332;France;United Package;2013;1;0
24333;Spain;United Package;2022;5;0
24334;Spain;Speedy Express;2023;17;1
24335;Denmark;United Package;2014;6;0
24336;Brazil;Federal Shipping;2019;16;0
24337;Brazil;United Package;2016;3;0
24338;Spain;Speedy Express;2019;5;0
24339;USA;Federal Shipping;2019;1;0
24340;Ireland;Federal Shipping;2020;16;1
24341;Canada;Federal Shipping;2022;7;1
24342;Spain;United Package;2019;4;0
24343;UK;United Package;2013;1;0
24344;Argentina;Federal Shipping;2018;7;0
24345;France;United Package;2018;7;0
24346;Argentina;United Package;2019;2;0
24347;Italy;Speedy Express;2023;1;0
24348;Germany;United Package;2022;18;0
24349;France;Federal Shipping;2013;1;0
24350;Germany;United Package;2019;5;0
24351;Brazil;United Package;2023;2;0
24352;Spain;United Package;2020;5;0
24353;USA;United Package;2021;1;0
24354;France;Speedy Express;2016;2;0
24355;USA;Speedy Express;2015;13;0
24356;USA;Speedy Express;2016;3;0
24357;Germany;Speedy Express;2016;19;0
24358;France;United Package;2020;18;1
24359;Finland;Federal Shipping;2015;1;0
24360;Mexico;Speedy Express;2017;11;1
24361;USA;Speedy Express;2022;12;0
24362;Germany;Federal Shipping;2023;4;0
24363;Brazil;Speedy Express;2014;7;0
24364;Switzerland;United Package;2013;8;0
24365;USA;Speedy Express;2019;1;0
24366;UK;United Package;2021;5;0
24367;Mexico;Speedy Express;2022;2;0
24368;USA;United Package;2017;19;0
24369;Germany;Federal Shipping;2013;19;0
24370;USA;Speedy Express;2017;2;0
24371;USA;Federal Shipping;2018;7;0
24372;Germany;Federal Shipping;2017;14;1
24373;Germany;United Package;2020;10;1
24374;Switzerland;Federal Shipping;2020;25;1
24375;Italy;Speedy Express;2018;7;1
24376;USA;Federal Shipping;2019;20;1
24377;France;United Package;2020;19;1
24378;Venezuela;United Package;2017;22;1
24379;UK;United Package;2017;29;1
24380;UK;Federal Shipping;2018;2;0
24381;Brazil;Federal Shipping;2021;22;1
24382;Canada;Federal Shipping;2021;5;0
24383;UK;Speedy Express;2016;5;0
24384;Mexico;Federal Shipping;2021;5;0
24385;Belgium;Speedy Express;2014;3;0
24386;Mexico;United Package;2019;5;0
24387;Venezuela;United Package;2023;12;0
24388;Brazil;Federal Shipping;2015;1;0
24389;UK;United Package;2017;1;0
24390;Mexico;United Package;2014;22;1
24391;Italy;Speedy Express;2019;3;0
24392;France;Federal Shipping;2012;3;1
24393;Switzerland;Federal Shipping;2017;12;0
24394;Italy;Speedy Express;2018;12;0
24395;Denmark;United Package;2016;10;0
24396;UK;United Package;2014;0;0
24397;Germany;Speedy Express;2014;1;0
24398;Switzerland;Speedy Express;2015;12;0
24399;Austria;Federal Shipping;2019;13;0
24400;Brazil;Federal Shipping;2021;0;0
24401;France;United Package;2021;1;0
24402;USA;Speedy Express;2017;13;0
24403;Italy;Federal Shipping;2017;4;0
24404;Portugal;United Package;2016;9;0
24405;Sweden;United Package;2019;1;0
24406;Argentina;Speedy Express;2016;18;0
24407;Switzerland;United Package;2019;7;0
24408;USA;Federal Shipping;2021;1;0
24409;Venezuela;United Package;2023;16;1
24410;France;United Package;2016;4;0
24411;Germany;Federal Shipping;2013;6;0
24412;Germany;Federal Shipping;2023;18;1
24413;Switzerland;Federal Shipping;2018;23;1
24414;Germany;United Package;2014;8;0
24415;Mexico;Federal Shipping;2022;17;1
24416;USA;United Package;2015;11;1
24417;USA;Federal Shipping;2016;18;1
24418;Brazil;United Package;2013;16;1
24419;Italy;United Package;2021;2;0
24420;Mexico;Speedy Express;2021;8;1
24421;Venezuela;Federal Shipping;2014;15;0
24422;France;Speedy Express;2019;6;0
24423;Argentina;Federal Shipping;2021;0;0
24424;Brazil;Speedy Express;2021;0;0
24425;Argentina;Speedy Express;2019;2;0
24426;Germany;United Package;2013;10;0
24427;Spain;United Package;2018;13;0
24428;Italy;Federal Shipping;2016;5;1
24429;Sweden;Federal Shipping;2012;3;0
24430;Canada;United Package;2022;11;0
24431;France;Speedy Express;2020;11;0
24432;USA;Speedy Express;2018;4;0
24433;USA;Speedy Express;2012;5;0
24434;USA;Speedy Express;2023;22;1
24435;USA;Federal Shipping;2023;19;1
24436;Ireland;Federal Shipping;2015;29;1
24437;Sweden;Federal Shipping;2022;14;0
24438;Germany;United Package;2019;20;0
24439;Brazil;United Package;2017;2;0
24440;Norway;Speedy Express;2017;21;1
24441;Germany;Speedy Express;2018;5;0
24442;Ireland;Federal Shipping;2022;6;0
24443;Germany;Federal Shipping;2018;3;0
24444;UK;Speedy Express;2020;2;0
24445;USA;Federal Shipping;2016;1;0
24446;Brazil;Federal Shipping;2021;4;0
24447;Sweden;Federal Shipping;2022;6;1
24448;USA;Speedy Express;2014;12;0
24449;UK;United Package;2018;6;1
24450;Mexico;United Package;2014;5;1
24451;Spain;Federal Shipping;2016;3;1
24452;Germany;United Package;2019;7;0
24453;Argentina;Speedy Express;2023;12;0
24454;Brazil;Federal Shipping;2019;0;0
24455;Germany;Speedy Express;2022;7;0
24456;Argentina;United Package;2017;6;1
24457;Brazil;United Package;2013;2;0
24458;France;United Package;2021;4;0
24459;Germany;Federal Shipping;2013;1;1
24460;Belgium;Federal Shipping;2013;7;1
24461;Brazil;United Package;2017;1;0
24462;Mexico;United Package;2017;4;0
24463;Brazil;Speedy Express;2020;11;0
24464;Mexico;Speedy Express;2015;24;0
24465;Germany;United Package;2013;2;0
24466;Canada;United Package;2023;4;0
24467;Portugal;Speedy Express;2012;10;0
24468;Italy;Speedy Express;2023;3;0
24469;USA;Federal Shipping;2017;1;0
24470;Germany;United Package;2020;2;0
24471;Belgium;Speedy Express;2012;5;0
24472;UK;Federal Shipping;2016;4;0
24473;Austria;Speedy Express;2017;13;0
24474;Denmark;United Package;2014;11;1
24475;Germany;United Package;2021;12;1
24476;Poland;Speedy Express;2021;2;0
24477;Canada;Speedy Express;2016;0;0
24478;Argentina;Speedy Express;2022;17;0
24479;Brazil;Federal Shipping;2023;12;0
24480;Venezuela;Speedy Express;2014;7;1
24481;Sweden;Federal Shipping;2016;4;0
24482;Germany;Federal Shipping;2013;3;0
24483;France;Federal Shipping;2021;21;0
24484;Spain;United Package;2019;5;0
24485;Mexico;Speedy Express;2019;6;0
24486;Argentina;United Package;2022;7;0
24487;UK;Federal Shipping;2017;2;0
24488;Argentina;United Package;2019;4;0
24489;UK;Federal Shipping;2016;1;0
24490;UK;Speedy Express;2022;15;0
24491;Canada;Federal Shipping;2017;5;0
24492;Brazil;Speedy Express;2020;27;1
24493;Sweden;United Package;2021;8;0
24494;Spain;United Package;2021;1;0
24495;Mexico;Speedy Express;2013;3;0
24496;UK;United Package;2023;5;0
24497;Sweden;United Package;2014;4;0
24498;Finland;United Package;2018;4;0
24499;Brazil;Speedy Express;2023;26;0
24500;USA;Federal Shipping;2021;0;0
24501;USA;United Package;2015;13;0
24502;Austria;United Package;2013;6;0
24503;USA;United Package;2021;2;0
24504;Spain;Speedy Express;2013;5;0
24505;Germany;Speedy Express;2015;8;0
24506;France;United Package;2014;6;1
24507;Finland;Speedy Express;2022;1;0
24508;France;Speedy Express;2023;16;0
24509;Brazil;Federal Shipping;2014;22;1
24510;Venezuela;Federal Shipping;2021;12;0
24511;France;United Package;2021;7;0
24512;Mexico;Speedy Express;2014;6;0
24513;France;Speedy Express;2018;4;1
24514;UK;United Package;2023;0;0
24515;Switzerland;United Package;2021;2;0
24516;Italy;Federal Shipping;2014;8;0
24517;Argentina;United Package;2018;25;1
24518;Germany;United Package;2014;25;1
24519;Italy;Speedy Express;2017;5;0
24520;Denmark;Speedy Express;2015;18;1
24521;Brazil;United Package;2023;14;1
24522;USA;Speedy Express;2021;4;1
24523;Mexico;Federal Shipping;2020;1;0
24524;France;Federal Shipping;2017;13;0
24525;Germany;Speedy Express;2013;3;0
24526;Ireland;Federal Shipping;2018;21;1
24527;Brazil;United Package;2013;5;1
24528;UK;Federal Shipping;2013;7;0
24529;Denmark;United Package;2013;2;0
24530;UK;Speedy Express;2021;16;1
24531;UK;Speedy Express;2017;10;0
24532;Germany;Speedy Express;2013;3;0
24533;Mexico;Federal Shipping;2015;10;0
24534;Brazil;Speedy Express;2013;7;0
24535;Switzerland;Federal Shipping;2017;3;1
24536;Sweden;United Package;2015;9;0
24537;Canada;Federal Shipping;2016;4;0
24538;Belgium;Federal Shipping;2013;6;0
24539;USA;United Package;2015;8;0
24540;USA;Speedy Express;2017;7;0
24541;France;United Package;2015;10;1
24542;Venezuela;Federal Shipping;2016;2;0
24543;UK;Speedy Express;2017;2;0
24544;UK;United Package;2013;11;0
24545;Austria;Federal Shipping;2017;1;0
24546;Poland;Federal Shipping;2023;7;0
24547;Portugal;Federal Shipping;2018;3;0
24548;Italy;Federal Shipping;2014;1;0
24549;France;Federal Shipping;2023;1;0
24550;France;United Package;2013;8;0
24551;Argentina;United Package;2014;21;1
24552;France;United Package;2013;13;1
24553;UK;United Package;2019;8;1
24554;Finland;Speedy Express;2013;12;0
24555;Mexico;Speedy Express;2015;8;0
24556;UK;Federal Shipping;2018;8;0
24557;USA;Federal Shipping;2019;4;0
24558;Italy;Federal Shipping;2022;2;0
24559;USA;United Package;2015;4;0
24560;UK;United Package;2020;19;1
24561;UK;Federal Shipping;2014;2;0
24562;Canada;Speedy Express;2014;0;0
24563;Germany;Federal Shipping;2016;13;0
24564;Switzerland;Federal Shipping;2020;3;0
24565;Ireland;Federal Shipping;2016;14;1
24566;Ireland;United Package;2012;4;0
24567;Denmark;Federal Shipping;2015;13;1
24568;Germany;Federal Shipping;2022;6;1
24569;Germany;Federal Shipping;2015;7;1
24570;France;Federal Shipping;2013;0;0
24571;Brazil;Federal Shipping;2015;1;0
24572;USA;United Package;2012;2;0
24573;UK;Federal Shipping;2021;24;1
24574;USA;Speedy Express;2021;2;0
24575;UK;Speedy Express;2014;7;0
24576;Italy;Speedy Express;2013;15;1
24577;Venezuela;Federal Shipping;2019;0;0
24578;UK;Federal Shipping;2015;7;0
24579;Italy;United Package;2017;15;1
24580;Portugal;United Package;2020;4;0
24581;Brazil;United Package;2016;1;0
24582;France;United Package;2017;2;0
24583;Germany;Federal Shipping;2019;2;0
24584;UK;United Package;2019;12;0
24585;UK;Speedy Express;2017;19;0
24586;Italy;United Package;2022;3;1
24587;USA;Speedy Express;2023;4;1
24588;UK;Speedy Express;2016;8;0
24589;Belgium;Speedy Express;2021;3;0
24590;Mexico;United Package;2021;4;0
24591;Spain;Speedy Express;2013;1;0
24592;Sweden;Speedy Express;2013;4;0
24593;Portugal;Federal Shipping;2014;0;0
24594;USA;Speedy Express;2019;3;0
24595;Brazil;Federal Shipping;2022;15;0
24596;Ireland;United Package;2017;12;0
24597;Spain;Speedy Express;2023;7;0
24598;Brazil;United Package;2013;3;0
24599;UK;Federal Shipping;2017;0;0
24600;Austria;Speedy Express;2023;16;1
24601;Finland;Federal Shipping;2021;3;1
24602;UK;Federal Shipping;2016;23;0
24603;Brazil;Federal Shipping;2014;13;1
24604;Canada;Speedy Express;2015;3;0
24605;Canada;Speedy Express;2016;2;0
24606;Brazil;Federal Shipping;2019;1;0
24607;UK;Speedy Express;2016;10;0
24608;Canada;Federal Shipping;2017;3;0
24609;Mexico;Federal Shipping;2012;9;0
24610;Germany;United Package;2022;1;0
24611;Venezuela;Speedy Express;2016;13;0
24612;Argentina;Federal Shipping;2021;1;0
24613;Brazil;Speedy Express;2021;6;0
24614;UK;Federal Shipping;2013;17;0
24615;Germany;Federal Shipping;2013;4;0
24616;Spain;Federal Shipping;2014;1;0
24617;Germany;Speedy Express;2018;7;1
24618;Brazil;Federal Shipping;2020;2;0
24619;France;Federal Shipping;2021;2;0
24620;USA;Speedy Express;2016;14;0
24621;France;United Package;2018;3;0
24622;Switzerland;Federal Shipping;2018;3;0
24623;UK;Speedy Express;2017;1;0
24624;USA;Federal Shipping;2022;8;0
24625;Venezuela;Federal Shipping;2017;0;0
24626;Poland;Speedy Express;2019;16;1
24627;Norway;Speedy Express;2012;12;0
24628;Argentina;United Package;2021;21;1
24629;Venezuela;Federal Shipping;2021;21;0
24630;Venezuela;Speedy Express;2017;5;0
24631;Austria;Federal Shipping;2019;10;0
24632;Germany;Federal Shipping;2018;10;0
24633;USA;Speedy Express;2016;15;0
24634;Portugal;Speedy Express;2013;1;0
24635;Canada;Federal Shipping;2023;17;0
24636;Germany;United Package;2014;12;0
24637;Poland;Federal Shipping;2013;3;0
24638;Mexico;Speedy Express;2018;4;0
24639;Canada;Federal Shipping;2019;4;0
24640;Canada;Speedy Express;2014;10;0
24641;Sweden;Federal Shipping;2013;6;0
24642;Finland;United Package;2012;6;0
24643;USA;Speedy Express;2016;1;0
24644;UK;Federal Shipping;2016;18;0
24645;Brazil;Federal Shipping;2022;8;1
24646;France;Federal Shipping;2021;3;0
24647;UK;Federal Shipping;2014;4;0
24648;Venezuela;Federal Shipping;2023;7;1
24649;Mexico;Federal Shipping;2016;15;1
24650;Germany;United Package;2019;15;1
24651;UK;Federal Shipping;2013;5;0
24652;UK;United Package;2018;9;0
24653;Switzerland;Federal Shipping;2021;2;0
24654;France;United Package;2020;16;1
24655;France;Speedy Express;2020;4;1
24656;Germany;United Package;2018;3;0
24657;Germany;Federal Shipping;2013;22;1
24658;USA;Speedy Express;2017;4;1
24659;Canada;Speedy Express;2012;3;0
24660;Switzerland;Federal Shipping;2014;8;1
24661;Spain;Speedy Express;2018;10;0
24662;Canada;United Package;2021;14;0
24663;Spain;Speedy Express;2021;1;0
24664;Germany;Speedy Express;2014;19;0
24665;Argentina;United Package;2019;9;1
24666;Argentina;Speedy Express;2015;22;1
24667;Germany;Speedy Express;2017;11;1
24668;Austria;United Package;2013;3;1
24669;Germany;United Package;2016;10;1
24670;Brazil;United Package;2018;28;1
24671;France;Federal Shipping;2015;7;0
24672;USA;Federal Shipping;2017;18;0
24673;UK;Speedy Express;2020;6;0
24674;Finland;United Package;2019;9;0
24675;USA;United Package;2022;7;0
24676;Germany;Federal Shipping;2015;5;0
24677;USA;United Package;2020;7;1
24678;France;United Package;2022;3;0
24679;Mexico;Speedy Express;2013;20;0
24680;Germany;Speedy Express;2021;6;1
24681;Finland;Speedy Express;2021;8;0
24682;Germany;Speedy Express;2015;2;0
24683;Denmark;United Package;2019;5;0
24684;USA;Federal Shipping;2023;1;0
24685;Portugal;Federal Shipping;2012;0;0
24686;Argentina;Federal Shipping;2018;1;1
24687;Poland;Federal Shipping;2018;1;0
24688;Germany;Speedy Express;2013;0;0
24689;Brazil;United Package;2023;10;1
24690;France;Federal Shipping;2017;5;0
24691;Canada;Federal Shipping;2019;2;0
24692;Brazil;Federal Shipping;2021;12;0
24693;Italy;Federal Shipping;2016;14;1
24694;Spain;Federal Shipping;2016;0;0
24695;Venezuela;Speedy Express;2022;14;0
24696;Spain;United Package;2015;0;0
24697;Brazil;Federal Shipping;2019;13;1
24698;Germany;United Package;2023;6;0
24699;Brazil;Speedy Express;2020;5;0
24700;USA;Federal Shipping;2019;14;0
24701;Italy;Federal Shipping;2022;29;0
24702;Venezuela;Federal Shipping;2014;4;0
24703;Canada;Federal Shipping;2021;1;0
24704;Mexico;Federal Shipping;2021;16;0
24705;France;United Package;2019;13;0
24706;UK;Speedy Express;2016;6;0
24707;Germany;United Package;2014;20;1
24708;Venezuela;Speedy Express;2020;8;0
24709;UK;Federal Shipping;2016;1;0
24710;France;United Package;2015;0;1
24711;Spain;Speedy Express;2013;5;0
24712;USA;Federal Shipping;2018;8;0
24713;USA;Speedy Express;2015;1;0
24714;Mexico;United Package;2017;4;0
24715;Canada;Federal Shipping;2015;10;0
24716;Denmark;Federal Shipping;2022;4;0
24717;Austria;United Package;2013;2;0
24718;Brazil;United Package;2021;21;1
24719;USA;Federal Shipping;2013;23;0
24720;Belgium;Federal Shipping;2013;13;0
24721;Switzerland;Federal Shipping;2019;25;1
24722;Austria;United Package;2014;5;0
24723;France;United Package;2022;1;0
24724;Argentina;Speedy Express;2013;23;1
24725;France;Federal Shipping;2015;8;0
24726;UK;United Package;2012;15;1
24727;Germany;United Package;2018;11;0
24728;France;Federal Shipping;2016;3;0
24729;Spain;Federal Shipping;2018;19;0
24730;UK;Speedy Express;2015;1;0
24731;USA;United Package;2019;5;0
24732;Austria;United Package;2014;5;0
24733;Venezuela;United Package;2018;4;0
24734;UK;United Package;2017;0;0
24735;Italy;United Package;2021;23;0
24736;USA;Federal Shipping;2022;2;0
24737;Mexico;United Package;2012;3;0
24738;Germany;Federal Shipping;2023;2;0
24739;USA;Speedy Express;2019;19;1
24740;Brazil;United Package;2021;19;0
24741;UK;Speedy Express;2020;18;0
24742;Austria;United Package;2023;4;0
24743;France;United Package;2018;14;0
24744;Mexico;United Package;2022;21;1
24745;Brazil;United Package;2022;5;1
24746;Norway;Speedy Express;2014;17;0
24747;Switzerland;Federal Shipping;2014;5;1
24748;Italy;Federal Shipping;2014;18;1
24749;Spain;Speedy Express;2022;0;0
24750;Germany;Speedy Express;2021;18;1
24751;Austria;Federal Shipping;2022;8;0
24752;Poland;Speedy Express;2022;1;0
24753;Finland;United Package;2016;23;0
24754;Germany;Federal Shipping;2015;21;1
24755;USA;Speedy Express;2017;1;0
24756;USA;Federal Shipping;2021;18;1
24757;Brazil;United Package;2018;4;0
24758;Germany;United Package;2019;2;0
24759;France;Speedy Express;2015;2;0
24760;France;Federal Shipping;2013;4;0
24761;Brazil;Speedy Express;2018;17;0
24762;France;Speedy Express;2023;10;0
24763;Spain;United Package;2018;7;0
24764;Norway;United Package;2016;10;0
24765;Poland;United Package;2019;13;1
24766;Brazil;United Package;2018;21;1
24767;Mexico;Speedy Express;2021;10;0
24768;Venezuela;Federal Shipping;2013;5;0
24769;Spain;Speedy Express;2019;3;0
24770;USA;Federal Shipping;2019;15;1
24771;USA;Federal Shipping;2022;3;0
24772;UK;United Package;2019;11;1
24773;USA;Federal Shipping;2018;10;0
24774;USA;Speedy Express;2016;15;1
24775;Italy;United Package;2018;4;0
24776;Mexico;Speedy Express;2016;5;0
24777;Argentina;Federal Shipping;2023;22;1
24778;Denmark;Speedy Express;2014;19;1
24779;Venezuela;United Package;2016;10;0
24780;Brazil;Speedy Express;2020;3;0
24781;France;United Package;2020;1;0
24782;France;Federal Shipping;2014;3;0
24783;Brazil;United Package;2014;0;0
24784;Mexico;United Package;2023;4;0
24785;Ireland;Federal Shipping;2018;3;0
24786;Switzerland;United Package;2016;1;0
24787;Canada;Speedy Express;2013;1;0
24788;Germany;Speedy Express;2016;5;0
24789;France;United Package;2014;6;0
24790;Germany;United Package;2017;6;1
24791;Mexico;United Package;2023;3;0
24792;Mexico;United Package;2015;8;0
24793;USA;Speedy Express;2019;7;0
24794;Denmark;Speedy Express;2021;6;0
24795;Portugal;Federal Shipping;2017;4;0
24796;Germany;Federal Shipping;2019;9;0
24797;Germany;Speedy Express;2013;1;0
24798;USA;Speedy Express;2019;26;1
24799;Brazil;United Package;2017;2;1
24800;Austria;Speedy Express;2019;6;0
24801;USA;United Package;2015;4;0
24802;Mexico;Speedy Express;2015;16;1
24803;Italy;Speedy Express;2022;23;0
24804;Canada;Federal Shipping;2021;12;1
24805;Germany;Federal Shipping;2017;17;0
24806;Germany;Speedy Express;2023;25;0
24807;USA;Speedy Express;2019;1;0
24808;Brazil;Speedy Express;2021;24;0
24809;France;United Package;2020;12;0
24810;Venezuela;Speedy Express;2016;0;0
24811;Poland;United Package;2015;1;0
24812;Denmark;United Package;2018;8;0
24813;USA;Federal Shipping;2018;5;1
24814;USA;Speedy Express;2012;7;0
24815;Germany;United Package;2013;10;1
24816;Austria;Speedy Express;2023;3;0
24817;France;Speedy Express;2019;22;0
24818;Brazil;United Package;2020;2;0
24819;Poland;United Package;2015;8;0
24820;USA;Speedy Express;2016;2;0
24821;Argentina;Speedy Express;2022;0;0
24822;UK;Speedy Express;2013;7;0
24823;Sweden;Speedy Express;2016;1;0
24824;Venezuela;Speedy Express;2015;3;0
24825;Venezuela;Federal Shipping;2012;10;0
24826;Spain;Speedy Express;2018;5;0
24827;Finland;Federal Shipping;2022;1;0
24828;Brazil;United Package;2017;10;1
24829;Venezuela;Speedy Express;2013;1;0
24830;Mexico;Federal Shipping;2013;4;0
24831;Spain;Federal Shipping;2015;3;0
24832;Brazil;Speedy Express;2020;14;0
24833;Mexico;Speedy Express;2019;1;0
24834;USA;Speedy Express;2014;25;0
24835;Brazil;United Package;2023;4;0
24836;Portugal;Federal Shipping;2022;9;0
24837;France;United Package;2019;8;0
24838;UK;United Package;2023;17;1
24839;Germany;Speedy Express;2012;1;0
24840;Austria;United Package;2019;5;0
24841;Argentina;Speedy Express;2014;2;0
24842;USA;Speedy Express;2017;1;0
24843;Venezuela;Federal Shipping;2022;16;0
24844;Spain;Federal Shipping;2022;9;1
24845;Portugal;United Package;2020;2;0
24846;Switzerland;Speedy Express;2019;4;0
24847;Brazil;United Package;2018;1;0
24848;Brazil;United Package;2015;10;0
24849;UK;Federal Shipping;2015;4;0
24850;Germany;United Package;2017;2;0
24851;Mexico;United Package;2022;1;0
24852;Mexico;United Package;2022;1;0
24853;Germany;United Package;2016;5;0
24854;Sweden;Federal Shipping;2023;10;0
24855;Venezuela;Federal Shipping;2017;2;0
24856;Italy;Federal Shipping;2017;16;0
24857;UK;Speedy Express;2019;5;0
24858;Brazil;Federal Shipping;2015;14;0
24859;Finland;Federal Shipping;2023;6;1
24860;USA;Speedy Express;2016;4;0
24861;UK;United Package;2016;6;0
24862;Germany;Federal Shipping;2013;18;1
24863;Argentina;United Package;2020;2;0
24864;Canada;United Package;2016;0;0
24865;UK;Federal Shipping;2013;22;1
24866;Brazil;Federal Shipping;2019;11;0
24867;USA;United Package;2022;0;0
24868;Spain;United Package;2018;10;0
24869;France;Speedy Express;2017;3;0
24870;Germany;United Package;2015;2;0
24871;Sweden;Federal Shipping;2018;2;0
24872;USA;United Package;2013;5;0
24873;USA;Speedy Express;2018;6;0
24874;Canada;Federal Shipping;2022;3;0
24875;USA;Federal Shipping;2021;5;0
24876;Belgium;United Package;2017;6;0
24877;Finland;Speedy Express;2014;2;0
24878;Brazil;Federal Shipping;2017;3;0
24879;France;Federal Shipping;2015;0;0
24880;USA;United Package;2016;16;1
24881;Canada;Speedy Express;2022;10;0
24882;Brazil;Federal Shipping;2013;17;0
24883;Austria;Federal Shipping;2014;16;0
24884;Spain;Federal Shipping;2022;27;1
24885;Canada;United Package;2018;12;1
24886;Denmark;Speedy Express;2015;8;0
24887;Mexico;United Package;2012;15;0
24888;Mexico;Federal Shipping;2021;4;0
24889;Brazil;Speedy Express;2012;2;0
24890;Argentina;Speedy Express;2018;6;0
24891;Canada;Federal Shipping;2020;16;1
24892;UK;Federal Shipping;2013;2;0
24893;USA;Speedy Express;2012;2;1
24894;France;Federal Shipping;2019;9;0
24895;Spain;United Package;2014;0;0
24896;Portugal;Speedy Express;2015;17;1
24897;Germany;Federal Shipping;2021;8;0
24898;USA;Federal Shipping;2017;13;1
24899;Germany;Federal Shipping;2015;1;0
24900;Germany;Speedy Express;2018;13;1
24901;France;United Package;2018;27;0
24902;Ireland;United Package;2019;8;0
24903;Canada;United Package;2022;2;0
24904;Ireland;United Package;2017;3;0
24905;Germany;Speedy Express;2015;22;0
24906;Mexico;Speedy Express;2013;1;0
24907;Denmark;United Package;2012;0;0
24908;France;Federal Shipping;2014;27;1
24909;Germany;Speedy Express;2015;9;1
24910;Germany;United Package;2015;1;0
24911;Germany;United Package;2019;8;1
24912;France;United Package;2013;19;1
24913;Brazil;United Package;2023;7;0
24914;Mexico;Federal Shipping;2014;1;0
24915;Germany;Speedy Express;2023;8;0
24916;Mexico;United Package;2014;3;0
24917;Sweden;Speedy Express;2016;9;0
24918;Argentina;Federal Shipping;2013;22;0
24919;USA;United Package;2017;6;1
24920;Germany;United Package;2016;3;0
24921;USA;Speedy Express;2014;3;0
24922;Germany;Federal Shipping;2019;12;0
24923;Poland;Federal Shipping;2021;3;0
24924;Denmark;United Package;2016;26;1
24925;UK;Federal Shipping;2015;13;0
24926;Portugal;United Package;2014;4;1
24927;Sweden;Speedy Express;2017;1;0
24928;Spain;Speedy Express;2018;20;1
24929;Germany;Speedy Express;2016;10;0
24930;USA;Federal Shipping;2019;14;1
24931;France;Federal Shipping;2014;5;0
24932;Spain;United Package;2021;12;0
24933;USA;Federal Shipping;2013;1;0
24934;Denmark;Speedy Express;2014;3;0
24935;Portugal;Federal Shipping;2021;6;1
24936;France;United Package;2013;15;0
24937;France;Speedy Express;2020;2;0
24938;Canada;Speedy Express;2020;3;0
24939;Sweden;Federal Shipping;2018;10;0
24940;UK;Speedy Express;2019;13;0
24941;Canada;Federal Shipping;2021;8;0
24942;Germany;Speedy Express;2020;16;1
24943;Belgium;Federal Shipping;2014;10;0
24944;Argentina;Speedy Express;2016;2;1
24945;Belgium;United Package;2019;19;0
24946;Mexico;United Package;2019;5;0
24947;Canada;Federal Shipping;2019;3;0
24948;USA;United Package;2022;28;0
24949;UK;Federal Shipping;2017;0;0
24950;Brazil;United Package;2014;16;1
24951;Italy;United Package;2022;25;1
24952;Germany;Federal Shipping;2012;0;0
24953;USA;Federal Shipping;2016;2;0
24954;UK;United Package;2014;3;0
24955;France;Federal Shipping;2014;23;1
24956;Venezuela;Speedy Express;2015;19;0
24957;Canada;United Package;2016;2;0
24958;Belgium;United Package;2019;21;0
24959;Argentina;United Package;2017;3;0
24960;France;United Package;2013;23;0
24961;Germany;Speedy Express;2019;9;0
24962;Portugal;United Package;2018;1;0
24963;UK;United Package;2018;18;1
24964;USA;Speedy Express;2019;3;0
24965;USA;United Package;2020;2;0
24966;Germany;United Package;2020;6;1
24967;Spain;Speedy Express;2019;9;0
24968;Sweden;Speedy Express;2019;5;0
24969;UK;Speedy Express;2018;1;0
24970;Brazil;United Package;2016;8;1
24971;Belgium;Speedy Express;2020;0;0
24972;Spain;United Package;2021;4;1
24973;USA;United Package;2020;10;0
24974;France;United Package;2015;20;1
24975;Brazil;United Package;2023;0;0
24976;France;Federal Shipping;2018;14;1
24977;Poland;Speedy Express;2012;30;0
24978;Brazil;United Package;2019;21;1
24979;Brazil;Federal Shipping;2014;10;0
24980;UK;Speedy Express;2018;3;0
24981;UK;Federal Shipping;2017;8;0
24982;Germany;Federal Shipping;2017;5;0
24983;Germany;Federal Shipping;2016;3;0
24984;Denmark;United Package;2014;16;1
24985;Mexico;Speedy Express;2013;2;0
24986;Brazil;Federal Shipping;2014;1;0
24987;France;United Package;2018;7;0
24988;Italy;Speedy Express;2017;13;0
24989;Brazil;Federal Shipping;2020;12;1
24990;Italy;Speedy Express;2023;11;0
24991;USA;Federal Shipping;2013;4;0
24992;Denmark;United Package;2015;12;0
24993;Mexico;Speedy Express;2015;1;0
24994;USA;Speedy Express;2016;7;0
24995;Germany;Speedy Express;2013;16;0
24996;Germany;United Package;2014;7;0
24997;Finland;Federal Shipping;2014;1;0
24998;Germany;Federal Shipping;2021;2;0
24999;USA;Speedy Express;2014;10;0
25000;Brazil;Federal Shipping;2021;12;0
25001;Italy;Federal Shipping;2019;4;1
25002;France;Federal Shipping;2021;4;0
25003;Italy;Speedy Express;2019;5;0
25004;Brazil;Speedy Express;2013;8;1
25005;Italy;Speedy Express;2014;17;0
25006;Germany;United Package;2013;2;0
25007;Germany;Federal Shipping;2017;3;0
25008;France;United Package;2019;12;1
25009;USA;United Package;2021;0;0
25010;Venezuela;Federal Shipping;2014;3;0
25011;Brazil;United Package;2022;7;0
25012;Germany;Speedy Express;2013;22;1
25013;Venezuela;Speedy Express;2020;3;0
25014;UK;Speedy Express;2014;8;1
25015;Venezuela;Federal Shipping;2019;0;0
25016;USA;United Package;2017;2;0
25017;UK;Federal Shipping;2016;6;1
25018;Brazil;Speedy Express;2013;1;0
25019;Brazil;Speedy Express;2012;8;0
25020;Germany;United Package;2014;15;1
25021;Germany;Federal Shipping;2022;7;0
25022;France;United Package;2021;1;0
25023;Mexico;Federal Shipping;2021;0;0
25024;Brazil;Speedy Express;2017;6;0
25025;Argentina;Federal Shipping;2013;18;0
25026;Spain;United Package;2015;1;0
25027;Spain;Federal Shipping;2015;2;0
25028;Mexico;Federal Shipping;2014;1;0
25029;Spain;Federal Shipping;2012;19;0
25030;Venezuela;Federal Shipping;2021;0;0
25031;Argentina;United Package;2012;3;0
25032;Germany;Federal Shipping;2018;7;0
25033;France;Federal Shipping;2012;1;0
25034;Brazil;Speedy Express;2012;8;1
25035;UK;United Package;2013;4;0
25036;France;United Package;2016;5;0
25037;Canada;Federal Shipping;2019;14;1
25038;Brazil;Federal Shipping;2015;4;0
25039;Canada;United Package;2015;11;0
25040;Spain;Federal Shipping;2014;8;0
25041;Germany;Speedy Express;2018;6;0
25042;USA;Federal Shipping;2023;1;1
25043;Germany;United Package;2018;6;0
25044;Spain;Federal Shipping;2017;17;0
25045;Germany;Federal Shipping;2014;1;0
25046;Germany;United Package;2016;11;0
25047;Brazil;United Package;2021;19;0
25048;Brazil;Federal Shipping;2015;15;0
25049;Spain;Federal Shipping;2015;1;0
25050;Mexico;United Package;2016;21;1
25051;Portugal;Federal Shipping;2018;6;0
25052;Switzerland;Federal Shipping;2018;4;1
25053;USA;Speedy Express;2017;0;0
25054;Germany;Speedy Express;2023;7;1
25055;UK;United Package;2015;3;0
25056;Spain;Speedy Express;2020;10;0
25057;Portugal;Speedy Express;2018;0;0
25058;Finland;Speedy Express;2015;10;0
25059;Switzerland;United Package;2017;5;1
25060;USA;Speedy Express;2015;2;0
25061;Austria;Federal Shipping;2022;5;0
25062;USA;Federal Shipping;2013;3;1
25063;Germany;Speedy Express;2019;8;1
25064;UK;Federal Shipping;2020;18;1
25065;Denmark;United Package;2021;1;0
25066;France;United Package;2014;9;0
25067;Switzerland;United Package;2018;10;0
25068;Germany;United Package;2023;3;0
25069;USA;Speedy Express;2021;6;0
25070;Brazil;Federal Shipping;2016;9;1
25071;Argentina;Federal Shipping;2020;10;1
25072;Austria;Federal Shipping;2022;6;0
25073;Spain;Speedy Express;2014;17;0
25074;Germany;Speedy Express;2020;15;1
25075;Ireland;Federal Shipping;2013;8;0
25076;USA;United Package;2020;4;0
25077;Mexico;Speedy Express;2016;7;0
25078;Canada;Federal Shipping;2018;2;0
25079;USA;United Package;2021;17;1
25080;Finland;Federal Shipping;2017;7;0
25081;Austria;Federal Shipping;2016;5;0
25082;Mexico;Speedy Express;2019;1;0
25083;UK;United Package;2015;1;0
25084;Canada;United Package;2021;13;0
25085;France;United Package;2019;9;0
25086;Brazil;United Package;2014;3;0
25087;Venezuela;United Package;2012;11;0
25088;Brazil;United Package;2014;7;0
25089;Sweden;United Package;2022;0;0
25090;Finland;United Package;2019;14;0
25091;Germany;Federal Shipping;2021;7;0
25092;Finland;United Package;2023;3;0
25093;Brazil;Federal Shipping;2014;2;0
25094;UK;United Package;2014;2;0
25095;USA;United Package;2019;3;0
25096;USA;Speedy Express;2013;3;0
25097;Germany;United Package;2014;0;0
25098;USA;Federal Shipping;2022;3;0
25099;Germany;Federal Shipping;2022;3;0
25100;USA;United Package;2018;2;1
25101;France;Speedy Express;2013;1;0
25102;USA;Federal Shipping;2018;2;0
25103;Mexico;Federal Shipping;2020;13;1
25104;Finland;Speedy Express;2019;17;0
25105;Germany;Speedy Express;2018;12;0
25106;Ireland;Speedy Express;2018;4;0
25107;Austria;United Package;2014;2;0
25108;Canada;United Package;2015;20;0
25109;Spain;United Package;2012;0;0
25110;France;Federal Shipping;2015;9;0
25111;Germany;Speedy Express;2012;8;0
25112;Brazil;Speedy Express;2013;11;0
25113;Austria;Federal Shipping;2012;1;0
25114;USA;United Package;2018;0;0
25115;USA;Speedy Express;2021;15;1
25116;Italy;Federal Shipping;2019;4;1
25117;USA;Speedy Express;2015;4;0
25118;Norway;United Package;2020;2;0
25119;Ireland;Federal Shipping;2019;3;0
25120;Germany;Speedy Express;2019;10;0
25121;UK;Federal Shipping;2015;5;0
25122;Spain;Speedy Express;2018;15;1
25123;Ireland;Speedy Express;2017;9;0
25124;UK;Speedy Express;2023;19;1
25125;USA;United Package;2021;2;0
25126;Argentina;Federal Shipping;2013;10;0
25127;Germany;Federal Shipping;2022;24;0
25128;USA;United Package;2012;11;0
25129;Germany;United Package;2017;4;0
25130;Poland;United Package;2014;0;0
25131;Brazil;Federal Shipping;2019;3;0
25132;Finland;Speedy Express;2022;16;0
25133;Germany;Federal Shipping;2019;1;0
25134;Sweden;Federal Shipping;2016;24;1
25135;USA;United Package;2015;8;0
25136;Canada;Speedy Express;2023;19;0
25137;USA;Federal Shipping;2016;12;0
25138;Canada;Speedy Express;2019;25;1
25139;France;Federal Shipping;2019;2;0
25140;Brazil;Speedy Express;2017;16;0
25141;France;United Package;2014;5;0
25142;USA;United Package;2013;8;0
25143;France;Federal Shipping;2018;3;0
25144;Brazil;Speedy Express;2019;14;0
25145;Brazil;Federal Shipping;2013;9;1
25146;Brazil;Speedy Express;2016;0;0
25147;Germany;United Package;2022;0;0
25148;Brazil;United Package;2015;13;0
25149;France;Speedy Express;2022;5;0
25150;USA;United Package;2022;17;0
25151;Sweden;United Package;2022;6;1
25152;Mexico;United Package;2017;27;1
25153;Venezuela;Federal Shipping;2021;0;0
25154;Austria;United Package;2013;1;0
25155;Germany;United Package;2014;10;0
25156;Germany;Speedy Express;2021;13;1
25157;USA;Speedy Express;2015;2;0
25158;France;Federal Shipping;2018;20;0
25159;Spain;Federal Shipping;2019;5;0
25160;Mexico;Speedy Express;2013;4;0
25161;Mexico;Speedy Express;2018;24;0
25162;USA;Federal Shipping;2020;3;0
25163;Germany;United Package;2022;11;0
25164;Portugal;United Package;2015;0;0
25165;UK;United Package;2018;0;0
25166;Canada;Speedy Express;2015;6;0
25167;France;Federal Shipping;2015;13;1
25168;Germany;United Package;2019;7;0
25169;USA;Federal Shipping;2021;16;0
25170;Germany;Federal Shipping;2022;10;0
25171;Argentina;Federal Shipping;2013;14;1
25172;Mexico;United Package;2018;3;0
25173;Brazil;United Package;2022;6;0
25174;Switzerland;Speedy Express;2015;13;0
25175;Poland;United Package;2015;18;0
25176;Finland;United Package;2022;5;0
25177;USA;Federal Shipping;2012;11;0
25178;Argentina;United Package;2015;7;0
25179;Portugal;Federal Shipping;2022;2;0
25180;Italy;Speedy Express;2022;10;1
25181;Mexico;Speedy Express;2016;2;0
25182;UK;Federal Shipping;2022;6;0
25183;France;Speedy Express;2015;9;0
25184;Brazil;Federal Shipping;2020;2;0
25185;Austria;Federal Shipping;2016;10;1
25186;Brazil;Speedy Express;2015;1;0
25187;USA;Federal Shipping;2015;2;0
25188;UK;United Package;2022;17;0
25189;USA;Speedy Express;2020;16;1
25190;France;Federal Shipping;2020;2;0
25191;Brazil;Speedy Express;2013;21;1
25192;Italy;United Package;2016;3;0
25193;Sweden;United Package;2018;6;0
25194;Argentina;United Package;2018;12;0
25195;Italy;Federal Shipping;2022;5;1
25196;Ireland;United Package;2021;1;0
25197;USA;Federal Shipping;2014;18;0
25198;Mexico;Speedy Express;2016;0;0
25199;Italy;Federal Shipping;2021;6;0
25200;USA;Speedy Express;2016;2;0
25201;Mexico;Federal Shipping;2015;15;1
25202;Canada;Speedy Express;2018;2;0
25203;Mexico;United Package;2023;20;1
25204;Germany;United Package;2021;15;0
25205;Argentina;United Package;2018;1;0
25206;Germany;Speedy Express;2021;1;0
25207;Italy;Federal Shipping;2020;2;0
25208;Brazil;Speedy Express;2016;13;0
25209;Brazil;Speedy Express;2022;23;0
25210;Italy;Federal Shipping;2018;9;0
25211;USA;United Package;2015;3;0
25212;Canada;United Package;2020;9;0
25213;France;Speedy Express;2021;4;0
25214;France;United Package;2015;12;1
25215;Argentina;Federal Shipping;2015;9;1
25216;Argentina;Federal Shipping;2023;5;0
25217;UK;Federal Shipping;2014;9;0
25218;Argentina;Speedy Express;2022;0;0
25219;France;Federal Shipping;2013;13;0
25220;USA;United Package;2017;3;0
25221;Mexico;United Package;2015;1;0
25222;Canada;Federal Shipping;2020;6;0
25223;Venezuela;United Package;2018;6;0
25224;USA;Federal Shipping;2020;10;0
25225;Switzerland;United Package;2017;7;0
25226;France;Speedy Express;2014;5;0
25227;Venezuela;Speedy Express;2023;3;0
25228;France;United Package;2022;1;0
25229;Germany;Speedy Express;2022;8;0
25230;Canada;Federal Shipping;2018;8;1
25231;Spain;United Package;2022;10;0
25232;Germany;Speedy Express;2015;2;0
25233;France;Speedy Express;2018;7;0
25234;Germany;United Package;2017;1;0
25235;USA;Federal Shipping;2019;6;0
25236;UK;United Package;2016;2;0
25237;Spain;Federal Shipping;2019;23;1
25238;France;Federal Shipping;2016;3;0
25239;Germany;Federal Shipping;2021;5;0
25240;USA;Speedy Express;2015;5;0
25241;Germany;Federal Shipping;2013;0;0
25242;France;Federal Shipping;2021;5;0
25243;Brazil;United Package;2023;23;0
25244;Norway;Speedy Express;2021;13;1
25245;Spain;Speedy Express;2016;14;0
25246;Switzerland;Speedy Express;2015;1;0
25247;Mexico;United Package;2015;2;0
25248;USA;Speedy Express;2016;0;0
25249;Poland;United Package;2020;10;0
25250;Denmark;United Package;2015;19;1
25251;Belgium;Speedy Express;2016;5;1
25252;Canada;Speedy Express;2012;7;1
25253;Mexico;United Package;2021;3;0
25254;UK;United Package;2017;0;0
25255;Finland;Speedy Express;2017;3;0
25256;USA;United Package;2020;1;0
25257;Brazil;Federal Shipping;2015;4;0
25258;Austria;Speedy Express;2017;18;0
25259;Austria;Speedy Express;2015;5;0
25260;Denmark;Federal Shipping;2014;10;1
25261;Germany;United Package;2012;8;0
25262;Spain;Federal Shipping;2022;3;0
25263;Switzerland;Speedy Express;2020;1;0
25264;USA;Federal Shipping;2023;5;0
25265;Sweden;Speedy Express;2018;1;0
25266;UK;Federal Shipping;2018;13;0
25267;Germany;United Package;2016;0;0
25268;France;United Package;2022;11;1
25269;Germany;Speedy Express;2015;4;0
25270;Venezuela;United Package;2015;1;0
25271;USA;United Package;2015;26;1
25272;Argentina;Federal Shipping;2019;4;0
25273;Brazil;Speedy Express;2014;27;1
25274;Mexico;Speedy Express;2013;12;1
25275;Switzerland;Speedy Express;2020;17;1
25276;France;Speedy Express;2019;18;1
25277;Sweden;Federal Shipping;2019;17;0
25278;Poland;United Package;2018;4;0
25279;Sweden;United Package;2017;2;0
25280;Mexico;United Package;2016;5;0
25281;Mexico;United Package;2014;20;1
25282;Germany;United Package;2016;6;0
25283;UK;United Package;2022;7;0
25284;France;United Package;2014;7;0
25285;Spain;United Package;2020;10;1
25286;France;United Package;2020;14;0
25287;Austria;United Package;2015;3;1
25288;Spain;United Package;2018;5;0
25289;Austria;Federal Shipping;2014;0;0
25290;Canada;Federal Shipping;2018;7;0
25291;USA;Federal Shipping;2022;2;0
25292;France;Federal Shipping;2020;0;0
25293;Spain;Federal Shipping;2016;6;0
25294;France;Federal Shipping;2019;3;0
25295;France;Federal Shipping;2022;1;0
25296;USA;Federal Shipping;2017;12;0
25297;Germany;Federal Shipping;2016;5;0
25298;Austria;Federal Shipping;2021;8;1
25299;Switzerland;Speedy Express;2014;0;0
25300;USA;Federal Shipping;2022;4;1
25301;Germany;Federal Shipping;2019;4;0
25302;Germany;Speedy Express;2015;1;0
25303;Brazil;United Package;2018;9;0
25304;Brazil;Speedy Express;2022;3;0
25305;USA;United Package;2013;9;0
25306;Argentina;Federal Shipping;2017;2;0
25307;Venezuela;Speedy Express;2018;10;0
25308;Canada;Speedy Express;2019;0;0
25309;Spain;Federal Shipping;2020;7;0
25310;USA;Speedy Express;2015;1;0
25311;USA;Speedy Express;2021;1;0
25312;Italy;Federal Shipping;2016;9;0
25313;USA;Speedy Express;2021;8;0
25314;Belgium;United Package;2022;5;0
25315;Venezuela;United Package;2012;9;0
25316;France;Speedy Express;2022;13;0
25317;Switzerland;Speedy Express;2015;6;0
25318;Spain;Speedy Express;2017;7;0
25319;Switzerland;Federal Shipping;2014;3;0
25320;UK;Speedy Express;2022;5;0
25321;Mexico;Speedy Express;2015;0;0
25322;UK;Federal Shipping;2014;16;0
25323;Germany;Federal Shipping;2021;7;0
25324;Italy;Speedy Express;2020;3;0
25325;UK;Speedy Express;2022;8;0
25326;Austria;United Package;2022;1;0
25327;Belgium;Federal Shipping;2014;2;0
25328;USA;Federal Shipping;2019;14;0
25329;Denmark;Speedy Express;2017;11;1
25330;France;Federal Shipping;2015;10;0
25331;Mexico;United Package;2018;23;0
25332;Venezuela;Speedy Express;2017;4;0
25333;USA;United Package;2014;14;0
25334;Brazil;United Package;2020;4;0
25335;Italy;Speedy Express;2019;10;1
25336;USA;United Package;2023;5;1
25337;Spain;Federal Shipping;2018;25;1
25338;Germany;Speedy Express;2014;7;0
25339;Germany;United Package;2015;2;0
25340;Germany;Speedy Express;2016;13;0
25341;Spain;United Package;2020;3;1
25342;USA;Federal Shipping;2020;4;1
25343;Switzerland;Federal Shipping;2013;3;0
25344;Argentina;Speedy Express;2022;1;0
25345;France;Federal Shipping;2019;0;0
25346;Sweden;Federal Shipping;2013;16;1
25347;Italy;Federal Shipping;2021;20;0
25348;France;Speedy Express;2022;2;0
25349;USA;Federal Shipping;2022;1;0
25350;Venezuela;United Package;2019;10;0
25351;Switzerland;United Package;2021;14;0
25352;Italy;United Package;2021;8;0
25353;France;Federal Shipping;2023;25;0
25354;Mexico;Federal Shipping;2015;4;0
25355;Spain;Federal Shipping;2022;1;0
25356;Germany;Federal Shipping;2015;6;0
25357;Germany;Federal Shipping;2015;3;0
25358;Mexico;Federal Shipping;2019;9;0
25359;UK;Federal Shipping;2023;3;0
25360;UK;Speedy Express;2019;2;0
25361;Austria;United Package;2019;2;0
25362;Venezuela;Federal Shipping;2019;1;0
25363;USA;Federal Shipping;2021;25;1
25364;USA;Federal Shipping;2016;16;1
25365;Germany;Speedy Express;2014;1;0
25366;France;United Package;2015;2;0
25367;France;United Package;2014;6;0
25368;France;United Package;2019;19;1
25369;Germany;United Package;2013;8;0
25370;UK;Federal Shipping;2017;6;1
25371;Brazil;Speedy Express;2018;1;0
25372;France;Federal Shipping;2020;5;0
25373;Brazil;United Package;2022;5;1
25374;Germany;United Package;2017;21;0
25375;France;Speedy Express;2013;13;0
25376;Germany;Speedy Express;2017;10;0
25377;UK;United Package;2016;2;1
25378;USA;Federal Shipping;2012;16;1
25379;UK;United Package;2017;24;1
25380;Brazil;Federal Shipping;2021;19;1
25381;Ireland;Federal Shipping;2021;0;0
25382;Brazil;Speedy Express;2017;22;1
25383;USA;United Package;2016;4;0
25384;France;Federal Shipping;2015;23;0
25385;Austria;Speedy Express;2019;11;0
25386;USA;Speedy Express;2019;6;0
25387;Portugal;Federal Shipping;2022;19;1
25388;USA;Speedy Express;2020;0;0
25389;USA;Speedy Express;2022;9;0
25390;Portugal;United Package;2020;9;0
25391;France;Speedy Express;2016;12;1
25392;USA;United Package;2013;13;1
25393;France;Speedy Express;2014;12;0
25394;Spain;United Package;2020;9;0
25395;Brazil;Speedy Express;2022;12;1
25396;Canada;Speedy Express;2017;3;0
25397;Switzerland;Federal Shipping;2013;6;0
25398;USA;Federal Shipping;2019;5;0
25399;USA;United Package;2014;6;0
25400;Italy;Speedy Express;2015;10;0
25401;USA;United Package;2023;11;1
25402;Switzerland;Federal Shipping;2018;11;0
25403;USA;United Package;2018;2;0
25404;USA;United Package;2018;5;0
25405;Venezuela;United Package;2015;4;0
25406;France;Federal Shipping;2016;4;0
25407;Spain;Federal Shipping;2014;1;0
25408;Mexico;Speedy Express;2019;8;1
25409;USA;Speedy Express;2015;7;0
25410;USA;United Package;2017;8;1
25411;France;Speedy Express;2012;6;0
25412;USA;Federal Shipping;2019;5;0
25413;Brazil;Federal Shipping;2021;0;0
25414;Argentina;Federal Shipping;2018;9;0
25415;Germany;United Package;2021;5;0
25416;UK;Speedy Express;2018;16;1
25417;USA;Federal Shipping;2020;6;1
25418;USA;Speedy Express;2016;26;0
25419;France;Federal Shipping;2013;20;1
25420;Canada;Speedy Express;2015;4;0
25421;Finland;Speedy Express;2021;16;1
25422;Germany;Speedy Express;2022;1;0
25423;USA;Federal Shipping;2020;11;0
25424;Mexico;Federal Shipping;2018;4;1
25425;Germany;Federal Shipping;2019;19;0
25426;Germany;Federal Shipping;2015;4;0
25427;Mexico;Federal Shipping;2017;17;1
25428;USA;United Package;2019;13;1
25429;France;Federal Shipping;2015;9;1
25430;USA;Speedy Express;2016;3;0
25431;France;United Package;2015;1;0
25432;Brazil;Federal Shipping;2017;2;0
25433;Brazil;United Package;2019;20;1
25434;Brazil;United Package;2021;7;0
25435;Brazil;Federal Shipping;2014;13;0
25436;UK;Speedy Express;2013;1;0
25437;Germany;Speedy Express;2016;5;0
25438;Canada;United Package;2015;16;1
25439;Canada;United Package;2023;2;0
25440;Poland;Federal Shipping;2019;10;0
25441;Italy;Federal Shipping;2018;15;0
25442;Argentina;Speedy Express;2017;8;0
25443;France;Federal Shipping;2021;3;0
25444;Germany;United Package;2016;0;0
25445;Germany;United Package;2020;4;0
25446;UK;United Package;2023;0;0
25447;Portugal;United Package;2018;4;0
25448;Spain;United Package;2022;13;1
25449;Brazil;United Package;2020;13;0
25450;Mexico;United Package;2016;1;0
25451;UK;United Package;2014;2;0
25452;France;Federal Shipping;2015;3;0
25453;Canada;Speedy Express;2018;20;0
25454;France;Federal Shipping;2015;17;1
25455;Venezuela;Speedy Express;2021;0;0
25456;Germany;Federal Shipping;2013;2;0
25457;Germany;Federal Shipping;2019;5;0
25458;Finland;United Package;2015;17;0
25459;Brazil;Federal Shipping;2016;6;0
25460;Venezuela;United Package;2015;13;0
25461;Spain;Federal Shipping;2013;19;1
25462;USA;United Package;2018;8;0
25463;Sweden;Federal Shipping;2023;1;0
25464;Germany;Speedy Express;2020;15;0
25465;USA;Speedy Express;2018;14;0
25466;Switzerland;Federal Shipping;2019;20;0
25467;France;United Package;2022;3;0
25468;Germany;Federal Shipping;2021;3;0
25469;USA;Federal Shipping;2015;10;0
25470;Italy;Speedy Express;2015;4;0
25471;USA;United Package;2016;4;0
25472;Belgium;Speedy Express;2020;1;0
25473;UK;Speedy Express;2021;11;0
25474;Poland;Speedy Express;2014;11;1
25475;Germany;Speedy Express;2012;0;0
25476;USA;Federal Shipping;2012;6;0
25477;Brazil;United Package;2017;4;0
25478;Venezuela;Federal Shipping;2020;13;1
25479;Germany;United Package;2018;9;0
25480;Italy;Speedy Express;2022;2;0
25481;Italy;United Package;2020;0;0
25482;Brazil;Speedy Express;2014;8;0
25483;Sweden;Federal Shipping;2013;3;0
25484;Finland;Federal Shipping;2022;8;1
25485;Sweden;Speedy Express;2016;20;1
25486;Germany;Speedy Express;2017;7;0
25487;Brazil;Federal Shipping;2021;0;0
25488;Denmark;Federal Shipping;2018;3;1
25489;Italy;Federal Shipping;2019;0;1
25490;Canada;United Package;2017;19;1
25491;Denmark;Federal Shipping;2015;10;0
25492;Ireland;United Package;2022;8;0
25493;Mexico;Speedy Express;2019;17;0
25494;Canada;Federal Shipping;2019;4;0
25495;Austria;Federal Shipping;2018;2;0
25496;Mexico;Speedy Express;2021;1;0
25497;Mexico;United Package;2012;1;0
25498;UK;Federal Shipping;2021;11;0
25499;Canada;Federal Shipping;2015;5;0
25500;Argentina;United Package;2020;20;0
25501;Denmark;United Package;2019;1;0
25502;Brazil;Federal Shipping;2022;1;0
25503;Brazil;Federal Shipping;2013;11;0
25504;Canada;United Package;2017;1;0
25505;Portugal;Speedy Express;2018;2;0
25506;USA;Federal Shipping;2012;5;0
25507;Germany;Speedy Express;2020;2;0
25508;France;Speedy Express;2016;0;0
25509;Germany;United Package;2017;2;0
25510;Sweden;United Package;2016;8;0
25511;UK;United Package;2018;0;0
25512;Italy;Speedy Express;2020;16;1
25513;France;Speedy Express;2018;1;0
25514;Germany;Speedy Express;2019;2;0
25515;Mexico;Speedy Express;2013;14;0
25516;France;Federal Shipping;2021;4;0
25517;Venezuela;United Package;2018;0;0
25518;Mexico;United Package;2020;5;0
25519;Canada;Federal Shipping;2014;21;1
25520;Spain;Federal Shipping;2019;7;0
25521;UK;United Package;2018;8;0
25522;Argentina;Federal Shipping;2020;3;1
25523;Germany;Federal Shipping;2013;10;0
25524;USA;Federal Shipping;2021;6;0
25525;France;Speedy Express;2020;8;0
25526;Poland;Speedy Express;2023;21;1
25527;Brazil;Speedy Express;2018;5;0
25528;Canada;Federal Shipping;2020;1;0
25529;Mexico;Federal Shipping;2020;3;0
25530;USA;Speedy Express;2016;23;0
25531;USA;Speedy Express;2021;3;0
25532;USA;Speedy Express;2023;1;0
25533;Germany;Federal Shipping;2015;7;0
25534;France;Speedy Express;2013;7;0
25535;Venezuela;Speedy Express;2023;3;0
25536;Germany;Speedy Express;2022;1;0
25537;Portugal;Federal Shipping;2015;3;0
25538;USA;Federal Shipping;2023;3;0
25539;Brazil;Speedy Express;2019;1;0
25540;Italy;United Package;2013;20;1
25541;Germany;Speedy Express;2018;20;1
25542;Brazil;United Package;2020;21;1
25543;USA;Speedy Express;2021;7;0
25544;Norway;Federal Shipping;2022;2;0
25545;UK;United Package;2021;4;1
25546;Venezuela;Speedy Express;2016;1;0
25547;Spain;United Package;2020;16;1
25548;Mexico;United Package;2013;15;1
25549;Brazil;United Package;2021;18;1
25550;Norway;United Package;2019;19;0
25551;USA;United Package;2020;4;1
25552;Brazil;Speedy Express;2013;3;0
25553;Denmark;United Package;2019;3;0
25554;Germany;Speedy Express;2019;8;1
25555;Venezuela;Federal Shipping;2023;12;1
25556;Mexico;United Package;2023;0;0
25557;France;United Package;2012;4;0
25558;UK;Federal Shipping;2019;13;1
25559;Switzerland;United Package;2023;2;0
25560;Norway;Speedy Express;2021;7;0
25561;Belgium;Federal Shipping;2019;26;1
25562;Poland;Speedy Express;2017;6;0
25563;Mexico;United Package;2013;7;0
25564;Germany;Speedy Express;2017;3;0
25565;Germany;Speedy Express;2017;2;0
25566;Mexico;Speedy Express;2022;8;0
25567;France;United Package;2016;2;0
25568;USA;Federal Shipping;2021;5;1
25569;Argentina;Speedy Express;2014;4;0
25570;Germany;United Package;2014;6;0
25571;Denmark;United Package;2021;4;0
25572;USA;Federal Shipping;2014;22;0
25573;Mexico;Federal Shipping;2013;1;0
25574;Canada;Speedy Express;2022;1;0
25575;Mexico;Federal Shipping;2023;28;1
25576;Denmark;Federal Shipping;2022;18;1
25577;Brazil;Federal Shipping;2022;2;0
25578;France;Federal Shipping;2016;20;0
25579;Brazil;Speedy Express;2014;6;0
25580;Sweden;United Package;2018;25;1
25581;Sweden;Federal Shipping;2021;22;1
25582;Belgium;United Package;2020;0;0
25583;UK;United Package;2017;3;0
25584;Brazil;United Package;2022;0;1
25585;France;Federal Shipping;2019;8;1
25586;Italy;Federal Shipping;2014;1;0
25587;Switzerland;United Package;2018;3;0
25588;Germany;Federal Shipping;2015;18;1
25589;France;Federal Shipping;2013;9;1
25590;USA;Speedy Express;2016;9;0
25591;Mexico;Speedy Express;2018;3;0
25592;Venezuela;United Package;2014;4;0
25593;Brazil;Federal Shipping;2019;5;0
25594;Poland;Federal Shipping;2015;4;0
25595;Germany;United Package;2017;5;0
25596;Germany;Speedy Express;2022;6;0
25597;UK;Federal Shipping;2017;1;0
25598;USA;Federal Shipping;2021;1;0
25599;Norway;United Package;2016;13;1
25600;Denmark;United Package;2023;0;0
25601;Ireland;Speedy Express;2015;16;1
25602;UK;Federal Shipping;2023;21;0
25603;UK;Federal Shipping;2022;6;1
25604;Germany;Federal Shipping;2016;3;0
25605;USA;Federal Shipping;2021;15;0
25606;Venezuela;Federal Shipping;2015;3;0
25607;Sweden;Federal Shipping;2015;1;0
25608;USA;Speedy Express;2018;2;0
25609;Brazil;Speedy Express;2016;7;0
25610;Germany;United Package;2014;0;0
25611;France;Federal Shipping;2014;25;1
25612;Venezuela;Speedy Express;2013;20;1
25613;Germany;Federal Shipping;2019;0;0
25614;USA;Federal Shipping;2017;11;1
25615;Brazil;Federal Shipping;2015;0;0
25616;France;Federal Shipping;2016;2;0
25617;Venezuela;Federal Shipping;2020;1;0
25618;USA;United Package;2012;7;0
25619;Sweden;Federal Shipping;2013;3;0
25620;Spain;United Package;2018;25;1
25621;Brazil;Federal Shipping;2021;3;0
25622;Canada;United Package;2013;12;0
25623;Brazil;United Package;2017;3;0
25624;USA;United Package;2020;1;0
25625;Italy;Federal Shipping;2018;7;0
25626;Mexico;Speedy Express;2012;26;1
25627;USA;Federal Shipping;2022;6;0
25628;Brazil;Speedy Express;2021;7;0
25629;UK;Federal Shipping;2019;8;1
25630;Portugal;United Package;2023;6;0
25631;France;United Package;2015;13;0
25632;Spain;Federal Shipping;2021;14;1
25633;Mexico;United Package;2020;5;0
25634;Mexico;Federal Shipping;2022;3;0
25635;USA;United Package;2020;9;0
25636;Poland;Speedy Express;2013;9;1
25637;France;United Package;2019;11;1
25638;Brazil;Federal Shipping;2012;1;0
25639;Germany;United Package;2017;2;1
25640;Norway;Speedy Express;2019;6;1
25641;Canada;Federal Shipping;2013;13;1
25642;Italy;Speedy Express;2017;2;0
25643;UK;United Package;2016;0;0
25644;USA;Speedy Express;2021;19;1
25645;Germany;Federal Shipping;2016;1;0
25646;USA;Federal Shipping;2013;6;0
25647;USA;Speedy Express;2014;3;0
25648;France;United Package;2019;3;0
25649;Ireland;Federal Shipping;2019;4;0
25650;Canada;Federal Shipping;2017;14;1
25651;France;United Package;2019;2;0
25652;Spain;United Package;2019;13;0
25653;Venezuela;United Package;2023;9;1
25654;Portugal;Speedy Express;2021;5;0
25655;Brazil;United Package;2021;5;0
25656;Brazil;Speedy Express;2023;6;0
25657;Brazil;United Package;2022;3;0
25658;France;Federal Shipping;2016;15;0
25659;Sweden;Federal Shipping;2016;16;0
25660;Canada;United Package;2014;20;0
25661;Brazil;Federal Shipping;2022;3;0
25662;Austria;United Package;2016;11;1
25663;Spain;Federal Shipping;2015;7;0
25664;Finland;Speedy Express;2015;17;0
25665;Germany;Speedy Express;2017;9;0
25666;Germany;Speedy Express;2020;8;0
25667;USA;Speedy Express;2020;3;0
25668;France;United Package;2013;20;0
25669;Argentina;Federal Shipping;2013;9;1
25670;Germany;Speedy Express;2016;1;0
25671;USA;Speedy Express;2013;1;0
25672;Germany;United Package;2015;1;0
25673;France;Speedy Express;2015;1;0
25674;Germany;Federal Shipping;2015;2;0
25675;UK;Speedy Express;2018;5;0
25676;USA;United Package;2012;15;1
25677;Brazil;Speedy Express;2023;4;0
25678;Switzerland;Federal Shipping;2023;0;0
25679;Denmark;Federal Shipping;2013;13;0
25680;France;Federal Shipping;2012;8;1
25681;USA;United Package;2020;0;0
25682;Germany;Speedy Express;2017;6;1
25683;UK;Federal Shipping;2015;14;1
25684;Sweden;Federal Shipping;2019;3;0
25685;Germany;Speedy Express;2020;23;0
25686;Mexico;Speedy Express;2023;1;0
25687;Belgium;Federal Shipping;2017;18;0
25688;Venezuela;Speedy Express;2013;9;0
25689;Denmark;Speedy Express;2017;1;0
25690;Mexico;Speedy Express;2020;4;0
25691;Brazil;United Package;2017;5;0
25692;France;Federal Shipping;2017;2;1
25693;Brazil;United Package;2016;5;0
25694;USA;United Package;2015;2;0
25695;Spain;United Package;2014;5;0
25696;Germany;United Package;2014;12;0
25697;Canada;Federal Shipping;2015;12;0
25698;Portugal;United Package;2021;12;0
25699;France;Federal Shipping;2021;11;0
25700;Switzerland;Speedy Express;2017;12;0
25701;Sweden;Federal Shipping;2020;5;0
25702;Germany;Speedy Express;2016;13;1
25703;USA;Speedy Express;2019;4;1
25704;Portugal;United Package;2021;0;0
25705;Switzerland;Speedy Express;2019;1;0
25706;USA;Speedy Express;2022;11;1
25707;Germany;United Package;2016;9;0
25708;Germany;United Package;2018;22;0
25709;Denmark;Federal Shipping;2023;8;1
25710;Germany;Speedy Express;2017;6;1
25711;France;Federal Shipping;2014;11;0
25712;Argentina;United Package;2016;6;0
25713;France;Federal Shipping;2013;30;1
25714;France;Speedy Express;2017;1;0
25715;France;United Package;2021;3;0
25716;Denmark;Federal Shipping;2022;1;0
25717;USA;Federal Shipping;2012;13;1
25718;Brazil;United Package;2016;6;0
25719;USA;Federal Shipping;2015;2;0
25720;USA;Federal Shipping;2019;7;0
25721;Spain;Speedy Express;2016;3;0
25722;Italy;United Package;2014;4;0
25723;Portugal;Federal Shipping;2015;21;1
25724;Germany;United Package;2012;1;0
25725;Italy;Federal Shipping;2020;1;0
25726;Spain;Speedy Express;2019;8;0
25727;Brazil;Federal Shipping;2023;15;1
25728;USA;Speedy Express;2018;2;0
25729;Venezuela;United Package;2012;17;0
25730;Venezuela;Federal Shipping;2023;16;0
25731;Venezuela;Federal Shipping;2016;8;0
25732;UK;Federal Shipping;2018;2;0
25733;Sweden;Federal Shipping;2013;7;1
25734;Venezuela;Federal Shipping;2020;16;1
25735;Brazil;United Package;2012;1;0
25736;Poland;United Package;2015;9;0
25737;Brazil;United Package;2017;6;1
25738;Brazil;Federal Shipping;2016;14;1
25739;Italy;Federal Shipping;2015;3;0
25740;Italy;Speedy Express;2015;9;0
25741;France;United Package;2023;19;1
25742;Venezuela;United Package;2014;2;0
25743;Belgium;Federal Shipping;2021;13;1
25744;Spain;Speedy Express;2019;1;0
25745;Belgium;Federal Shipping;2015;3;0
25746;Germany;United Package;2014;4;0
25747;UK;Speedy Express;2020;11;1
25748;Brazil;United Package;2015;15;1
25749;Mexico;United Package;2015;4;0
25750;USA;Federal Shipping;2014;3;0
25751;France;Speedy Express;2012;0;0
25752;Germany;Federal Shipping;2021;1;0
25753;UK;Speedy Express;2012;1;0
25754;USA;Speedy Express;2013;6;1
25755;Germany;Federal Shipping;2019;23;1
25756;Venezuela;Speedy Express;2019;16;1
25757;USA;United Package;2019;1;0
25758;Germany;Federal Shipping;2018;8;0
25759;Mexico;United Package;2013;1;0
25760;Belgium;Federal Shipping;2014;7;0
25761;Belgium;Federal Shipping;2017;14;0
25762;Brazil;Federal Shipping;2013;7;0
25763;Argentina;Federal Shipping;2018;6;0
25764;USA;Speedy Express;2019;7;1
25765;UK;Federal Shipping;2020;7;1
25766;Germany;Speedy Express;2013;1;0
25767;Ireland;United Package;2018;1;0
25768;Austria;Speedy Express;2018;1;0
25769;USA;Federal Shipping;2014;9;0
25770;Ireland;Federal Shipping;2015;20;0
25771;USA;Federal Shipping;2017;0;0
25772;Italy;Federal Shipping;2020;0;0
25773;Germany;United Package;2020;1;0
25774;Argentina;United Package;2019;1;0
25775;USA;Federal Shipping;2023;2;0
25776;Germany;Federal Shipping;2017;23;1
25777;Brazil;United Package;2021;3;0
25778;France;Speedy Express;2018;18;1
25779;Poland;Speedy Express;2017;15;0
25780;Poland;Speedy Express;2016;1;0
25781;France;Speedy Express;2017;2;0
25782;UK;United Package;2016;16;0
25783;France;Federal Shipping;2019;7;1
25784;UK;Federal Shipping;2015;26;1
25785;Venezuela;United Package;2021;2;0
25786;France;Speedy Express;2020;3;0
25787;France;United Package;2021;10;0
25788;USA;United Package;2023;1;0
25789;Germany;United Package;2020;10;0
25790;Canada;Federal Shipping;2015;1;0
25791;Portugal;Federal Shipping;2013;4;0
25792;Mexico;Speedy Express;2016;1;0
25793;Argentina;Federal Shipping;2020;8;1
25794;Germany;Federal Shipping;2021;26;1
25795;Canada;Speedy Express;2019;18;1
25796;France;Federal Shipping;2013;2;0
25797;Belgium;Speedy Express;2017;19;1
25798;USA;United Package;2022;6;0
25799;UK;Speedy Express;2013;3;1
25800;UK;Speedy Express;2016;10;0
25801;Brazil;Federal Shipping;2020;8;0
25802;USA;Federal Shipping;2023;0;0
25803;Portugal;Federal Shipping;2016;1;0
25804;Switzerland;Federal Shipping;2023;5;0
25805;USA;Federal Shipping;2014;11;0
25806;Spain;Speedy Express;2015;13;0
25807;Italy;Federal Shipping;2013;1;0
25808;UK;United Package;2020;2;0
25809;UK;United Package;2022;0;0
25810;Germany;Federal Shipping;2017;10;0
25811;Canada;Speedy Express;2016;1;1
25812;Denmark;United Package;2019;3;0
25813;Venezuela;Speedy Express;2022;2;0
25814;France;Speedy Express;2023;10;0
25815;Austria;United Package;2021;2;0
25816;Germany;Speedy Express;2013;11;1
25817;UK;Federal Shipping;2022;5;0
25818;Mexico;Federal Shipping;2014;15;1
25819;USA;United Package;2016;6;0
25820;Poland;United Package;2018;4;0
25821;USA;Federal Shipping;2016;6;0
25822;Austria;Federal Shipping;2023;1;0
25823;Italy;United Package;2021;15;1
25824;USA;Federal Shipping;2017;17;1
25825;USA;Speedy Express;2016;6;1
25826;Venezuela;Federal Shipping;2022;10;0
25827;Venezuela;Federal Shipping;2021;2;0
25828;Brazil;Speedy Express;2022;5;0
25829;Brazil;United Package;2013;11;0
25830;Poland;Federal Shipping;2020;0;0
25831;USA;Speedy Express;2016;17;0
25832;Spain;Speedy Express;2012;10;0
25833;France;Federal Shipping;2019;18;1
25834;Portugal;United Package;2015;12;0
25835;USA;United Package;2013;10;0
25836;Germany;United Package;2014;16;1
25837;Argentina;Speedy Express;2022;3;1
25838;Mexico;United Package;2018;10;0
25839;France;United Package;2013;16;1
25840;Brazil;Speedy Express;2020;10;1
25841;Brazil;Speedy Express;2015;2;0
25842;Ireland;Speedy Express;2022;7;0
25843;Germany;Speedy Express;2014;13;0
25844;Brazil;Speedy Express;2021;12;1
25845;UK;United Package;2019;9;0
25846;USA;Federal Shipping;2019;1;0
25847;USA;United Package;2018;2;0
25848;Mexico;Federal Shipping;2019;12;0
25849;Austria;United Package;2022;4;0
25850;Germany;United Package;2016;5;1
25851;Venezuela;Federal Shipping;2022;3;0
25852;Germany;Speedy Express;2021;20;1
25853;Argentina;Speedy Express;2021;6;0
25854;Belgium;Speedy Express;2014;9;0
25855;Germany;Federal Shipping;2014;20;1
25856;Brazil;Speedy Express;2022;2;0
25857;France;United Package;2013;5;0
25858;Austria;Federal Shipping;2019;13;0
25859;Venezuela;Federal Shipping;2020;8;0
25860;USA;United Package;2019;3;0
25861;Brazil;Federal Shipping;2020;2;0
25862;Germany;Speedy Express;2016;17;0
25863;UK;Federal Shipping;2020;11;0
25864;Brazil;Speedy Express;2023;5;0
25865;UK;Speedy Express;2014;2;0
25866;Sweden;Speedy Express;2023;9;1
25867;USA;Federal Shipping;2016;1;0
25868;Argentina;Speedy Express;2023;5;0
25869;Germany;Speedy Express;2020;15;0
25870;Brazil;Speedy Express;2020;5;0
25871;France;Speedy Express;2021;11;1
25872;Poland;Federal Shipping;2017;14;0
25873;Norway;Federal Shipping;2016;2;0
25874;USA;United Package;2019;10;0
25875;France;United Package;2015;3;0
25876;Brazil;United Package;2018;12;0
25877;Portugal;United Package;2012;8;0
25878;France;Speedy Express;2021;3;0
25879;France;Federal Shipping;2020;12;0
25880;Portugal;Federal Shipping;2013;8;1
25881;Brazil;Speedy Express;2015;21;0
25882;Spain;Speedy Express;2016;15;1
25883;Germany;United Package;2017;10;0
25884;Spain;Speedy Express;2013;6;0
25885;Brazil;United Package;2016;17;0
25886;Brazil;Speedy Express;2012;18;0
25887;Italy;Speedy Express;2021;14;0
25888;Brazil;Federal Shipping;2022;7;1
25889;Germany;Speedy Express;2020;17;1
25890;Germany;United Package;2015;1;0
25891;Mexico;United Package;2023;10;0
25892;Brazil;Federal Shipping;2015;7;0
25893;Mexico;Speedy Express;2019;17;1
25894;UK;United Package;2018;5;0
25895;Spain;Federal Shipping;2023;15;0
25896;UK;United Package;2019;10;0
25897;Canada;Federal Shipping;2016;19;0
25898;USA;Speedy Express;2022;6;0
25899;Brazil;Federal Shipping;2021;1;0
25900;Denmark;United Package;2018;20;0
25901;USA;United Package;2023;9;1
25902;Venezuela;Federal Shipping;2023;1;0
25903;UK;Federal Shipping;2013;2;0
25904;USA;United Package;2017;5;0
25905;Austria;United Package;2018;25;1
25906;USA;Speedy Express;2016;23;1
25907;Mexico;Federal Shipping;2013;1;0
25908;Brazil;United Package;2018;3;0
25909;Italy;Federal Shipping;2023;4;0
25910;France;United Package;2018;6;0
25911;USA;Speedy Express;2015;4;0
25912;Venezuela;United Package;2018;8;0
25913;Argentina;Federal Shipping;2022;15;1
25914;USA;Speedy Express;2021;10;0
25915;Poland;Speedy Express;2023;18;0
25916;Spain;United Package;2015;1;0
25917;USA;United Package;2018;2;1
25918;USA;Federal Shipping;2019;9;0
25919;Germany;Federal Shipping;2012;2;0
25920;Brazil;Federal Shipping;2016;1;0
25921;Finland;Speedy Express;2015;4;0
25922;Brazil;United Package;2016;16;1
25923;USA;Federal Shipping;2023;8;0
25924;Switzerland;United Package;2016;22;0
25925;UK;Speedy Express;2019;27;0
25926;Venezuela;Federal Shipping;2019;24;0
25927;France;Speedy Express;2013;5;0
25928;Belgium;United Package;2020;4;0
25929;Mexico;United Package;2019;13;0
25930;Poland;Federal Shipping;2012;15;0
25931;France;United Package;2016;12;1
25932;Venezuela;United Package;2023;18;1
25933;Venezuela;Speedy Express;2020;3;1
25934;Norway;Speedy Express;2017;7;0
25935;USA;United Package;2018;9;1
25936;France;United Package;2018;11;0
25937;Mexico;United Package;2013;0;0
25938;UK;Speedy Express;2020;0;0
25939;USA;Speedy Express;2012;7;0
25940;Brazil;Speedy Express;2012;3;0
25941;Brazil;United Package;2021;5;0
25942;USA;Federal Shipping;2023;8;0
25943;Norway;Federal Shipping;2018;11;1
25944;Canada;Federal Shipping;2013;1;0
25945;France;Federal Shipping;2014;2;0
25946;France;United Package;2019;17;1
25947;Denmark;Speedy Express;2021;23;1
25948;USA;United Package;2019;0;0
25949;Sweden;United Package;2016;0;0
25950;France;Federal Shipping;2023;9;0
25951;USA;Speedy Express;2020;7;0
25952;Belgium;Federal Shipping;2017;11;0
25953;USA;Speedy Express;2021;19;0
25954;Denmark;Federal Shipping;2013;19;1
25955;France;United Package;2021;4;0
25956;France;Federal Shipping;2014;10;1
25957;Brazil;Speedy Express;2020;12;1
25958;France;United Package;2023;3;0
25959;Venezuela;Federal Shipping;2023;3;0
25960;Canada;Federal Shipping;2014;16;1
25961;Germany;Speedy Express;2014;1;0
25962;Germany;Speedy Express;2018;2;1
25963;Austria;Speedy Express;2014;3;0
25964;Germany;Federal Shipping;2018;7;0
25965;Canada;Federal Shipping;2018;5;0
25966;USA;Federal Shipping;2021;10;0
25967;Brazil;Speedy Express;2014;3;0
25968;USA;Speedy Express;2023;14;0
25969;Austria;Speedy Express;2015;20;1
25970;Spain;United Package;2014;2;0
25971;Brazil;Speedy Express;2022;0;0
25972;Germany;Federal Shipping;2012;1;0
25973;Mexico;Federal Shipping;2016;7;0
25974;Canada;United Package;2021;15;1
25975;Brazil;United Package;2017;15;1
25976;Venezuela;Federal Shipping;2013;10;1
25977;Spain;United Package;2013;16;1
25978;Poland;Speedy Express;2021;10;0
25979;Germany;United Package;2014;4;0
25980;Ireland;Speedy Express;2023;7;0
25981;Spain;Speedy Express;2022;13;0
25982;Denmark;United Package;2014;20;0
25983;USA;United Package;2016;4;0
25984;Ireland;United Package;2020;16;1
25985;Portugal;Federal Shipping;2018;1;0
25986;Venezuela;United Package;2015;2;0
25987;UK;Speedy Express;2020;1;0
25988;UK;Speedy Express;2015;9;0
25989;Canada;Speedy Express;2018;0;0
25990;Sweden;Speedy Express;2017;11;0
25991;Mexico;Federal Shipping;2018;24;1
25992;USA;Federal Shipping;2017;4;0
25993;France;United Package;2015;22;0
25994;USA;Speedy Express;2021;2;0
25995;USA;United Package;2023;5;0
25996;Finland;Federal Shipping;2012;15;1
25997;France;Federal Shipping;2016;3;0
25998;Finland;Speedy Express;2017;1;0
25999;UK;United Package;2012;5;0
26000;UK;Speedy Express;2015;1;0
26001;Brazil;Federal Shipping;2015;1;0
26002;France;Speedy Express;2017;18;0
26003;France;Federal Shipping;2016;2;0
26004;Germany;United Package;2015;23;1
26005;USA;United Package;2014;1;0
26006;USA;Speedy Express;2018;3;0
26007;Finland;Speedy Express;2013;13;1
26008;UK;United Package;2013;16;0
26009;USA;Federal Shipping;2017;1;0
26010;UK;United Package;2021;23;1
26011;France;Speedy Express;2014;3;1
26012;USA;Federal Shipping;2018;2;0
26013;Mexico;Speedy Express;2015;16;1
26014;UK;Speedy Express;2019;2;0
26015;Brazil;United Package;2015;7;0
26016;Canada;United Package;2012;7;1
26017;Spain;Speedy Express;2018;18;1
26018;USA;Federal Shipping;2021;2;1
26019;Germany;United Package;2016;2;0
26020;Germany;United Package;2014;3;0
26021;UK;Speedy Express;2012;12;1
26022;Spain;Federal Shipping;2019;17;0
26023;Brazil;Speedy Express;2017;22;1
26024;Canada;United Package;2017;11;0
26025;France;Federal Shipping;2013;10;0
26026;Brazil;Federal Shipping;2017;24;1
26027;Germany;United Package;2018;1;0
26028;USA;Speedy Express;2016;13;0
26029;Argentina;Federal Shipping;2014;7;1
26030;Sweden;Federal Shipping;2013;23;1
26031;Venezuela;Federal Shipping;2013;5;0
26032;USA;Speedy Express;2015;25;1
26033;Mexico;Federal Shipping;2014;7;1
26034;France;Federal Shipping;2017;5;1
26035;Portugal;United Package;2023;15;1
26036;Germany;Speedy Express;2013;3;0
26037;Denmark;Speedy Express;2022;22;0
26038;France;Federal Shipping;2022;1;0
26039;Brazil;United Package;2013;19;1
26040;Sweden;United Package;2018;6;0
26041;Belgium;United Package;2017;8;1
26042;Brazil;United Package;2023;15;0
26043;Venezuela;Speedy Express;2013;1;0
26044;USA;United Package;2019;1;0
26045;Denmark;United Package;2014;13;0
26046;France;United Package;2014;21;1
26047;USA;United Package;2016;11;0
26048;USA;Federal Shipping;2012;12;1
26049;Denmark;United Package;2021;6;0
26050;Canada;Speedy Express;2016;2;0
26051;France;Speedy Express;2019;3;0
26052;Finland;Speedy Express;2020;1;0
26053;France;United Package;2013;12;0
26054;Belgium;Speedy Express;2015;12;0
26055;Denmark;United Package;2020;2;0
26056;France;Speedy Express;2021;17;1
26057;Argentina;Speedy Express;2023;16;0
26058;Germany;Speedy Express;2020;22;0
26059;France;United Package;2012;1;0
26060;Canada;Federal Shipping;2018;2;0
26061;France;United Package;2017;1;0
26062;Sweden;United Package;2019;3;0
26063;France;United Package;2013;6;0
26064;USA;Speedy Express;2017;11;0
26065;Finland;Speedy Express;2016;7;0
26066;Denmark;United Package;2016;27;0
26067;France;United Package;2020;1;0
26068;Venezuela;Federal Shipping;2020;9;1
26069;Germany;Speedy Express;2019;12;1
26070;USA;United Package;2015;18;1
26071;USA;United Package;2016;9;0
26072;USA;Speedy Express;2016;8;0
26073;USA;Speedy Express;2019;0;0
26074;Sweden;United Package;2014;6;1
26075;Poland;Speedy Express;2022;3;0
26076;Portugal;Federal Shipping;2017;3;0
26077;Switzerland;United Package;2018;22;1
26078;Italy;Federal Shipping;2019;0;0
26079;Switzerland;Federal Shipping;2015;7;0
26080;USA;Federal Shipping;2020;8;1
26081;USA;Speedy Express;2023;13;0
26082;UK;Federal Shipping;2019;1;0
26083;Venezuela;Federal Shipping;2018;7;0
26084;USA;Federal Shipping;2014;2;0
26085;France;Federal Shipping;2015;1;0
26086;Brazil;Speedy Express;2012;16;0
26087;France;Speedy Express;2020;4;0
26088;Venezuela;United Package;2021;3;0
26089;Mexico;Speedy Express;2022;0;0
26090;Germany;United Package;2018;2;0
26091;UK;United Package;2013;4;0
26092;France;Federal Shipping;2020;6;0
26093;UK;Speedy Express;2013;3;0
26094;Finland;United Package;2012;1;0
26095;Venezuela;Federal Shipping;2013;0;0
26096;Germany;Speedy Express;2016;1;0
26097;Canada;United Package;2020;1;0
26098;USA;United Package;2020;7;0
26099;Spain;Speedy Express;2019;9;0
26100;Mexico;Federal Shipping;2021;15;1
26101;Germany;Federal Shipping;2018;13;0
26102;France;Speedy Express;2015;9;1
26103;Germany;Federal Shipping;2020;3;0
26104;UK;Federal Shipping;2014;15;1
26105;Mexico;Federal Shipping;2017;15;1
26106;Belgium;Federal Shipping;2015;8;1
26107;France;Speedy Express;2020;14;0
26108;Canada;Speedy Express;2014;11;0
26109;Norway;United Package;2023;1;0
26110;Norway;United Package;2022;1;0
26111;Canada;United Package;2015;3;1
26112;Argentina;Federal Shipping;2017;1;0
26113;USA;United Package;2013;28;1
26114;Spain;Speedy Express;2016;8;0
26115;Austria;Speedy Express;2022;19;0
26116;Switzerland;Speedy Express;2018;1;0
26117;Portugal;Speedy Express;2022;0;0
26118;Canada;Speedy Express;2014;18;0
26119;Venezuela;Federal Shipping;2015;10;0
26120;Sweden;Speedy Express;2014;9;1
26121;Brazil;United Package;2021;0;0
26122;France;Federal Shipping;2018;2;0
26123;Poland;Federal Shipping;2021;16;0
26124;France;United Package;2019;9;0
26125;Brazil;United Package;2018;4;0
26126;Austria;Speedy Express;2015;6;0
26127;UK;Federal Shipping;2013;9;0
26128;Brazil;Federal Shipping;2015;28;1
26129;Brazil;Speedy Express;2018;8;1
26130;UK;Speedy Express;2018;15;1
26131;USA;United Package;2015;1;0
26132;Brazil;Speedy Express;2013;2;1
26133;Denmark;Speedy Express;2017;14;1
26134;Canada;Federal Shipping;2012;13;0
26135;USA;United Package;2016;13;0
26136;Belgium;United Package;2017;10;1
26137;USA;Federal Shipping;2017;6;0
26138;France;Federal Shipping;2020;3;0
26139;Portugal;Speedy Express;2015;0;0
26140;Spain;United Package;2015;8;0
26141;Germany;Federal Shipping;2017;15;1
26142;Canada;Speedy Express;2021;27;1
26143;UK;United Package;2022;5;0
26144;USA;United Package;2017;4;0
26145;France;United Package;2013;15;0
26146;USA;Federal Shipping;2019;18;0
26147;Brazil;Speedy Express;2015;5;0
26148;Brazil;Speedy Express;2022;3;0
26149;UK;United Package;2021;27;1
26150;France;Speedy Express;2018;17;1
26151;Germany;Speedy Express;2019;11;0
26152;Mexico;Speedy Express;2013;11;1
26153;Canada;United Package;2022;6;0
26154;France;Federal Shipping;2016;6;0
26155;France;Speedy Express;2012;18;1
26156;Germany;Federal Shipping;2016;2;0
26157;France;Speedy Express;2016;2;0
26158;Brazil;Speedy Express;2012;23;0
26159;UK;Speedy Express;2021;3;0
26160;USA;Federal Shipping;2013;5;0
26161;France;Federal Shipping;2015;18;1
26162;France;United Package;2022;1;0
26163;UK;United Package;2015;3;0
26164;Switzerland;United Package;2017;11;0
26165;UK;Speedy Express;2015;1;0
26166;USA;Federal Shipping;2019;14;0
26167;France;Speedy Express;2012;3;0
26168;Mexico;Federal Shipping;2014;18;0
26169;Canada;Federal Shipping;2023;1;0
26170;Canada;Speedy Express;2018;13;1
26171;Germany;United Package;2018;10;1
26172;USA;United Package;2018;7;0
26173;UK;United Package;2021;3;0
26174;Sweden;Federal Shipping;2014;6;1
26175;Finland;Federal Shipping;2017;5;0
26176;USA;Federal Shipping;2015;13;0
26177;Spain;United Package;2019;12;0
26178;Germany;Federal Shipping;2023;19;0
26179;Germany;Speedy Express;2017;4;0
26180;USA;Federal Shipping;2020;18;0
26181;Germany;Speedy Express;2018;28;0
26182;Switzerland;Federal Shipping;2017;15;0
26183;Germany;Speedy Express;2014;0;0
26184;Denmark;Federal Shipping;2019;14;1
26185;USA;Speedy Express;2014;2;0
26186;Argentina;Speedy Express;2020;21;1
26187;USA;Federal Shipping;2016;26;1
26188;Germany;Federal Shipping;2017;4;0
26189;Argentina;Federal Shipping;2013;2;0
26190;Poland;Speedy Express;2022;13;0
26191;Norway;United Package;2021;18;1
26192;France;Federal Shipping;2013;18;0
26193;Brazil;United Package;2018;12;0
26194;Spain;Federal Shipping;2019;3;0
26195;UK;Federal Shipping;2013;13;1
26196;USA;Speedy Express;2012;1;0
26197;France;Federal Shipping;2017;25;1
26198;USA;United Package;2018;4;0
26199;UK;United Package;2014;11;0
26200;Spain;Federal Shipping;2016;18;1
26201;Brazil;Federal Shipping;2013;17;0
26202;Denmark;Speedy Express;2016;1;0
26203;Brazil;Speedy Express;2021;16;1
26204;Finland;United Package;2023;0;0
26205;Mexico;Speedy Express;2015;4;0
26206;Norway;United Package;2013;1;0
26207;Denmark;Federal Shipping;2020;15;0
26208;Canada;Federal Shipping;2022;2;0
26209;Germany;Federal Shipping;2020;22;1
26210;USA;Speedy Express;2022;18;1
26211;USA;Speedy Express;2014;5;0
26212;UK;Speedy Express;2017;0;0
26213;Venezuela;Federal Shipping;2014;7;0
26214;Denmark;United Package;2019;6;0
26215;Germany;United Package;2019;4;0
26216;Finland;United Package;2023;6;0
26217;Mexico;United Package;2014;4;0
26218;USA;United Package;2021;8;0
26219;USA;Federal Shipping;2023;8;0
26220;Brazil;United Package;2022;2;0
26221;USA;Speedy Express;2022;6;1
26222;USA;Speedy Express;2015;3;0
26223;France;United Package;2019;6;1
26224;France;Speedy Express;2021;2;0
26225;Mexico;United Package;2022;1;0
26226;Brazil;Federal Shipping;2017;15;1
26227;USA;Federal Shipping;2020;12;1
26228;France;Federal Shipping;2016;1;0
26229;Germany;United Package;2012;24;1
26230;Spain;Speedy Express;2012;4;0
26231;Germany;Speedy Express;2018;1;0
26232;France;Speedy Express;2018;10;1
26233;France;Federal Shipping;2021;2;0
26234;Mexico;Federal Shipping;2019;21;0
26235;Brazil;Federal Shipping;2014;11;0
26236;Venezuela;Speedy Express;2013;14;1
26237;Germany;Federal Shipping;2017;5;0
26238;Venezuela;United Package;2016;7;0
26239;Spain;United Package;2017;23;1
26240;Germany;Federal Shipping;2012;4;1
26241;Portugal;Federal Shipping;2012;4;1
26242;Mexico;Federal Shipping;2016;7;0
26243;Finland;United Package;2016;6;0
26244;Poland;Speedy Express;2019;7;0
26245;Finland;United Package;2022;8;0
26246;Argentina;United Package;2020;4;0
26247;Argentina;United Package;2020;5;1
26248;Italy;United Package;2017;0;1
26249;Germany;Speedy Express;2014;1;0
26250;Germany;Federal Shipping;2012;16;0
26251;USA;United Package;2021;2;0
26252;Venezuela;Speedy Express;2020;1;0
26253;Argentina;Federal Shipping;2012;7;0
26254;USA;Speedy Express;2022;10;0
26255;USA;United Package;2018;0;0
26256;Mexico;United Package;2023;15;0
26257;Denmark;Federal Shipping;2022;3;0
26258;Mexico;Federal Shipping;2013;7;0
26259;Sweden;Federal Shipping;2021;6;0
26260;Mexico;United Package;2020;5;0
26261;France;Federal Shipping;2023;5;0
26262;UK;United Package;2023;5;0
26263;Venezuela;Federal Shipping;2021;7;1
26264;Brazil;Federal Shipping;2013;26;1
26265;Norway;United Package;2018;1;0
26266;Germany;Federal Shipping;2014;23;1
26267;Austria;Federal Shipping;2020;2;0
26268;Germany;United Package;2014;20;1
26269;Germany;United Package;2015;2;0
26270;Argentina;Federal Shipping;2014;6;0
26271;USA;Federal Shipping;2016;8;0
26272;Germany;Speedy Express;2021;1;0
26273;France;Federal Shipping;2023;1;0
26274;Austria;United Package;2021;18;0
26275;Canada;United Package;2019;12;0
26276;Mexico;United Package;2022;2;0
26277;France;Speedy Express;2017;8;0
26278;UK;Speedy Express;2019;10;0
26279;USA;Federal Shipping;2015;7;0
26280;France;Speedy Express;2021;10;1
26281;UK;Federal Shipping;2014;7;0
26282;Denmark;Federal Shipping;2023;22;0
26283;USA;Federal Shipping;2014;2;0
26284;USA;Federal Shipping;2014;0;0
26285;Spain;United Package;2015;10;1
26286;USA;Federal Shipping;2019;12;0
26287;Brazil;Speedy Express;2023;23;1
26288;Germany;Speedy Express;2018;4;0
26289;Germany;United Package;2019;1;0
26290;Spain;Federal Shipping;2021;6;1
26291;Venezuela;Federal Shipping;2013;13;0
26292;Spain;Speedy Express;2015;10;1
26293;USA;Federal Shipping;2019;1;0
26294;France;Federal Shipping;2020;20;1
26295;Argentina;Federal Shipping;2020;15;1
26296;Brazil;Speedy Express;2018;2;0
26297;Belgium;Federal Shipping;2015;10;0
26298;UK;Speedy Express;2012;9;0
26299;UK;Federal Shipping;2016;17;0
26300;USA;Federal Shipping;2013;23;0
26301;UK;Speedy Express;2021;7;0
26302;Brazil;Speedy Express;2014;20;1
26303;USA;Speedy Express;2015;24;1
26304;Canada;United Package;2017;5;0
26305;Belgium;United Package;2021;12;1
26306;France;Speedy Express;2022;4;0
26307;Italy;Federal Shipping;2022;10;1
26308;UK;Federal Shipping;2014;7;0
26309;Mexico;United Package;2017;4;0
26310;USA;Federal Shipping;2016;3;0
26311;Portugal;United Package;2017;8;0
26312;Spain;Speedy Express;2016;26;1
26313;Finland;United Package;2014;2;0
26314;USA;Federal Shipping;2016;8;0
26315;Germany;United Package;2022;17;0
26316;Argentina;Speedy Express;2021;23;1
26317;USA;Federal Shipping;2012;2;0
26318;USA;United Package;2017;4;0
26319;Sweden;Speedy Express;2016;9;0
26320;Switzerland;Speedy Express;2018;11;0
26321;Italy;United Package;2021;12;0
26322;UK;Federal Shipping;2016;3;0
26323;Mexico;Speedy Express;2013;11;1
26324;Brazil;Federal Shipping;2014;5;0
26325;Brazil;United Package;2021;1;0
26326;Belgium;Federal Shipping;2015;8;0
26327;France;Federal Shipping;2018;15;1
26328;Belgium;Speedy Express;2016;12;0
26329;UK;Federal Shipping;2013;25;1
26330;Germany;Federal Shipping;2017;2;0
26331;Canada;Speedy Express;2019;9;0
26332;France;Federal Shipping;2017;17;0
26333;Italy;Federal Shipping;2019;8;1
26334;Mexico;Federal Shipping;2013;0;0
26335;Spain;Federal Shipping;2016;4;1
26336;Germany;United Package;2017;4;1
26337;Switzerland;Speedy Express;2017;2;0
26338;UK;Federal Shipping;2016;0;0
26339;Norway;Speedy Express;2022;1;0
26340;Germany;Federal Shipping;2022;2;0
26341;Argentina;Federal Shipping;2014;9;0
26342;France;United Package;2013;2;0
26343;Switzerland;Speedy Express;2015;3;0
26344;Brazil;United Package;2022;0;0
26345;USA;United Package;2012;4;0
26346;Mexico;United Package;2019;3;0
26347;Italy;Federal Shipping;2022;3;0
26348;Finland;Speedy Express;2016;2;0
26349;USA;Speedy Express;2021;0;0
26350;UK;Federal Shipping;2012;19;0
26351;Germany;Speedy Express;2014;3;0
26352;Finland;United Package;2023;17;1
26353;Germany;Speedy Express;2019;3;0
26354;Germany;Speedy Express;2012;7;0
26355;Sweden;United Package;2023;23;0
26356;Mexico;Federal Shipping;2021;8;0
26357;UK;United Package;2014;1;0
26358;Brazil;United Package;2015;4;0
26359;USA;United Package;2016;6;0
26360;USA;Federal Shipping;2021;0;0
26361;Brazil;Speedy Express;2020;4;1
26362;USA;Federal Shipping;2019;16;1
26363;France;Federal Shipping;2014;8;0
26364;USA;Speedy Express;2017;7;0
26365;Germany;Speedy Express;2015;15;1
26366;Germany;United Package;2021;12;1
26367;Canada;Federal Shipping;2020;4;0
26368;France;Speedy Express;2012;1;0
26369;France;United Package;2015;4;0
26370;Brazil;Federal Shipping;2020;3;0
26371;France;United Package;2022;1;0
26372;Brazil;Federal Shipping;2022;8;0
26373;Finland;Speedy Express;2014;2;0
26374;UK;Speedy Express;2021;5;0
26375;Italy;Federal Shipping;2016;16;1
26376;France;Federal Shipping;2023;7;1
26377;UK;Federal Shipping;2015;2;0
26378;Brazil;United Package;2015;4;1
26379;Mexico;Federal Shipping;2018;3;0
26380;Denmark;Speedy Express;2022;17;1
26381;Sweden;Federal Shipping;2023;3;0
26382;Portugal;Speedy Express;2022;19;1
26383;UK;Speedy Express;2019;2;0
26384;Spain;Federal Shipping;2014;12;1
26385;Austria;Speedy Express;2023;2;0
26386;Spain;Federal Shipping;2017;0;0
26387;Brazil;United Package;2020;9;0
26388;France;United Package;2015;6;0
26389;USA;United Package;2022;6;1
26390;Mexico;Federal Shipping;2022;5;1
26391;Germany;Federal Shipping;2013;0;0
26392;Portugal;Federal Shipping;2017;3;0
26393;USA;Federal Shipping;2021;29;1
26394;Brazil;United Package;2019;15;0
26395;UK;Speedy Express;2023;8;1
26396;USA;Federal Shipping;2021;1;0
26397;France;United Package;2017;15;1
26398;Germany;Speedy Express;2016;13;1
26399;USA;Federal Shipping;2013;26;1
26400;France;Federal Shipping;2021;3;1
26401;France;Federal Shipping;2020;12;0
26402;Italy;United Package;2018;6;0
26403;France;Federal Shipping;2023;14;0
26404;USA;Speedy Express;2017;5;0
26405;Germany;Speedy Express;2023;12;0
26406;Germany;Speedy Express;2022;14;0
26407;Brazil;United Package;2014;1;0
26408;Spain;Speedy Express;2017;0;0
26409;USA;Federal Shipping;2017;5;0
26410;Germany;United Package;2012;4;0
26411;Italy;Speedy Express;2013;2;0
26412;Italy;Federal Shipping;2017;1;0
26413;Italy;Speedy Express;2023;3;0
26414;Germany;Speedy Express;2013;1;0
26415;Mexico;Speedy Express;2021;3;0
26416;USA;Speedy Express;2022;8;0
26417;Finland;Speedy Express;2015;23;1
26418;Belgium;Federal Shipping;2014;17;1
26419;Sweden;Speedy Express;2013;10;0
26420;Germany;Speedy Express;2017;19;1
26421;USA;United Package;2017;14;0
26422;Portugal;Federal Shipping;2013;0;0
26423;USA;United Package;2016;25;0
26424;France;Speedy Express;2016;1;0
26425;UK;United Package;2013;1;0
26426;Germany;United Package;2013;4;0
26427;Norway;United Package;2018;5;0
26428;UK;Federal Shipping;2021;9;1
26429;Germany;United Package;2021;5;1
26430;France;Speedy Express;2022;11;0
26431;Sweden;Speedy Express;2014;9;0
26432;UK;Federal Shipping;2013;7;0
26433;Germany;Federal Shipping;2019;11;0
26434;Brazil;United Package;2020;2;0
26435;France;United Package;2016;3;0
26436;Germany;Speedy Express;2013;29;1
26437;France;Speedy Express;2018;23;1
26438;Finland;United Package;2014;23;1
26439;USA;United Package;2012;6;0
26440;France;Federal Shipping;2014;3;0
26441;France;United Package;2016;0;0
26442;Mexico;Federal Shipping;2015;20;0
26443;France;United Package;2015;4;0
26444;USA;United Package;2016;3;0
26445;USA;United Package;2017;26;0
26446;Germany;United Package;2017;12;1
26447;Sweden;Speedy Express;2023;21;1
26448;USA;United Package;2013;4;0
26449;Germany;Speedy Express;2015;9;0
26450;Norway;Federal Shipping;2021;2;0
26451;Mexico;United Package;2017;14;0
26452;Spain;United Package;2013;2;0
26453;Germany;United Package;2014;19;1
26454;Brazil;Federal Shipping;2015;3;0
26455;Germany;Speedy Express;2022;4;0
26456;Brazil;Speedy Express;2022;15;0
26457;Spain;United Package;2014;14;0
26458;UK;Speedy Express;2012;2;0
26459;USA;United Package;2019;11;0
26460;USA;Speedy Express;2018;9;0
26461;Germany;United Package;2021;17;0
26462;Mexico;Speedy Express;2017;3;0
26463;Brazil;Speedy Express;2022;2;0
26464;Germany;Speedy Express;2020;14;0
26465;UK;Speedy Express;2018;19;1
26466;Brazil;Federal Shipping;2023;8;0
26467;UK;Speedy Express;2020;6;0
26468;Mexico;Speedy Express;2022;18;0
26469;USA;Speedy Express;2013;0;0
26470;Switzerland;Federal Shipping;2019;11;1
26471;Mexico;Federal Shipping;2019;27;1
26472;Portugal;United Package;2021;17;1
26473;Mexico;United Package;2017;0;0
26474;USA;Speedy Express;2017;11;1
26475;Sweden;Speedy Express;2016;18;1
26476;France;Federal Shipping;2014;13;0
26477;Portugal;Speedy Express;2018;1;0
26478;Austria;Federal Shipping;2018;12;0
26479;Venezuela;United Package;2023;4;0
26480;Germany;United Package;2016;26;0
26481;France;United Package;2019;1;0
26482;Germany;Federal Shipping;2013;3;0
26483;Mexico;United Package;2017;12;0
26484;Sweden;United Package;2022;22;1
26485;USA;United Package;2023;7;0
26486;Finland;Federal Shipping;2015;17;1
26487;Denmark;United Package;2018;18;0
26488;USA;Speedy Express;2022;1;0
26489;Spain;Speedy Express;2015;6;0
26490;Argentina;Federal Shipping;2018;0;0
26491;Italy;United Package;2013;4;0
26492;Ireland;Speedy Express;2021;17;0
26493;Spain;Speedy Express;2023;6;0
26494;USA;Speedy Express;2018;0;0
26495;Finland;Speedy Express;2018;7;0
26496;UK;Speedy Express;2017;3;0
26497;Venezuela;Speedy Express;2013;1;0
26498;USA;Federal Shipping;2022;19;1
26499;Portugal;Federal Shipping;2022;7;0
26500;Venezuela;Speedy Express;2017;2;0
26501;Denmark;Federal Shipping;2022;7;0
26502;Portugal;United Package;2023;1;0
26503;Brazil;Speedy Express;2018;3;0
26504;USA;Federal Shipping;2021;0;0
26505;USA;United Package;2013;5;0
26506;USA;Speedy Express;2020;13;0
26507;USA;Speedy Express;2019;10;1
26508;Spain;Speedy Express;2016;15;1
26509;USA;United Package;2017;3;0
26510;Germany;Speedy Express;2023;3;0
26511;Sweden;Speedy Express;2016;13;0
26512;Spain;Speedy Express;2023;10;0
26513;Argentina;Federal Shipping;2016;1;0
26514;Germany;United Package;2018;3;0
26515;Ireland;United Package;2012;15;0
26516;Belgium;Federal Shipping;2018;0;0
26517;Brazil;United Package;2020;20;1
26518;Portugal;United Package;2014;14;0
26519;Germany;Speedy Express;2022;12;1
26520;Mexico;United Package;2013;14;1
26521;Spain;Federal Shipping;2018;0;0
26522;Canada;Federal Shipping;2017;26;0
26523;UK;Speedy Express;2015;10;0
26524;Austria;Speedy Express;2018;2;0
26525;Brazil;Speedy Express;2012;3;0
26526;Mexico;United Package;2022;5;0
26527;France;Federal Shipping;2022;14;1
26528;USA;United Package;2020;1;0
26529;UK;United Package;2023;0;0
